"sample","assigned_subtype","max_score","score","risk","subtype.subtype.score","subtype.subtype","subtype.Angiogenic.proba","subtype.nonAngiogenic.proba"
"8fd3c3ec-c5c5-4ded-bcbb-387ddc1ba5f7.rna_seq.augmented_star_gene_counts.tsv","nonAngiogenic",0.999940453951238,0.62591971055587,0,0.62591971055587,"nonAngiogenic",5.95460487623675e-05,0.999940453951238
"c42ab178-9ded-405c-8eab-69583c4b1ad0.rna_seq.augmented_star_gene_counts.tsv","nonAngiogenic",0.999939250018307,0.624137091508436,0,0.624137091508436,"nonAngiogenic",6.07499816925598e-05,0.999939250018307
"04eeb9f5-2fd6-4df3-ade8-cdb8d77f4273.rna_seq.augmented_star_gene_counts.tsv","nonAngiogenic",0.999958191370921,0.65741378995013,0,0.65741378995013,"nonAngiogenic",4.18086290790103e-05,0.999958191370921
"a14ac53b-7e97-46f3-9dce-41a2a9010f17.rna_seq.augmented_star_gene_counts.tsv","nonAngiogenic",0.999941098954213,0.626889626823296,0,0.626889626823296,"nonAngiogenic",5.89010457865897e-05,0.999941098954213
"d6326578-95eb-4f9e-967c-47fb32c04166.rna_seq.augmented_star_gene_counts.tsv","nonAngiogenic",0.999957827508443,0.656642098861171,0,0.656642098861171,"nonAngiogenic",4.21724915573849e-05,0.999957827508443
"a761adf7-b265-4d1d-90be-82dbfd776e45.rna_seq.augmented_star_gene_counts.tsv","nonAngiogenic",0.929836942895122,-0.0103036393902769,0,-0.0103036393902769,"nonAngiogenic",0.0701630571048784,0.929836942895122
"86e119a6-1c89-4a1d-9823-2fb95e180ea8.rna_seq.augmented_star_gene_counts.tsv","nonAngiogenic",0.999859106825892,0.549217441985878,0,0.549217441985878,"nonAngiogenic",0.000140893174107757,0.999859106825892
"d6c55f59-f1cd-48bf-9628-94fcfb867bff.rna_seq.augmented_star_gene_counts.tsv","nonAngiogenic",0.999410438923023,0.421712527613227,0,0.421712527613227,"nonAngiogenic",0.000589561076977146,0.999410438923023
"b6bc859c-c245-47ba-9c47-92c1c33d42c8.rna_seq.augmented_star_gene_counts.tsv","nonAngiogenic",1.8195566053324,1.8195566053324,0,1.8195566053324,"nonAngiogenic",8.98635729281945e-11,0.999999999910136
"98990aa6-30f1-4a05-aecb-a13b907c2f57.rna_seq.augmented_star_gene_counts.tsv","nonAngiogenic",0.999721726078701,0.488597001568378,0,0.488597001568378,"nonAngiogenic",0.000278273921299042,0.999721726078701
"7d8d9d6c-b701-4eda-8e36-c36ca7c90903.rna_seq.augmented_star_gene_counts.tsv","nonAngiogenic",0.999997601497805,0.911946961549347,0,0.911946961549347,"nonAngiogenic",2.39850219500354e-06,0.999997601497805
"84e6a0b4-7a1f-4a9a-80b7-b59c6d2132c2.rna_seq.augmented_star_gene_counts.tsv","nonAngiogenic",0.999951473322114,0.644143674732994,0,0.644143674732994,"nonAngiogenic",4.85266778861413e-05,0.999951473322114
"07325efb-fcf8-49b0-8df5-7f403304d90f.rna_seq.augmented_star_gene_counts.tsv","nonAngiogenic",0.999666281136491,0.472412193047635,0,0.472412193047635,"nonAngiogenic",0.000333718863508907,0.999666281136491
"2d7f98e2-8e4c-48aa-9c87-e9953e952689.rna_seq.augmented_star_gene_counts.tsv","nonAngiogenic",0.996036567734889,0.251726575200149,0,0.251726575200149,"nonAngiogenic",0.00396343226511097,0.996036567734889
"8b8765b7-07af-45c1-8aaa-d9facff1b04b.rna_seq.augmented_star_gene_counts.tsv","nonAngiogenic",0.999964148457875,0.671102840373298,0,0.671102840373298,"nonAngiogenic",3.58515421248309e-05,0.999964148457875
"a0361246-7cde-47eb-938d-53b0e2bf236d.rna_seq.augmented_star_gene_counts.tsv","nonAngiogenic",0.997920419637487,0.309327525352848,0,0.309327525352848,"nonAngiogenic",0.00207958036251311,0.997920419637487
"988097d1-159e-415a-9ecd-4bf197308e2c.rna_seq.augmented_star_gene_counts.tsv","nonAngiogenic",0.999865970555131,0.553665460038915,0,0.553665460038915,"nonAngiogenic",0.000134029444868637,0.999865970555131
"e827cb1c-e6f7-4746-b19e-f705c2de32bd.rna_seq.augmented_star_gene_counts.tsv","nonAngiogenic",0.999882009034718,0.565016519251101,0,0.565016519251101,"nonAngiogenic",0.00011799096528156,0.999882009034718
"be31437e-d2d6-4e6b-99e0-42ddb5a4359d.rna_seq.augmented_star_gene_counts.tsv","nonAngiogenic",0.999976896771264,0.71023408102384,0,0.71023408102384,"nonAngiogenic",2.31032287357285e-05,0.999976896771264
"cb9a0bb7-64d1-4fc6-9c3c-6f8ec74e0942.rna_seq.augmented_star_gene_counts.tsv","nonAngiogenic",0.999972177801159,0.693682549306204,0,0.693682549306204,"nonAngiogenic",2.78221988408622e-05,0.999972177801159
"d90d2b4f-8865-440d-a8b7-e0b7c947e095.rna_seq.augmented_star_gene_counts.tsv","nonAngiogenic",0.999991285696842,0.797060306287134,0,0.797060306287134,"nonAngiogenic",8.71430315795774e-06,0.999991285696842
"24ffd67a-b772-47de-a41b-eaa68078ad0e.rna_seq.augmented_star_gene_counts.tsv","nonAngiogenic",0.99901249720718,0.375744665734973,0,0.375744665734973,"nonAngiogenic",0.00098750279282016,0.99901249720718
"0c7faca1-6f1b-4e49-ad84-c56738f1a2e7.rna_seq.augmented_star_gene_counts.tsv","nonAngiogenic",0.999977136056602,0.711161229159359,0,0.711161229159359,"nonAngiogenic",2.28639433977369e-05,0.999977136056602
"f0734d35-0a0c-4753-998c-95af43501b85.rna_seq.augmented_star_gene_counts.tsv","nonAngiogenic",0.999925068716069,0.605452590943808,0,0.605452590943808,"nonAngiogenic",7.49312839305627e-05,0.999925068716069
"a5155edd-d3d9-4df0-9877-7112869c9e80.rna_seq.augmented_star_gene_counts.tsv","nonAngiogenic",0.999984216287398,0.744162467146397,0,0.744162467146397,"nonAngiogenic",1.57837126017073e-05,0.999984216287398
"93831282-1dd1-49a3-acd7-dae2a49ca62e.rna_seq.augmented_star_gene_counts.tsv","nonAngiogenic",0.999756842173453,0.500612633037876,0,0.500612633037876,"nonAngiogenic",0.000243157826547517,0.999756842173453
"95493f7f-1071-44c5-b007-0dd5b8637c29.rna_seq.augmented_star_gene_counts.tsv","nonAngiogenic",0.99998213946618,0.733154298875321,0,0.733154298875321,"nonAngiogenic",1.78605338204801e-05,0.99998213946618
"2e676476-647d-4f26-ab87-d4892fe59dd2.rna_seq.augmented_star_gene_counts.tsv","nonAngiogenic",0.999986808773689,0.760140749501045,0,0.760140749501045,"nonAngiogenic",1.31912263110145e-05,0.999986808773689
"42165baf-b32c-4fc4-8b04-29c5b4e76de0.rna_seq.augmented_star_gene_counts.tsv","nonAngiogenic",0.792543669570223,-0.121070189671582,0,-0.121070189671582,"nonAngiogenic",0.207456330429776,0.792543669570223
"aaf2267a-f643-46a5-809e-f86adec2b915.rna_seq.augmented_star_gene_counts.tsv","nonAngiogenic",0.999973538366077,0.698147518216585,0,0.698147518216585,"nonAngiogenic",2.64616339231634e-05,0.999973538366077
"517eb355-1a15-4344-9f99-d5f3c461d2ef.rna_seq.augmented_star_gene_counts.tsv","Angiogenic",1,-0.323068792597319,1,-0.323068792597319,"Angiogenic",0.716675529829569,0.283324470170431
"ce71f558-2289-42ed-a6fa-d335cbc4eae5.rna_seq.augmented_star_gene_counts.tsv","nonAngiogenic",0.999859109014495,0.549218825483817,0,0.549218825483817,"nonAngiogenic",0.000140890985504831,0.999859109014495
"2c3df990-5540-462f-b852-c94242e3868d.rna_seq.augmented_star_gene_counts.tsv","nonAngiogenic",0.988697382247514,0.157749710768477,0,0.157749710768477,"nonAngiogenic",0.0113026177524864,0.988697382247514
"8ab508b9-2993-4e66-b8f9-81e32e936d4a.rna_seq.augmented_star_gene_counts.tsv","nonAngiogenic",0.999713402583591,0.48597171197256,0,0.48597171197256,"nonAngiogenic",0.000286597416409051,0.999713402583591
"31f82383-f710-4d46-8db5-b59ee094d74a.rna_seq.augmented_star_gene_counts.tsv","nonAngiogenic",0.999990957536222,0.793768435354391,0,0.793768435354391,"nonAngiogenic",9.04246377831634e-06,0.999990957536222
"e77ccd7a-1dda-4c03-bf50-08b5df2b66e7.rna_seq.augmented_star_gene_counts.tsv","nonAngiogenic",0.999813355307207,0.524171906632524,0,0.524171906632524,"nonAngiogenic",0.000186644692792744,0.999813355307207
"a058327f-14ee-4870-8c31-3850f420d312.rna_seq.augmented_star_gene_counts.tsv","nonAngiogenic",0.999722944037992,0.488987725446891,0,0.488987725446891,"nonAngiogenic",0.000277055962007543,0.999722944037992
"524a6f24-3903-46f1-ae2e-eb83a522a0c0.rna_seq.augmented_star_gene_counts.tsv","nonAngiogenic",0.999994244471447,0.833999195953105,0,0.833999195953105,"nonAngiogenic",5.75552855343323e-06,0.999994244471447
"984c9d22-35ae-4d5e-a506-30ef69568d46.rna_seq.augmented_star_gene_counts.tsv","nonAngiogenic",0.999907058216872,0.586269321326921,0,0.586269321326921,"nonAngiogenic",9.29417831276453e-05,0.999907058216872
"615dafd3-130a-4a7c-9e27-a3632c2be831.rna_seq.augmented_star_gene_counts.tsv","nonAngiogenic",0.999978941398313,0.718485984550833,0,0.718485984550833,"nonAngiogenic",2.10586016869737e-05,0.999978941398313
"8b38327a-d165-473f-bc49-2d28305e9689.rna_seq.augmented_star_gene_counts.tsv","nonAngiogenic",0.999428338612172,0.424459685331755,0,0.424459685331755,"nonAngiogenic",0.000571661387827896,0.999428338612172
"2b584a37-d6c1-41f9-98b4-1592ac54a82b.rna_seq.augmented_star_gene_counts.tsv","Angiogenic",1,-0.908615695813581,1,-0.908615695813581,"Angiogenic",0.999449134869716,0.000550865130283611
"bfcea1b8-fb75-4e7b-972b-620d9f1fc3bb.rna_seq.augmented_star_gene_counts.tsv","nonAngiogenic",0.999160660646462,0.390234316338794,0,0.390234316338794,"nonAngiogenic",0.00083933935353794,0.999160660646462
"5a59c958-9d85-4f7b-88ec-4a15a81dae28.rna_seq.augmented_star_gene_counts.tsv","nonAngiogenic",0.999929566214592,0.610965084340726,0,0.610965084340726,"nonAngiogenic",7.04337854079229e-05,0.999929566214592
"318db280-feca-4c65-aaad-a4942357507f.rna_seq.augmented_star_gene_counts.tsv","nonAngiogenic",0.999899887053974,0.579649933336302,0,0.579649933336302,"nonAngiogenic",0.000100112946026085,0.999899887053974
"19fb1859-5fb2-443a-a8ea-d3dd9f5e50b9.rna_seq.augmented_star_gene_counts.tsv","nonAngiogenic",0.999974358237359,0.700950328643468,0,0.700950328643468,"nonAngiogenic",2.56417626405389e-05,0.999974358237359
"02f79514-91bb-4a31-91bc-9c53edd6fef1.rna_seq.augmented_star_gene_counts.tsv","nonAngiogenic",0.999909338568155,0.588481654833884,0,0.588481654833884,"nonAngiogenic",9.06614318454341e-05,0.999909338568155
"04bfa099-3ca5-4db7-ac00-5d0e32744621.rna_seq.augmented_star_gene_counts.tsv","nonAngiogenic",0.999937212655915,0.621199420108644,0,0.621199420108644,"nonAngiogenic",6.27873440852557e-05,0.999937212655915
"def689ea-33c2-40fb-bad7-709d4aa13def.rna_seq.augmented_star_gene_counts.tsv","nonAngiogenic",0.999981187195098,0.728528543443716,0,0.728528543443716,"nonAngiogenic",1.88128049018791e-05,0.999981187195098
"c4e36c8b-6250-4784-bc08-75b7d2549b94.rna_seq.augmented_star_gene_counts.tsv","nonAngiogenic",0.999968694225145,0.683177084033697,0,0.683177084033697,"nonAngiogenic",3.13057748551991e-05,0.999968694225145
"bb5d75c1-c4fb-440f-8f09-0be3dd6b7daf.rna_seq.augmented_star_gene_counts.tsv","nonAngiogenic",0.664749045608682,-0.179469273769481,0,-0.179469273769481,"nonAngiogenic",0.335250954391318,0.664749045608682
"987381dd-ab88-40a1-ade8-e4e3c06ee8a4.rna_seq.augmented_star_gene_counts.tsv","nonAngiogenic",0.99981968225248,0.527243488602294,0,0.527243488602294,"nonAngiogenic",0.00018031774751968,0.99981968225248
"3c94176b-696a-453b-b80a-e7d9e3ee91f8.rna_seq.augmented_star_gene_counts.tsv","nonAngiogenic",0.999922148418335,0.602047682214325,0,0.602047682214325,"nonAngiogenic",7.7851581665135e-05,0.999922148418335
"bba3e52a-fb3f-4339-9969-07f40425e711.rna_seq.augmented_star_gene_counts.tsv","nonAngiogenic",0.996903463514367,0.273784067798352,0,0.273784067798352,"nonAngiogenic",0.0030965364856325,0.996903463514367
"8326bd93-55f7-49be-a164-edfb435de3b5.rna_seq.augmented_star_gene_counts.tsv","nonAngiogenic",0.99999242356279,0.809520606024309,0,0.809520606024309,"nonAngiogenic",7.57643721043264e-06,0.99999242356279
"9d007b37-ba7a-4e85-af1f-1c8aeadda990.rna_seq.augmented_star_gene_counts.tsv","nonAngiogenic",0.986649965164104,0.142739552149146,0,0.142739552149146,"nonAngiogenic",0.0133500348358963,0.986649965164104
"86274ce9-71ad-45a7-88c4-956a1d8bce61.rna_seq.augmented_star_gene_counts.tsv","Angiogenic",1,-0.636020128535562,1,-0.636020128535562,"Angiogenic",0.98836850281601,0.01163149718399
"59fc9086-4b11-4e79-9b53-026e9e9fba53.rna_seq.augmented_star_gene_counts.tsv","nonAngiogenic",0.999965379609298,0.674214712209105,0,0.674214712209105,"nonAngiogenic",3.46203907017815e-05,0.999965379609298
"35f04f9f-3756-4d8d-858f-b49c4c94d4bd.rna_seq.augmented_star_gene_counts.tsv","nonAngiogenic",0.999917079537509,0.59643012718704,0,0.59643012718704,"nonAngiogenic",8.2920462491298e-05,0.999917079537509
"e11fea69-ccfa-4175-9184-bca06a4adbf8.rna_seq.augmented_star_gene_counts.tsv","nonAngiogenic",0.998761622962319,0.355563232431891,0,0.355563232431891,"nonAngiogenic",0.00123837703768124,0.998761622962319
"d41c8245-bc6e-42e5-ad70-58a3ebd5546b.rna_seq.augmented_star_gene_counts.tsv","nonAngiogenic",0.999946197159634,0.63495206331529,0,0.63495206331529,"nonAngiogenic",5.38028403658057e-05,0.999946197159634
"ca7a912e-f2d1-455f-8b5f-3104cc02ac9e.rna_seq.augmented_star_gene_counts.tsv","nonAngiogenic",0.999964568506981,0.672152385969866,0,0.672152385969866,"nonAngiogenic",3.54314930188643e-05,0.999964568506981
"32d18d49-fe09-4929-a5f6-34150f155c3e.rna_seq.augmented_star_gene_counts.tsv","nonAngiogenic",0.999983097442154,0.738063611232123,0,0.738063611232123,"nonAngiogenic",1.69025578459665e-05,0.999983097442154
"920bd9a2-a731-4cb2-874f-14cf09d0d01f.rna_seq.augmented_star_gene_counts.tsv","nonAngiogenic",0.998188389645904,0.321635965138101,0,0.321635965138101,"nonAngiogenic",0.00181161035409622,0.998188389645904
"43c987b0-278d-49c9-a332-8cfcc9bdb05a.rna_seq.augmented_star_gene_counts.tsv","nonAngiogenic",0.999956576814911,0.654039450509868,0,0.654039450509868,"nonAngiogenic",4.34231850886358e-05,0.999956576814911
"ebf7da61-9344-4a92-8b51-05ec9a19a222.rna_seq.augmented_star_gene_counts.tsv","nonAngiogenic",0.999994891208527,0.844613909441043,0,0.844613909441043,"nonAngiogenic",5.10879147339504e-06,0.999994891208527
"207cda7f-138a-4ae2-a6fd-90a003a94073.rna_seq.augmented_star_gene_counts.tsv","nonAngiogenic",0.999898120376508,0.578092018414827,0,0.578092018414827,"nonAngiogenic",0.00010187962349221,0.999898120376508
"872f7c22-17e4-4940-809b-a0970fde369b.rna_seq.augmented_star_gene_counts.tsv","nonAngiogenic",0.999986354159686,0.757123424711277,0,0.757123424711277,"nonAngiogenic",1.36458403136498e-05,0.999986354159686
"95c5928f-acf9-4833-b63c-ad53bfd24ac2.rna_seq.augmented_star_gene_counts.tsv","nonAngiogenic",0.999957070966233,0.655058691486387,0,0.655058691486387,"nonAngiogenic",4.29290337670401e-05,0.999957070966233
"fa7a010e-704d-4b55-b1ee-a6a369ef74b4.rna_seq.augmented_star_gene_counts.tsv","nonAngiogenic",0.731111278034712,-0.151352625632613,0,-0.151352625632613,"nonAngiogenic",0.268888721965288,0.731111278034712
"921df567-b883-4f95-ac75-7c63521b5a95.rna_seq.augmented_star_gene_counts.tsv","nonAngiogenic",0.999290558565424,0.405218609561895,0,0.405218609561895,"nonAngiogenic",0.000709441434576513,0.999290558565424
"2c5a90ae-67c6-46de-b865-1dde61e976bd.rna_seq.augmented_star_gene_counts.tsv","nonAngiogenic",0.999960422497012,0.662297694066541,0,0.662297694066541,"nonAngiogenic",3.95775029881661e-05,0.999960422497012
"511b6838-b0e6-41c3-8c47-6c0dcbf35393.rna_seq.augmented_star_gene_counts.tsv","nonAngiogenic",0.999944051262434,0.631469137332522,0,0.631469137332522,"nonAngiogenic",5.59487375656556e-05,0.999944051262434
"ae54a97a-d99d-4d76-b718-8cc61714b767.rna_seq.augmented_star_gene_counts.tsv","nonAngiogenic",0.99056370320947,0.173988680225887,0,0.173988680225887,"nonAngiogenic",0.00943629679052945,0.99056370320947
"bba445df-c6f7-4257-9093-d4ea69db84a3.rna_seq.augmented_star_gene_counts.tsv","nonAngiogenic",0.999992467628622,0.810040055363136,0,0.810040055363136,"nonAngiogenic",7.53237137772838e-06,0.999992467628622
"d563b5ea-0724-4d07-9b31-9713d6edd332.rna_seq.augmented_star_gene_counts.tsv","nonAngiogenic",0.999981803391798,0.731494209623523,0,0.731494209623523,"nonAngiogenic",1.81966082023654e-05,0.999981803391798
"6ac60ab5-8d16-4e62-9122-0b4d796b9bc0.rna_seq.augmented_star_gene_counts.tsv","nonAngiogenic",0.997934098148285,0.309916414257744,0,0.309916414257744,"nonAngiogenic",0.00206590185171474,0.997934098148285
"fa8ad93c-f08b-4227-9be1-419b5353b160.rna_seq.augmented_star_gene_counts.tsv","nonAngiogenic",0.999981682780434,0.730905898178636,0,0.730905898178636,"nonAngiogenic",1.83172195660932e-05,0.999981682780434
"980e31f1-5128-485e-befe-f68e1df82adb.rna_seq.augmented_star_gene_counts.tsv","nonAngiogenic",0.891707400159084,-0.0526815887887011,0,-0.0526815887887011,"nonAngiogenic",0.108292599840916,0.891707400159084
"e4d2a83e-41fd-44b4-9d2d-80cb3617cfdd.rna_seq.augmented_star_gene_counts.tsv","Angiogenic",1,-0.50840351174244,1,-0.50840351174244,"Angiogenic",0.952990685289888,0.0470093147101118
"34e59c84-b0d2-4373-9a9c-b265b828631e.rna_seq.augmented_star_gene_counts.tsv","nonAngiogenic",0.999988490368434,0.772284528970848,0,0.772284528970848,"nonAngiogenic",1.15096315656277e-05,0.999988490368434
"07742557-d413-4ab1-a624-6a003ba346be.rna_seq.augmented_star_gene_counts.tsv","nonAngiogenic",0.996213170314632,0.255801397692025,0,0.255801397692025,"nonAngiogenic",0.00378682968536796,0.996213170314632
"ecd6ce37-bdda-445f-b855-bc00794f03b1.rna_seq.augmented_star_gene_counts.tsv","nonAngiogenic",0.999847032909995,0.541894551309016,0,0.541894551309016,"nonAngiogenic",0.000152967090004671,0.999847032909995
"41f62365-a65b-4a80-aaab-323f676f67d9.rna_seq.augmented_star_gene_counts.tsv","nonAngiogenic",1.20990127608346,1.20990127608346,0,1.20990127608346,"nonAngiogenic",8.44959528351936e-08,0.999999915504047
"2e844d1a-874f-4972-820e-1d4f89575463.rna_seq.augmented_star_gene_counts.tsv","nonAngiogenic",0.999959729313336,0.660751448649412,0,0.660751448649412,"nonAngiogenic",4.02706866642979e-05,0.999959729313336
"87d7f834-2064-4e3b-9c41-8fbff133f285.rna_seq.augmented_star_gene_counts.tsv","nonAngiogenic",0.999951929249398,0.644984336201764,0,0.644984336201764,"nonAngiogenic",4.80707506016765e-05,0.999951929249398
"d1cc1450-ae0d-42ea-b45f-dd4f8bcbd399.rna_seq.augmented_star_gene_counts.tsv","nonAngiogenic",0.999993174416719,0.818814463954836,0,0.818814463954836,"nonAngiogenic",6.82558328138636e-06,0.999993174416719
"59b900d7-691a-423c-a590-cc9e1f0735dc.rna_seq.augmented_star_gene_counts.tsv","nonAngiogenic",0.816498516310817,-0.107492143904708,0,-0.107492143904708,"nonAngiogenic",0.183501483689183,0.816498516310817
"4e56c9e5-1d7e-4329-96b3-1825863e4fc0.rna_seq.augmented_star_gene_counts.tsv","nonAngiogenic",0.999879257402128,0.562963396280755,0,0.562963396280755,"nonAngiogenic",0.000120742597871932,0.999879257402128
"c1727ac9-43ce-4f5f-b785-7d9f85f944bb.rna_seq.augmented_star_gene_counts.tsv","nonAngiogenic",0.999880636623945,0.563986583234001,0,0.563986583234001,"nonAngiogenic",0.000119363376055122,0.999880636623945
"2e2a3b0d-9b35-47ef-bfa8-98c2519cff9c.rna_seq.augmented_star_gene_counts.tsv","Angiogenic",1,-0.369115934922628,1,-0.369115934922628,"Angiogenic",0.809246255332993,0.190753744667007
"3f97103b-9c36-40df-b3d3-88e9b118f5ce.rna_seq.augmented_star_gene_counts.tsv","Angiogenic",1,-0.999453908701533,1,-0.999453908701533,"Angiogenic",0.999801305520346,0.000198694479654544
"8a8dab8f-000a-46bc-9e8e-de80237aed4c.rna_seq.augmented_star_gene_counts.tsv","nonAngiogenic",0.999994991193333,0.846374019578547,0,0.846374019578547,"nonAngiogenic",5.00880666667389e-06,0.999994991193333
"791c5e20-ea2c-483e-b409-bea457466497.rna_seq.augmented_star_gene_counts.tsv","nonAngiogenic",0.999671847437306,0.473910545375278,0,0.473910545375278,"nonAngiogenic",0.00032815256269441,0.999671847437306
"e790bff9-6d2d-48b7-af55-b1029378322e.rna_seq.augmented_star_gene_counts.tsv","Angiogenic",1,-0.29677964899316,1,-0.29677964899316,"Angiogenic",0.653127408031032,0.346872591968968
"774c4255-87c8-4e0d-9f23-64ac32174a82.rna_seq.augmented_star_gene_counts.tsv","nonAngiogenic",0.999994063924688,0.831248645657025,0,0.831248645657025,"nonAngiogenic",5.93607531188909e-06,0.999994063924688
"7d14ddef-7a1b-4515-9536-3fc4a9b85702.rna_seq.augmented_star_gene_counts.tsv","nonAngiogenic",0.999886846270427,0.568744673250976,0,0.568744673250976,"nonAngiogenic",0.000113153729573285,0.999886846270427
"9b68eedc-cd12-4d48-865c-d69aec556dd4.rna_seq.augmented_star_gene_counts.tsv","nonAngiogenic",0.99999059013946,0.790221832375227,0,0.790221832375227,"nonAngiogenic",9.40986054056133e-06,0.99999059013946
"f0cdf1bd-137e-42cf-a98f-dc9dd37ae19d.rna_seq.augmented_star_gene_counts.tsv","nonAngiogenic",0.997382634560073,0.288797691177737,0,0.288797691177737,"nonAngiogenic",0.00261736543992699,0.997382634560073
"57bfee10-7547-4a15-a774-23ea7e6cf5e9.rna_seq.augmented_star_gene_counts.tsv","nonAngiogenic",0.999978483590847,0.716570754218442,0,0.716570754218442,"nonAngiogenic",2.1516409152799e-05,0.999978483590847
"d0f28c51-328f-4573-a872-a3ef811d18ca.rna_seq.augmented_star_gene_counts.tsv","nonAngiogenic",0.999982165293943,0.733283168700638,0,0.733283168700638,"nonAngiogenic",1.78347060573816e-05,0.999982165293943
"36e1390b-65ee-499f-8247-df984c24547f.rna_seq.augmented_star_gene_counts.tsv","Angiogenic",1,-0.478469308227602,1,-0.478469308227602,"Angiogenic",0.9354212268769,0.0645787731230998
"73fb7bab-b6f9-4411-a0f2-48f884eb5679.rna_seq.augmented_star_gene_counts.tsv","nonAngiogenic",0.979787799024937,0.105182744182416,0,0.105182744182416,"nonAngiogenic",0.0202122009750633,0.979787799024937
"c6996478-e874-456e-ad0c-296658d8baa2.rna_seq.augmented_star_gene_counts.tsv","Angiogenic",1,-0.502207377877502,1,-0.502207377877502,"Angiogenic",0.949773437633059,0.0502265623669407
"0f3919e2-e4d0-4394-9cba-88b8653694a0.rna_seq.augmented_star_gene_counts.tsv","nonAngiogenic",0.99996467189258,0.672412615916788,0,0.672412615916788,"nonAngiogenic",3.53281074201689e-05,0.99996467189258
"25ff83ac-f657-473a-a0d0-fd5e98e2f691.rna_seq.augmented_star_gene_counts.tsv","nonAngiogenic",0.547846691385065,-0.2233316923945,0,-0.2233316923945,"nonAngiogenic",0.452153308614935,0.547846691385065
"ff23c7dc-14a8-43a4-a00b-3bafdc645e46.rna_seq.augmented_star_gene_counts.tsv","nonAngiogenic",0.998607791144051,0.345122587045381,0,0.345122587045381,"nonAngiogenic",0.00139220885594906,0.998607791144051
"24de03d9-8635-4173-ad2b-08d01f7ff27f.rna_seq.augmented_star_gene_counts.tsv","nonAngiogenic",0.999812405774054,0.523719935901818,0,0.523719935901818,"nonAngiogenic",0.00018759422594643,0.999812405774054
"cfdb5780-7a6a-41ec-80f6-1405a06ba81d.rna_seq.augmented_star_gene_counts.tsv","nonAngiogenic",0.999982675477053,0.735867759396246,0,0.735867759396246,"nonAngiogenic",1.73245229465688e-05,0.999982675477053
"f3aafcfa-9e92-4d07-905c-c9b4fdd276c0.rna_seq.augmented_star_gene_counts.tsv","nonAngiogenic",0.999678304953931,0.475680965580024,0,0.475680965580024,"nonAngiogenic",0.000321695046068938,0.999678304953931
"962fb836-bac4-4da3-8705-fe9a5cacde8e.rna_seq.augmented_star_gene_counts.tsv","Angiogenic",1,-1.69566878496342,1,-1.69566878496342,"Angiogenic",0.999999920039755,7.99602448971739e-08
"d936e585-e711-48ec-955f-ef3dc5ca7353.rna_seq.augmented_star_gene_counts.tsv","Angiogenic",1,-1.07675157463194,1,-1.07675157463194,"Angiogenic",0.999916581991273,8.34180087266521e-05
"c18d6e53-5ede-44c8-a80a-0b961d59a094.rna_seq.augmented_star_gene_counts.tsv","Angiogenic",1,-0.396821648080671,1,-0.396821648080671,"Angiogenic",0.852738519217693,0.147261480782307
"c0b634eb-856b-491e-ab86-3088950176d9.rna_seq.augmented_star_gene_counts.tsv","nonAngiogenic",0.999943150055067,0.630046083383956,0,0.630046083383956,"nonAngiogenic",5.68499449327065e-05,0.999943150055067
"bbb907c3-ad29-4255-9b4c-764d052db122.rna_seq.augmented_star_gene_counts.tsv","nonAngiogenic",0.999717790029805,0.487345898367874,0,0.487345898367874,"nonAngiogenic",0.000282209970195387,0.999717790029805
"c0e46d22-7732-4048-b5e9-7e631f7a797a.rna_seq.augmented_star_gene_counts.tsv","nonAngiogenic",0.999219843843252,0.396751060812833,0,0.396751060812833,"nonAngiogenic",0.000780156156747802,0.999219843843252
"391b894d-7639-4e12-97f1-e189233505ff.rna_seq.augmented_star_gene_counts.tsv","nonAngiogenic",0.999984329187257,0.744801739437069,0,0.744801739437069,"nonAngiogenic",1.56708127432312e-05,0.999984329187257
"fcd1465c-ddbb-438c-81c9-9be12b5327af.rna_seq.augmented_star_gene_counts.tsv","nonAngiogenic",0.99999048944331,0.789273943801057,0,0.789273943801057,"nonAngiogenic",9.51055669032523e-06,0.99999048944331
"7a647483-f972-492c-972d-63b7eff7beff.rna_seq.augmented_star_gene_counts.tsv","nonAngiogenic",0.999984743595637,0.747188381653798,0,0.747188381653798,"nonAngiogenic",1.52564043634193e-05,0.999984743595637
"7bac05ec-f793-4b99-b1d1-c848f0c69b60.rna_seq.augmented_star_gene_counts.tsv","nonAngiogenic",0.996409510322594,0.260560053138591,0,0.260560053138591,"nonAngiogenic",0.00359048967740643,0.996409510322594
"cf8f83cf-db75-479f-8f27-f0d74f262c91.rna_seq.augmented_star_gene_counts.tsv","Angiogenic",1,-0.267543738994067,1,-0.267543738994067,"Angiogenic",0.575544168934619,0.424455831065381
"253e8a92-35ff-45b4-bf43-8f52d62ca993.rna_seq.augmented_star_gene_counts.tsv","Angiogenic",1,-0.282059279054954,1,-0.282059279054954,"Angiogenic",0.61479453984576,0.38520546015424
"85db4a2d-ca76-4a24-8f69-c4ae6a781879.rna_seq.augmented_star_gene_counts.tsv","nonAngiogenic",0.999969642730787,0.685916951319613,0,0.685916951319613,"nonAngiogenic",3.03572692129359e-05,0.999969642730787
"bc3bc9f5-e99c-4384-a528-5dc71d1a5a19.rna_seq.augmented_star_gene_counts.tsv","nonAngiogenic",0.999982444387355,0.734687755959337,0,0.734687755959337,"nonAngiogenic",1.755561264446e-05,0.999982444387355
"80fe180c-eb5d-4f12-88fb-112e36a48e46.rna_seq.augmented_star_gene_counts.tsv","nonAngiogenic",0.999945141860007,0.633222221706585,0,0.633222221706585,"nonAngiogenic",5.48581399927732e-05,0.999945141860007
"be93160b-4c67-48f1-8bdf-23d29b8c815d.rna_seq.augmented_star_gene_counts.tsv","nonAngiogenic",0.999927162365288,0.607976355851814,0,0.607976355851814,"nonAngiogenic",7.28376347121038e-05,0.999927162365288
"1521da11-ee78-464f-830f-2111e5713ee9.rna_seq.augmented_star_gene_counts.tsv","nonAngiogenic",0.999799238571911,0.517677923707168,0,0.517677923707168,"nonAngiogenic",0.000200761428088948,0.999799238571911
"3357f780-0eed-4559-9608-c02191b5fad3.rna_seq.augmented_star_gene_counts.tsv","nonAngiogenic",0.999977546800816,0.712775578766286,0,0.712775578766286,"nonAngiogenic",2.24531991845714e-05,0.999977546800816
"dc82e1cb-e108-4727-ba00-1beced69a2f3.rna_seq.augmented_star_gene_counts.tsv","nonAngiogenic",0.674742929080862,-0.175445460245056,0,-0.175445460245056,"nonAngiogenic",0.325257070919138,0.674742929080862
"765e86db-4d7e-4b17-9051-3d7ee32df82a.rna_seq.augmented_star_gene_counts.tsv","nonAngiogenic",0.718116418328949,-0.157152537718538,0,-0.157152537718538,"nonAngiogenic",0.281883581671051,0.718116418328949
"0b5a3a02-abbb-405e-b392-4944e778e2be.rna_seq.augmented_star_gene_counts.tsv","nonAngiogenic",0.961226633341691,0.0454678091805167,0,0.0454678091805167,"nonAngiogenic",0.0387733666583091,0.961226633341691
"68faaf7b-ec8b-4e35-b86d-54f927585c61.rna_seq.augmented_star_gene_counts.tsv","nonAngiogenic",0.999825843298632,0.530339889322029,0,0.530339889322029,"nonAngiogenic",0.000174156701368156,0.999825843298632
"c2be3377-97dd-42be-887d-c9bf57034c98.rna_seq.augmented_star_gene_counts.tsv","nonAngiogenic",0.999930490058039,0.612140925253405,0,0.612140925253405,"nonAngiogenic",6.95099419606924e-05,0.999930490058039
"bd47a9d9-3e0e-4eef-ae47-887016a2df2d.rna_seq.augmented_star_gene_counts.tsv","nonAngiogenic",1.16515134954645,1.16515134954645,0,1.16515134954645,"nonAngiogenic",1.39662102558493e-07,0.999999860337897
"7d0b634a-b842-4f7c-afd3-9ba129e38da1.rna_seq.augmented_star_gene_counts.tsv","nonAngiogenic",0.999982324915945,0.734083780911709,0,0.734083780911709,"nonAngiogenic",1.76750840546186e-05,0.999982324915945
"a0a073aa-4198-4139-b0d3-ce95e1fa4327.rna_seq.augmented_star_gene_counts.tsv","nonAngiogenic",0.999929619077337,0.611031949397588,0,0.611031949397588,"nonAngiogenic",7.03809226624331e-05,0.999929619077337
"1fbf116b-6325-42ef-94d2-dfdda4aa8d9f.rna_seq.augmented_star_gene_counts.tsv","nonAngiogenic",0.999961431114186,0.664596622514004,0,0.664596622514004,"nonAngiogenic",3.85688858142288e-05,0.999961431114186
"1a807944-1fce-4a18-ae2b-f19a8f13e4d7.rna_seq.augmented_star_gene_counts.tsv","nonAngiogenic",0.999997470886491,0.907225095117513,0,0.907225095117513,"nonAngiogenic",2.52911350860743e-06,0.999997470886491
"14ad7b5f-80d5-4271-b46c-bbed630b59bf.rna_seq.augmented_star_gene_counts.tsv","nonAngiogenic",0.999877954337684,0.562007387175209,0,0.562007387175209,"nonAngiogenic",0.000122045662316303,0.999877954337684
"0328d523-1d48-483a-abc6-40787ed24b72.rna_seq.augmented_star_gene_counts.tsv","Angiogenic",1,-1.31959652255628,1,-1.31959652255628,"Angiogenic",0.999994543005488,5.45699451230672e-06
"57904f56-c3b6-4e82-84f2-70b47173d7bc.rna_seq.augmented_star_gene_counts.tsv","nonAngiogenic",0.999979423472976,0.72054827469882,0,0.72054827469882,"nonAngiogenic",2.0576527024522e-05,0.999979423472976
"62c68df4-4b67-4c05-9cf4-f0f2e878b59e.rna_seq.augmented_star_gene_counts.tsv","nonAngiogenic",0.953728696712164,0.029027342271257,0,0.029027342271257,"nonAngiogenic",0.0462713032878361,0.953728696712164
"4ca1b467-0af2-4867-bd68-28bcb2cb1264.rna_seq.augmented_star_gene_counts.tsv","Angiogenic",1,-0.738639427886068,1,-0.738639427886068,"Angiogenic",0.996296288898551,0.00370371110144853
"a08f5098-e161-40dd-b807-216cf71ebcce.rna_seq.augmented_star_gene_counts.tsv","nonAngiogenic",0.999989035343581,0.776604170445659,0,0.776604170445659,"nonAngiogenic",1.09646564188845e-05,0.999989035343581
"dca2da37-67cd-408e-a2da-325550471381.rna_seq.augmented_star_gene_counts.tsv","nonAngiogenic",0.953996483801112,0.0295692042766795,0,0.0295692042766795,"nonAngiogenic",0.0460035161988877,0.953996483801112
"37cd0a64-830c-417b-8df6-71408fa87ecd.rna_seq.augmented_star_gene_counts.tsv","Angiogenic",1,-0.876556138705619,1,-0.876556138705619,"Angiogenic",0.999210605407771,0.000789394592228584
"03c8e4fe-1e07-4ea3-a154-c17c2e8af508.rna_seq.augmented_star_gene_counts.tsv","nonAngiogenic",0.986120024671225,0.13922513053506,0,0.13922513053506,"nonAngiogenic",0.0138799753287753,0.986120024671225
"b6984d71-6903-423e-a1b0-e98ccc3be29f.rna_seq.augmented_star_gene_counts.tsv","Angiogenic",1,-0.77839004251781,1,-0.77839004251781,"Angiogenic",0.997626685466831,0.00237331453316856
"ac2d95d8-5495-476e-860c-5c646b3b740e.rna_seq.augmented_star_gene_counts.tsv","nonAngiogenic",0.525828137012198,-0.231218869773797,0,-0.231218869773797,"nonAngiogenic",0.474171862987802,0.525828137012198
"109c4aee-66f6-4015-8fab-969bd538fd61.rna_seq.augmented_star_gene_counts.tsv","nonAngiogenic",0.73221691769909,-0.150851137706146,0,-0.150851137706146,"nonAngiogenic",0.267783082300909,0.73221691769909
"7370550b-9232-4382-ba1c-5d3ff2a69da1.rna_seq.augmented_star_gene_counts.tsv","nonAngiogenic",0.99998477354423,0.747363364066908,0,0.747363364066908,"nonAngiogenic",1.52264557698351e-05,0.99998477354423
"d9b8df95-099e-400e-895d-9f2d5ce4f348.rna_seq.augmented_star_gene_counts.tsv","nonAngiogenic",0.999955374344013,0.651606888192015,0,0.651606888192015,"nonAngiogenic",4.46256559866749e-05,0.999955374344013
"fa7c3641-365e-469d-86fd-2e6de18e49fc.rna_seq.augmented_star_gene_counts.tsv","nonAngiogenic",0.999859466555686,0.549445129655216,0,0.549445129655216,"nonAngiogenic",0.000140533444314061,0.999859466555686
"03752bc9-46d3-4f39-8313-3050134be0db.rna_seq.augmented_star_gene_counts.tsv","nonAngiogenic",0.998582579759776,0.343522156630752,0,0.343522156630752,"nonAngiogenic",0.00141742024022379,0.998582579759776
"21d6ea46-7964-4c21-8829-13f2cfd99829.rna_seq.augmented_star_gene_counts.tsv","nonAngiogenic",0.994152425061515,0.216924696601233,0,0.216924696601233,"nonAngiogenic",0.00584757493848499,0.994152425061515
"c3955ac8-3d67-448a-9cdd-683afd745ffa.rna_seq.augmented_star_gene_counts.tsv","nonAngiogenic",0.999981375606941,0.729424905742511,0,0.729424905742511,"nonAngiogenic",1.86243930587396e-05,0.999981375606941
"cad2eb6b-0dff-4e52-9d0e-baf5f4997089.rna_seq.augmented_star_gene_counts.tsv","nonAngiogenic",0.999951701510531,0.64456342800737,0,0.64456342800737,"nonAngiogenic",4.82984894690795e-05,0.999951701510531
"91ce2bbd-b743-4250-98c3-42fec28b9d49.rna_seq.augmented_star_gene_counts.tsv","nonAngiogenic",0.981766328935092,0.114536068463442,0,0.114536068463442,"nonAngiogenic",0.0182336710649075,0.981766328935092
"6ec47cac-85ce-4536-a51d-346a0e281261.rna_seq.augmented_star_gene_counts.tsv","nonAngiogenic",0.999995144628143,0.849144576457851,0,0.849144576457851,"nonAngiogenic",4.8553718568378e-06,0.999995144628143
"fdf2c36f-0cee-44d6-8d80-2717b9d044bb.rna_seq.augmented_star_gene_counts.tsv","nonAngiogenic",0.822752808240411,-0.103724578259226,0,-0.103724578259226,"nonAngiogenic",0.177247191759589,0.822752808240411
"5e46819c-e79e-496f-9903-82b5c155a78b.rna_seq.augmented_star_gene_counts.tsv","nonAngiogenic",0.999910167982832,0.589300156274814,0,0.589300156274814,"nonAngiogenic",8.98320171676073e-05,0.999910167982832
"5257902c-d131-4599-aa89-6a318efb0586.rna_seq.augmented_star_gene_counts.tsv","nonAngiogenic",0.99985714220647,0.547984119741482,0,0.547984119741482,"nonAngiogenic",0.00014285779353065,0.99985714220647
"50c62016-a463-4dba-a179-146df17fb5dd.rna_seq.augmented_star_gene_counts.tsv","nonAngiogenic",0.999990227605495,0.78685538488842,0,0.78685538488842,"nonAngiogenic",9.77239450531041e-06,0.999990227605495
"f9e43abb-04fc-45c2-9a74-61a2bea4eeec.rna_seq.augmented_star_gene_counts.tsv","nonAngiogenic",0.999990158238631,0.786225508353309,0,0.786225508353309,"nonAngiogenic",9.84176136898144e-06,0.999990158238631
"b4388ff2-9482-41b4-a80b-a361ec3ef4d8.rna_seq.augmented_star_gene_counts.tsv","nonAngiogenic",0.667411238846096,-0.178403390866827,0,-0.178403390866827,"nonAngiogenic",0.332588761153904,0.667411238846096
"6670929c-6c96-4256-affa-910687f99a45.rna_seq.augmented_star_gene_counts.tsv","nonAngiogenic",0.999996386364444,0.875447687375975,0,0.875447687375975,"nonAngiogenic",3.61363555622075e-06,0.999996386364444
"525a600e-544a-436f-926e-522ad287f188.rna_seq.augmented_star_gene_counts.tsv","nonAngiogenic",0.999857263782542,0.548059947458899,0,0.548059947458899,"nonAngiogenic",0.000142736217458333,0.999857263782542
"a2e43a42-ba42-4666-8431-47d4dc22dba2.rna_seq.augmented_star_gene_counts.tsv","nonAngiogenic",0.999963508720935,0.669527770077392,0,0.669527770077392,"nonAngiogenic",3.64912790652044e-05,0.999963508720935
"d59c9b4d-960f-4fd7-9a78-6b3bd9d31e06.rna_seq.augmented_star_gene_counts.tsv","nonAngiogenic",0.999990954816546,0.793741655646478,0,0.793741655646478,"nonAngiogenic",9.04518345363917e-06,0.999990954816546
"d7735ff1-203e-4a8b-b189-e36fa25da887.rna_seq.augmented_star_gene_counts.tsv","nonAngiogenic",0.999734289837086,0.492712246260876,0,0.492712246260876,"nonAngiogenic",0.000265710162913993,0.999734289837086
"6311e779-54f1-4b2e-b3f0-488145efbd02.rna_seq.augmented_star_gene_counts.tsv","nonAngiogenic",0.999989787895505,0.782936031473519,0,0.782936031473519,"nonAngiogenic",1.02121044946752e-05,0.999989787895505
"6f9bb9a5-b2d8-42c1-94fc-05eb778c1f0d.rna_seq.augmented_star_gene_counts.tsv","nonAngiogenic",0.999845817741961,0.541189821520254,0,0.541189821520254,"nonAngiogenic",0.000154182258038565,0.999845817741961
"d905f784-10c0-466f-b2a9-58b12bf69e1d.rna_seq.augmented_star_gene_counts.tsv","nonAngiogenic",0.999880598953187,0.563958480180235,0,0.563958480180235,"nonAngiogenic",0.000119401046812534,0.999880598953187
"ad4b3bef-a8f4-47ca-b0a2-e7a7dbb0ecdc.rna_seq.augmented_star_gene_counts.tsv","nonAngiogenic",0.999969679945338,0.686026187504627,0,0.686026187504627,"nonAngiogenic",3.03200546614951e-05,0.999969679945338
"807a3beb-0dfc-42b6-9995-1c93b73ce349.rna_seq.augmented_star_gene_counts.tsv","nonAngiogenic",0.99945505389773,0.428724022980298,0,0.428724022980298,"nonAngiogenic",0.000544946102269526,0.99945505389773
"c3482424-68d5-43cd-a75c-a1cefa68e6d0.rna_seq.augmented_star_gene_counts.tsv","nonAngiogenic",0.87142249375511,-0.0700202947417846,0,-0.0700202947417846,"nonAngiogenic",0.12857750624489,0.87142249375511
"13e069ad-b3f9-48e6-93f8-24060058ed43.rna_seq.augmented_star_gene_counts.tsv","nonAngiogenic",0.999991075648392,0.794939283644077,0,0.794939283644077,"nonAngiogenic",8.92435160791811e-06,0.999991075648392
"24fb0a8d-34f2-4cac-9b8c-03c2503a34fd.rna_seq.augmented_star_gene_counts.tsv","nonAngiogenic",0.857934525522561,-0.0802927549007054,0,-0.0802927549007054,"nonAngiogenic",0.142065474477439,0.857934525522561
"8b8aae66-3fb7-4875-81e3-601ccbc3bb82.rna_seq.augmented_star_gene_counts.tsv","nonAngiogenic",0.57737030605898,-0.212644435492945,0,-0.212644435492945,"nonAngiogenic",0.42262969394102,0.57737030605898
"4793d6ae-2289-4825-9d9b-5b217a0837e5.rna_seq.augmented_star_gene_counts.tsv","nonAngiogenic",0.999993391130965,0.821687724502804,0,0.821687724502804,"nonAngiogenic",6.60886903546933e-06,0.999993391130965
"4d8ce68c-cba9-44e2-be95-477c938fdd73.rna_seq.augmented_star_gene_counts.tsv","nonAngiogenic",0.991164431886848,0.179900258641029,0,0.179900258641029,"nonAngiogenic",0.00883556811315243,0.991164431886848
"03462bef-e22d-42c1-8360-f2a3404e698d.rna_seq.augmented_star_gene_counts.tsv","Angiogenic",1,-0.41384900684563,1,-0.41384900684563,"Angiogenic",0.875168658671122,0.124831341328878
"9ae61124-172b-4d16-aadc-bc7c096002cf.rna_seq.augmented_star_gene_counts.tsv","nonAngiogenic",0.999992998834106,0.816552661373778,0,0.816552661373778,"nonAngiogenic",7.00116589444166e-06,0.999992998834106
"2458e827-5ac6-4d31-8ad4-b335e7f787cd.rna_seq.augmented_star_gene_counts.tsv","nonAngiogenic",0.983453154240253,0.123333479212163,0,0.123333479212163,"nonAngiogenic",0.0165468457597467,0.983453154240253
"00d52735-8d5a-405b-a26f-52a4f1ab6df8.rna_seq.augmented_star_gene_counts.tsv","nonAngiogenic",1.06444487444496,1.06444487444496,0,1.06444487444496,"nonAngiogenic",4.32730844668772e-07,0.999999567269155
"94e50abd-1c5d-4267-b36e-25d229716049.rna_seq.augmented_star_gene_counts.tsv","nonAngiogenic",0.988770424979753,0.15833364314163,0,0.15833364314163,"nonAngiogenic",0.0112295750202474,0.988770424979753
"532e54f3-48e3-466f-8d1c-61f62fe31cc4.rna_seq.augmented_star_gene_counts.tsv","nonAngiogenic",0.860260797347314,-0.0785813799818684,0,-0.0785813799818684,"nonAngiogenic",0.139739202652686,0.860260797347314
"88e85e7b-16f4-484a-8f20-541f0900ff44.rna_seq.augmented_star_gene_counts.tsv","nonAngiogenic",0.999566564351369,0.449121522570037,0,0.449121522570037,"nonAngiogenic",0.000433435648631214,0.999566564351369
"7de8593c-b0fc-4a23-a1e9-9a066502777b.rna_seq.augmented_star_gene_counts.tsv","nonAngiogenic",0.999890126363938,0.57136451306796,0,0.57136451306796,"nonAngiogenic",0.000109873636062505,0.999890126363938
"f6e55165-bb0d-4bb1-9f72-f29d355b7b8d.rna_seq.augmented_star_gene_counts.tsv","nonAngiogenic",0.990714096366967,0.175432895677696,0,0.175432895677696,"nonAngiogenic",0.00928590363303293,0.990714096366967
"d6472bd0-b4e2-4ed1-a892-e1702c195dc7.rna_seq.augmented_star_gene_counts.tsv","nonAngiogenic",0.999994338150842,0.835460554748927,0,0.835460554748927,"nonAngiogenic",5.66184915831669e-06,0.999994338150842
"06bfef84-bc96-4d26-a658-3da2432dd948.rna_seq.augmented_star_gene_counts.tsv","nonAngiogenic",0.999978641581525,0.717227061579376,0,0.717227061579376,"nonAngiogenic",2.13584184747901e-05,0.999978641581525
"e7ae8300-261d-4bea-9ecd-3d7f551daefc.rna_seq.augmented_star_gene_counts.tsv","Angiogenic",1,-0.452248316934909,1,-0.452248316934909,"Angiogenic",0.915185538190319,0.0848144618096806
"5d9a6911-c16e-4b16-8d56-2b99a9fbce3f.rna_seq.augmented_star_gene_counts.tsv","nonAngiogenic",0.999935088086021,0.618235835190952,0,0.618235835190952,"nonAngiogenic",6.49119139787805e-05,0.999935088086021
"4d444647-db80-41e2-b7dd-148690e2b3c2.rna_seq.augmented_star_gene_counts.tsv","Angiogenic",1,-0.350088002048131,1,-0.350088002048131,"Angiogenic",0.774071293248451,0.225928706751549
"ecf72b78-167b-4353-87bd-ca38c7c1d0a0.rna_seq.augmented_star_gene_counts.tsv","nonAngiogenic",0.999909083240659,0.588231193585446,0,0.588231193585446,"nonAngiogenic",9.0916759341288e-05,0.999909083240659
"3906ba4a-96da-4833-a237-b402ffe42da5.rna_seq.augmented_star_gene_counts.tsv","nonAngiogenic",0.979010320377106,0.101750887319185,0,0.101750887319185,"nonAngiogenic",0.0209896796228939,0.979010320377106
"793b24af-b8e0-4ecd-a07a-5710a4cb67bc.rna_seq.augmented_star_gene_counts.tsv","nonAngiogenic",0.999989659833456,0.781826249579774,0,0.781826249579774,"nonAngiogenic",1.03401665437806e-05,0.999989659833456
"f5f0cecd-ef58-47e5-a8e9-0788d7f00248.rna_seq.augmented_star_gene_counts.tsv","nonAngiogenic",0.996555286981115,0.264264050061428,0,0.264264050061428,"nonAngiogenic",0.00344471301888529,0.996555286981115
"7ac150f1-a758-4259-b65d-52e51bc3fb1f.rna_seq.augmented_star_gene_counts.tsv","nonAngiogenic",0.999917858636905,0.597270848807895,0,0.597270848807895,"nonAngiogenic",8.21413630949944e-05,0.999917858636905
"0328fb2d-b622-4d82-b5a5-674d30212caa.rna_seq.augmented_star_gene_counts.tsv","Angiogenic",1,-0.688555527307803,1,-0.688555527307803,"Angiogenic",0.993518423112636,0.00648157688736428
"1e36ddde-f989-45b5-a887-d7c6ac41aaeb.rna_seq.augmented_star_gene_counts.tsv","nonAngiogenic",0.999993198307134,0.819126701393808,0,0.819126701393808,"nonAngiogenic",6.80169286576113e-06,0.999993198307134
"1730a0a1-8a5a-4532-a35e-4e4db4a4b4b6.rna_seq.augmented_star_gene_counts.tsv","nonAngiogenic",0.999983931836207,0.742571877612752,0,0.742571877612752,"nonAngiogenic",1.60681637926837e-05,0.999983931836207
"861aa222-1133-4423-9746-6a0d1b8e5163.rna_seq.augmented_star_gene_counts.tsv","nonAngiogenic",0.999963173288025,0.668712913852768,0,0.668712913852768,"nonAngiogenic",3.68267119748604e-05,0.999963173288025
"8e1e205e-342c-4434-a78d-fc206a85003d.rna_seq.augmented_star_gene_counts.tsv","Angiogenic",1,-0.404675140292782,1,-0.404675140292782,"Angiogenic",0.863472324297762,0.136527675702238
"1155a6cd-3dce-40d1-a498-d9843ab20901.rna_seq.augmented_star_gene_counts.tsv","nonAngiogenic",0.999913057325572,0.592211697609204,0,0.592211697609204,"nonAngiogenic",8.69426744279272e-05,0.999913057325572
"de46493c-07c7-4884-9361-8ab7d5cd0a72.rna_seq.augmented_star_gene_counts.tsv","nonAngiogenic",0.999229658615688,0.397879345487697,0,0.397879345487697,"nonAngiogenic",0.000770341384312512,0.999229658615688
"9502e51f-a360-4ca0-92fa-70f78ecf9b04.rna_seq.augmented_star_gene_counts.tsv","nonAngiogenic",0.999949668811046,0.640892165848788,0,0.640892165848788,"nonAngiogenic",5.03311889535066e-05,0.999949668811046
"d34ab5f4-ced0-436d-be8e-28f8f58e228d.rna_seq.augmented_star_gene_counts.tsv","nonAngiogenic",0.999928387922542,0.609487568695071,0,0.609487568695071,"nonAngiogenic",7.16120774578812e-05,0.999928387922542
"0538f774-31e5-4f0f-868e-c651a2551cb3.rna_seq.augmented_star_gene_counts.tsv","nonAngiogenic",0.999983027128607,0.737693928552683,0,0.737693928552683,"nonAngiogenic",1.69728713930234e-05,0.999983027128607
"412e9725-b56c-4b7b-b6cb-6d32ccddb96d.rna_seq.augmented_star_gene_counts.tsv","nonAngiogenic",0.999926725500436,0.607443805389035,0,0.607443805389035,"nonAngiogenic",7.3274499563686e-05,0.999926725500436
"676462aa-e44e-4f39-a9cb-222e8815bdfc.rna_seq.augmented_star_gene_counts.tsv","nonAngiogenic",0.99997245494823,0.694574087407842,0,0.694574087407842,"nonAngiogenic",2.75450517700608e-05,0.99997245494823
"68021dd4-be26-40e0-b69d-de199b6ea838.rna_seq.augmented_star_gene_counts.tsv","nonAngiogenic",0.999820962169818,0.527877948726225,0,0.527877948726225,"nonAngiogenic",0.000179037830181611,0.999820962169818
"ad063208-3c51-45f6-88c8-0a802df75182.rna_seq.augmented_star_gene_counts.tsv","nonAngiogenic",0.92332430355248,-0.0188339387936366,0,-0.0188339387936366,"nonAngiogenic",0.0766756964475204,0.92332430355248
"fb2b534e-f659-4f1f-8f03-7be4818b3547.rna_seq.augmented_star_gene_counts.tsv","nonAngiogenic",0.999979448814305,0.720658016161343,0,0.720658016161343,"nonAngiogenic",2.055118569526e-05,0.999979448814305
"ba7d73f8-16bf-493c-bb33-9121ceda8a89.rna_seq.augmented_star_gene_counts.tsv","nonAngiogenic",0.999950663230519,0.64266928699572,0,0.64266928699572,"nonAngiogenic",4.93367694813714e-05,0.999950663230519
"876a27db-292d-49f1-80b9-da35cb0cb186.rna_seq.augmented_star_gene_counts.tsv","nonAngiogenic",0.999970647721498,0.688915003381585,0,0.688915003381585,"nonAngiogenic",2.9352278502035e-05,0.999970647721498
"278dc83a-1488-4a81-8e24-56b784c77796.rna_seq.augmented_star_gene_counts.tsv","Angiogenic",1,-2.25682022843133,1,-2.25682022843133,"Angiogenic",0.999999999853387,1.46612977139149e-10
"23d2011e-aab7-4dda-b818-55d6fa86503b.rna_seq.augmented_star_gene_counts.tsv","nonAngiogenic",0.999954995542413,0.650854145009598,0,0.650854145009598,"nonAngiogenic",4.500445758702e-05,0.999954995542413
"f691c28c-5b0d-4b28-8b05-030dd07a2b13.rna_seq.augmented_star_gene_counts.tsv","nonAngiogenic",0.500217214561684,-0.240349739616816,0,-0.240349739616816,"nonAngiogenic",0.499782785438316,0.500217214561684
"22a0a810-bcf2-4e89-aa7d-bcbdbf88fb82.rna_seq.augmented_star_gene_counts.tsv","nonAngiogenic",0.999968334013348,0.682158264121768,0,0.682158264121768,"nonAngiogenic",3.16659866520123e-05,0.999968334013348
"037a7fa8-e684-4548-805c-845c3df9e188.rna_seq.augmented_star_gene_counts.tsv","nonAngiogenic",0.99999122499285,0.796442123317204,0,0.796442123317204,"nonAngiogenic",8.77500715036089e-06,0.99999122499285
"e5122ef6-16e7-4c8b-882c-737ace21f6a1.rna_seq.augmented_star_gene_counts.tsv","Angiogenic",1,-1.99088836919961,1,-1.99088836919961,"Angiogenic",0.999999997095268,2.90473184675264e-09
"1c955b7d-6c23-4f92-83d5-d5420d3e6d22.rna_seq.augmented_star_gene_counts.tsv","nonAngiogenic",0.994681341407325,0.225414585834388,0,0.225414585834388,"nonAngiogenic",0.00531865859267534,0.994681341407325
"b44c4388-8fd4-4d11-90f9-bd7497707b73.rna_seq.augmented_star_gene_counts.tsv","nonAngiogenic",0.999974933828405,0.702972112377916,0,0.702972112377916,"nonAngiogenic",2.50661715952204e-05,0.999974933828405
"ba187e93-15e0-4681-9c0f-f4d346cfe1a8.rna_seq.augmented_star_gene_counts.tsv","nonAngiogenic",0.999958781167234,0.658679028890435,0,0.658679028890435,"nonAngiogenic",4.12188327656924e-05,0.999958781167234
"767664c5-0307-4a70-aaea-6601aa45e546.rna_seq.augmented_star_gene_counts.tsv","nonAngiogenic",0.965445610305327,0.0561163522006425,0,0.0561163522006425,"nonAngiogenic",0.0345543896946727,0.965445610305327
"78c61237-b889-4cb8-bb8e-eacd33b3538f.rna_seq.augmented_star_gene_counts.tsv","nonAngiogenic",0.998371662702314,0.33115016015327,0,0.33115016015327,"nonAngiogenic",0.00162833729768582,0.998371662702314
"d94d6def-9d09-4ef8-8fd7-7866664d20dd.rna_seq.augmented_star_gene_counts.tsv","nonAngiogenic",0.986778937871604,0.143615679286795,0,0.143615679286795,"nonAngiogenic",0.013221062128396,0.986778937871604
"04f0900d-efc7-498d-a8eb-aea677094877.rna_seq.augmented_star_gene_counts.tsv","Angiogenic",1,-1.00073882940381,1,-1.00073882940381,"Angiogenic",0.999804151361547,0.000195848638453375
"ce797402-bbd4-4ad0-8b02-b44d6b30f70e.rna_seq.augmented_star_gene_counts.tsv","Angiogenic",1,-1.05943512495003,1,-1.05943512495003,"Angiogenic",0.999898678100554,0.000101321899445929
"72e3b5ff-0679-4d43-a7c2-697635faa1fc.rna_seq.augmented_star_gene_counts.tsv","nonAngiogenic",0.996469393699436,0.262063145450473,0,0.262063145450473,"nonAngiogenic",0.00353060630056351,0.996469393699436
"1d39253a-1714-4371-942f-98acaf24a4f9.rna_seq.augmented_star_gene_counts.tsv","nonAngiogenic",0.505071999605339,-0.238620391255202,0,-0.238620391255202,"nonAngiogenic",0.494928000394661,0.505071999605339
"bf0b1fa1-16b5-44ed-bbdd-535835f2c4e9.rna_seq.augmented_star_gene_counts.tsv","nonAngiogenic",0.999247875517722,0.40001212184802,0,0.40001212184802,"nonAngiogenic",0.000752124482278112,0.999247875517722
"3245bf16-6e24-4585-86c3-6eebac80d2c9.rna_seq.augmented_star_gene_counts.tsv","nonAngiogenic",0.999985426003852,0.751263444754011,0,0.751263444754011,"nonAngiogenic",1.45739961484203e-05,0.999985426003852
"21ff9928-00f0-4b96-8d70-35e9bfad5d40.rna_seq.augmented_star_gene_counts.tsv","nonAngiogenic",0.999954157932556,0.649211920926825,0,0.649211920926825,"nonAngiogenic",4.58420674434685e-05,0.999954157932556
"846a9737-f1d2-4c15-8023-360f22805491.rna_seq.augmented_star_gene_counts.tsv","nonAngiogenic",0.997870943389432,0.30722927628889,0,0.30722927628889,"nonAngiogenic",0.00212905661056761,0.997870943389432
"62bea110-bff8-4d67-a920-77d3f2d85d13.rna_seq.augmented_star_gene_counts.tsv","nonAngiogenic",0.980983298818775,0.110720645819725,0,0.110720645819725,"nonAngiogenic",0.0190167011812248,0.980983298818775
"0b6de433-c314-478c-93bc-2961355b43ce.rna_seq.augmented_star_gene_counts.tsv","nonAngiogenic",0.999593800585855,0.454903256696099,0,0.454903256696099,"nonAngiogenic",0.00040619941414443,0.999593800585855
"e4345410-d8f9-498c-b4fe-d6e951bd1f9c.rna_seq.augmented_star_gene_counts.tsv","nonAngiogenic",0.999982334256929,0.734130855932849,0,0.734130855932849,"nonAngiogenic",1.7665743070675e-05,0.999982334256929
"d779f8e6-b653-4d7e-bfa4-729b9caf329d.rna_seq.augmented_star_gene_counts.tsv","nonAngiogenic",0.999998413569081,0.948756788903331,0,0.948756788903331,"nonAngiogenic",1.58643091897682e-06,0.999998413569081
"eb300488-c9f0-4cb4-9bf5-00fc749360b9.rna_seq.augmented_star_gene_counts.tsv","nonAngiogenic",0.993065389568184,0.201644334819409,0,0.201644334819409,"nonAngiogenic",0.00693461043181571,0.993065389568184
"59fd8143-0e82-4c16-acb3-c54e518248fb.rna_seq.augmented_star_gene_counts.tsv","nonAngiogenic",0.799469725043965,-0.117271585550624,0,-0.117271585550624,"nonAngiogenic",0.200530274956035,0.799469725043965
"cac17859-2779-4a77-98b7-3c6e392f0f1e.rna_seq.augmented_star_gene_counts.tsv","nonAngiogenic",0.999994546677646,0.838802243637854,0,0.838802243637854,"nonAngiogenic",5.45332235417461e-06,0.999994546677646
"8e3391f6-45fe-43c4-8b3d-2d247e75e223.rna_seq.augmented_star_gene_counts.tsv","nonAngiogenic",0.999969653891747,0.685949698114283,0,0.685949698114283,"nonAngiogenic",3.03461082531846e-05,0.999969653891747
"f08b0e14-26ec-4a08-8668-66d0137d72b1.rna_seq.augmented_star_gene_counts.tsv","nonAngiogenic",0.999977694536819,0.713363457116167,0,0.713363457116167,"nonAngiogenic",2.23054631813967e-05,0.999977694536819
"c5de138c-103d-4a75-a2eb-7279c1046d0d.rna_seq.augmented_star_gene_counts.tsv","nonAngiogenic",0.999984428044614,0.745365292284075,0,0.745365292284075,"nonAngiogenic",1.55719553858966e-05,0.999984428044614
"e2282ea0-e21f-439d-899b-55a42119cd50.rna_seq.augmented_star_gene_counts.tsv","nonAngiogenic",0.999807491870254,0.521416905082209,0,0.521416905082209,"nonAngiogenic",0.000192508129745772,0.999807491870254
"e0359ee9-8ff1-4f46-9d5e-6dd51f0d7d6a.rna_seq.augmented_star_gene_counts.tsv","nonAngiogenic",0.999184899721327,0.39284601156357,0,0.39284601156357,"nonAngiogenic",0.000815100278672483,0.999184899721327
"e8725b9d-f94d-4206-bb2b-4f67ad48487a.rna_seq.augmented_star_gene_counts.tsv","nonAngiogenic",0.999861648047895,0.550838492534992,0,0.550838492534992,"nonAngiogenic",0.000138351952104789,0.999861648047895
"161a0325-0f8a-4d41-be34-6740025c4435.rna_seq.augmented_star_gene_counts.tsv","nonAngiogenic",0.99996360470806,0.669762327114751,0,0.669762327114751,"nonAngiogenic",3.63952919400387e-05,0.99996360470806
"2d1f87db-68ea-4a99-beab-ac630a5b407a.rna_seq.augmented_star_gene_counts.tsv","Angiogenic",1,-0.973341034765086,1,-0.973341034765086,"Angiogenic",0.999733616507647,0.000266383492353294
"7477b82e-dc6c-4bf4-ba14-b7d33a867161.rna_seq.augmented_star_gene_counts.tsv","nonAngiogenic",0.944056974271897,0.0112168153996621,0,0.0112168153996621,"nonAngiogenic",0.0559430257281034,0.944056974271897
"4f1e300b-a17e-4226-ab42-802c382ac826.rna_seq.augmented_star_gene_counts.tsv","nonAngiogenic",0.99998654340479,0.758367069053332,0,0.758367069053332,"nonAngiogenic",1.34565952102026e-05,0.99998654340479
"b7b8a33a-46af-4ae9-aea3-a8d18d27c0ab.rna_seq.augmented_star_gene_counts.tsv","nonAngiogenic",0.996849578814862,0.272242959369219,0,0.272242959369219,"nonAngiogenic",0.00315042118513752,0.996849578814862
"6e7487d8-ad27-46b8-9a50-eab558676946.rna_seq.augmented_star_gene_counts.tsv","nonAngiogenic",0.999987143863175,0.762432110816308,0,0.762432110816308,"nonAngiogenic",1.28561368244486e-05,0.999987143863175
"880f1d5d-52b1-494c-83ed-164437af010f.rna_seq.augmented_star_gene_counts.tsv","nonAngiogenic",0.999989708971193,0.782250442077968,0,0.782250442077968,"nonAngiogenic",1.02910288069038e-05,0.999989708971193
"e945ff79-76d6-4466-a346-82305415a268.rna_seq.augmented_star_gene_counts.tsv","nonAngiogenic",0.999981299282857,0.729060708933156,0,0.729060708933156,"nonAngiogenic",1.87007171428557e-05,0.999981299282857
"505c0f45-5452-4d4c-aecf-35d78b41a3b4.rna_seq.augmented_star_gene_counts.tsv","Angiogenic",1,-0.399617769595785,1,-0.399617769595785,"Angiogenic",0.856637985662089,0.143362014337911
"40578293-a4b2-449e-bcdb-f6ae9bfbc3e2.rna_seq.augmented_star_gene_counts.tsv","nonAngiogenic",0.999981513351528,0.730085977148518,0,0.730085977148518,"nonAngiogenic",1.84866484723589e-05,0.999981513351528
"c584aa52-c1dd-4397-8dea-0b7a36ab1f54.rna_seq.augmented_star_gene_counts.tsv","nonAngiogenic",0.99859718553928,0.344445840006216,0,0.344445840006216,"nonAngiogenic",0.00140281446071975,0.99859718553928
"2b12b5be-f274-4a43-b69b-24b736e2bcac.rna_seq.augmented_star_gene_counts.tsv","nonAngiogenic",0.999986855599641,0.760457426163835,0,0.760457426163835,"nonAngiogenic",1.31444003588824e-05,0.999986855599641
"216248b8-0db2-464b-ab1d-0253d71dc54d.rna_seq.augmented_star_gene_counts.tsv","Angiogenic",1,-0.563511783584279,1,-0.563511783584279,"Angiogenic",0.974120944132523,0.0258790558674766
"30351cfc-3af6-45bb-9106-9a1fc6ae7bcc.rna_seq.augmented_star_gene_counts.tsv","nonAngiogenic",1.33867971835362,1.33867971835362,0,1.33867971835362,"nonAngiogenic",1.98971668397691e-08,0.999999980102833
"02d00dd6-708d-46a9-b885-d6d14eed564d.rna_seq.augmented_star_gene_counts.tsv","nonAngiogenic",0.999816996381009,0.525926603082445,0,0.525926603082445,"nonAngiogenic",0.00018300361899129,0.999816996381009
"86f6b100-9d37-4a8a-b3c5-03ec17f83559.rna_seq.augmented_star_gene_counts.tsv","nonAngiogenic",0.999998048333236,0.930305738577712,0,0.930305738577712,"nonAngiogenic",1.9516667635992e-06,0.999998048333236
"53eaeb7f-a3c6-46df-b1ff-fb40cb84912e.rna_seq.augmented_star_gene_counts.tsv","nonAngiogenic",0.999991138834125,0.795572023418397,0,0.795572023418397,"nonAngiogenic",8.86116587485067e-06,0.999991138834125
"f6e1478c-72b3-45ae-a328-bba09df4a0a5.rna_seq.augmented_star_gene_counts.tsv","nonAngiogenic",0.999939355963363,0.624292536524578,0,0.624292536524578,"nonAngiogenic",6.06440366365477e-05,0.999939355963363
"7e2f7b6d-46d7-4b37-86d8-354da4408713.rna_seq.augmented_star_gene_counts.tsv","nonAngiogenic",0.999906678270928,0.585905990707579,0,0.585905990707579,"nonAngiogenic",9.33217290716699e-05,0.999906678270928
"51b41730-a7f8-4b00-9f17-808c5057077f.rna_seq.augmented_star_gene_counts.tsv","nonAngiogenic",0.999989534065747,0.780749647575705,0,0.780749647575705,"nonAngiogenic",1.04659342531198e-05,0.999989534065747
"d329a391-79e4-4ce0-b335-0e8a4074ba58.rna_seq.augmented_star_gene_counts.tsv","nonAngiogenic",0.99998039377729,0.724849858517937,0,0.724849858517937,"nonAngiogenic",1.96062227100598e-05,0.99998039377729
"61b94289-2f3d-45ab-94d9-80278e53da3b.rna_seq.augmented_star_gene_counts.tsv","nonAngiogenic",0.995518158690913,0.240733793832226,0,0.240733793832226,"nonAngiogenic",0.00448184130908729,0.995518158690913
"6965bf9d-d903-428d-91f1-c240967edb77.rna_seq.augmented_star_gene_counts.tsv","nonAngiogenic",0.999910331436561,0.58946235035481,0,0.58946235035481,"nonAngiogenic",8.96685634385722e-05,0.999910331436561
"299f99cd-e2df-4266-a488-4f8f48aa68d9.rna_seq.augmented_star_gene_counts.tsv","nonAngiogenic",1.06359505782897,1.06359505782897,0,1.06359505782897,"nonAngiogenic",4.36880192605731e-07,0.999999563119807
"f25d516a-d4ea-4f89-9f6e-9f41c1634505.rna_seq.augmented_star_gene_counts.tsv","nonAngiogenic",0.999897179627187,0.577273420730562,0,0.577273420730562,"nonAngiogenic",0.000102820372813196,0.999897179627187
"53d87f0d-55f7-473d-b5ec-ccf8d1447ec0.rna_seq.augmented_star_gene_counts.tsv","Angiogenic",1,-1.07939714751057,1,-1.07939714751057,"Angiogenic",0.999919023578661,8.0976421338637e-05
"08a88278-e3c9-4646-8d9f-6913ba17a009.rna_seq.augmented_star_gene_counts.tsv","nonAngiogenic",0.999985261574829,0.750264354725719,0,0.750264354725719,"nonAngiogenic",1.47384251708544e-05,0.999985261574829
"b9ac701c-5ec1-49bb-b988-7799a603981d.rna_seq.augmented_star_gene_counts.tsv","nonAngiogenic",0.999949262380574,0.640175922951099,0,0.640175922951099,"nonAngiogenic",5.0737619425998e-05,0.999949262380574
"99fea937-9d25-46e5-8fcf-b8319d0fa002.rna_seq.augmented_star_gene_counts.tsv","nonAngiogenic",0.999982066010731,0.732788802780946,0,0.732788802780946,"nonAngiogenic",1.79339892690428e-05,0.999982066010731
"d9d0bbf5-4b7e-471b-9481-fe3706d480ab.rna_seq.augmented_star_gene_counts.tsv","nonAngiogenic",0.999998986665836,0.98867295410137,0,0.98867295410137,"nonAngiogenic",1.01333416364595e-06,0.999998986665836
"137283ac-bd8f-424a-bf5b-e70b05b6a3e9.rna_seq.augmented_star_gene_counts.tsv","nonAngiogenic",0.999933153817012,0.615620867692793,0,0.615620867692793,"nonAngiogenic",6.68461829878595e-05,0.999933153817012
"b849f8c0-4937-4e95-bfc7-c8da9340d021.rna_seq.augmented_star_gene_counts.tsv","nonAngiogenic",0.999990309878122,0.787608272435839,0,0.787608272435839,"nonAngiogenic",9.6901218775668e-06,0.999990309878122
"d4a99056-1263-41dd-910a-a5a34394cf42.rna_seq.augmented_star_gene_counts.tsv","nonAngiogenic",0.99977387729648,0.507082158125772,0,0.507082158125772,"nonAngiogenic",0.000226122703520233,0.99977387729648
"24c88f11-3839-493f-9357-f8be5bbadaf6.rna_seq.augmented_star_gene_counts.tsv","nonAngiogenic",0.999693875974987,0.480100483575538,0,0.480100483575538,"nonAngiogenic",0.000306124025013122,0.999693875974987
"d9112d90-1e2f-4359-bf56-7ea55802a50f.rna_seq.augmented_star_gene_counts.tsv","nonAngiogenic",0.999996124657558,0.869221272951821,0,0.869221272951821,"nonAngiogenic",3.87534244194808e-06,0.999996124657558
"3e81ddc0-4479-48c8-a93d-a63b9eb4e8c0.rna_seq.augmented_star_gene_counts.tsv","Angiogenic",1,-0.859829636605289,1,-0.859829636605289,"Angiogenic",0.999047648093657,0.0009523519063433
"41bdbd88-b4b2-4884-8a44-b34656ae4156.rna_seq.augmented_star_gene_counts.tsv","nonAngiogenic",0.999991576825014,0.800086172672867,0,0.800086172672867,"nonAngiogenic",8.42317498557916e-06,0.999991576825014
"c99fbe90-c684-42dd-ba96-66aa1f1295d8.rna_seq.augmented_star_gene_counts.tsv","nonAngiogenic",0.997948268948872,0.310530615159696,0,0.310530615159696,"nonAngiogenic",0.00205173105112781,0.997948268948872
"f43a4550-8d3e-44c5-ad1a-2b0d173809db.rna_seq.augmented_star_gene_counts.tsv","nonAngiogenic",0.700990746292477,-0.164554191534528,0,-0.164554191534528,"nonAngiogenic",0.299009253707523,0.700990746292477
"1d359158-291b-4629-bd6f-0d605ac6afa7.rna_seq.augmented_star_gene_counts.tsv","nonAngiogenic",0.73855767126512,-0.147949341009406,0,-0.147949341009406,"nonAngiogenic",0.261442328734879,0.73855767126512
"8a98119d-760e-49dd-84e7-1b97079b0397.rna_seq.augmented_star_gene_counts.tsv","nonAngiogenic",0.999696146662379,0.480763684365327,0,0.480763684365327,"nonAngiogenic",0.000303853337621054,0.999696146662379
"0cb97f5d-d78d-409e-9b67-30f15d6ac77b.rna_seq.augmented_star_gene_counts.tsv","nonAngiogenic",0.999784930072708,0.511545875872799,0,0.511545875872799,"nonAngiogenic",0.000215069927291897,0.999784930072708
"c2f06573-c165-486c-bf6c-28316a82acaa.rna_seq.augmented_star_gene_counts.tsv","nonAngiogenic",0.999956884666335,0.654673056474202,0,0.654673056474202,"nonAngiogenic",4.31153336647507e-05,0.999956884666335
"ec34b3b2-e9d3-49bb-bc27-6a16103ad51a.rna_seq.augmented_star_gene_counts.tsv","nonAngiogenic",0.998966247185219,0.371664549859682,0,0.371664549859682,"nonAngiogenic",0.00103375281478064,0.998966247185219
"67293c0e-904a-4cc2-ad09-a99d791bd05a.rna_seq.augmented_star_gene_counts.tsv","nonAngiogenic",0.999921263711894,0.601041337844671,0,0.601041337844671,"nonAngiogenic",7.87362881057413e-05,0.999921263711894
"0f3357a3-d579-4b27-a486-1550bc45890d.rna_seq.augmented_star_gene_counts.tsv","nonAngiogenic",0.999958604827714,0.658298855687501,0,0.658298855687501,"nonAngiogenic",4.1395172286323e-05,0.999958604827714
"0526fdf7-a3a0-4e33-b681-d5e3ec7b4a72.rna_seq.augmented_star_gene_counts.tsv","Angiogenic",1,-0.472985086310286,1,-0.472985086310286,"Angiogenic",0.931599682088401,0.0684003179115992
"68f32d39-8608-443c-ac04-95f12812fb72.rna_seq.augmented_star_gene_counts.tsv","nonAngiogenic",1.50549222725745,1.50549222725745,0,1.50549222725745,"nonAngiogenic",3.05672737340554e-09,0.999999996943273
"4383d6c3-b23c-412a-9329-25cd54654941.rna_seq.augmented_star_gene_counts.tsv","nonAngiogenic",0.999966039440906,0.675928372907143,0,0.675928372907143,"nonAngiogenic",3.39605590941648e-05,0.999966039440906
"57439dc1-cb41-424c-ab78-f8d8efa49d27.rna_seq.augmented_star_gene_counts.tsv","nonAngiogenic",0.999457214920015,0.429078054087412,0,0.429078054087412,"nonAngiogenic",0.000542785079985174,0.999457214920015
"e18acf1a-8d53-42a4-917c-1bc7e0a13888.rna_seq.augmented_star_gene_counts.tsv","nonAngiogenic",0.593754719606013,-0.206631585028745,0,-0.206631585028745,"nonAngiogenic",0.406245280393987,0.593754719606013
"960e2805-9b82-4d03-84fe-39fda23c6646.rna_seq.augmented_star_gene_counts.tsv","nonAngiogenic",0.999985691117959,0.752898294191254,0,0.752898294191254,"nonAngiogenic",1.43088820409662e-05,0.999985691117959
"7711187f-5e2a-44eb-804f-c32556a2f02f.rna_seq.augmented_star_gene_counts.tsv","nonAngiogenic",0.999934330095748,0.617201929136291,0,0.617201929136291,"nonAngiogenic",6.56699042519979e-05,0.999934330095748
"cac82d7b-ee82-44eb-8c1d-8371084e6359.rna_seq.augmented_star_gene_counts.tsv","nonAngiogenic",0.999827863737852,0.531379209064274,0,0.531379209064274,"nonAngiogenic",0.000172136262148249,0.999827863737852
"8a7a4704-c698-4291-ba48-207895898a40.rna_seq.augmented_star_gene_counts.tsv","nonAngiogenic",0.998706340175827,0.35166914289238,0,0.35166914289238,"nonAngiogenic",0.00129365982417343,0.998706340175827
"d0cb6e31-ce63-4c74-ad17-b2bcc5bdc053.rna_seq.augmented_star_gene_counts.tsv","nonAngiogenic",0.999895548649086,0.575871804984825,0,0.575871804984825,"nonAngiogenic",0.000104451350913802,0.999895548649086
"caa902d6-c184-4b05-b61c-96c04f7196b0.rna_seq.augmented_star_gene_counts.tsv","nonAngiogenic",0.998066304771488,0.315817490118975,0,0.315817490118975,"nonAngiogenic",0.00193369522851188,0.998066304771488
"61eb62f8-cb54-47af-86e6-b256f6ebebfe.rna_seq.augmented_star_gene_counts.tsv","Angiogenic",1,-0.366547537168101,1,-0.366547537168101,"Angiogenic",0.804754255603869,0.195245744396131
"ecff58ca-03fb-42b8-8da2-c971025a43e8.rna_seq.augmented_star_gene_counts.tsv","nonAngiogenic",0.999979015346038,0.718799244575237,0,0.718799244575237,"nonAngiogenic",2.09846539623876e-05,0.999979015346038
"36aef44f-03b6-4aff-bc8a-dfbc664dd2d0.rna_seq.augmented_star_gene_counts.tsv","nonAngiogenic",0.999981398222476,0.729533107311676,0,0.729533107311676,"nonAngiogenic",1.86017775239663e-05,0.999981398222476
"6ab54953-3d77-4239-bf4a-5a893cf9a43c.rna_seq.augmented_star_gene_counts.tsv","nonAngiogenic",0.998846047855529,0.361858533022939,0,0.361858533022939,"nonAngiogenic",0.00115395214447094,0.998846047855529
"3f58096d-e305-4c10-95ee-0d02486bf53c.rna_seq.augmented_star_gene_counts.tsv","nonAngiogenic",0.999997446157361,0.906358604343762,0,0.906358604343762,"nonAngiogenic",2.55384263942717e-06,0.999997446157361
"e542409d-6a83-430f-9437-7aee6d6be668.rna_seq.augmented_star_gene_counts.tsv","Angiogenic",1,-0.970002473784541,1,-0.970002473784541,"Angiogenic",0.999723442876588,0.000276557123411512
"f2db0392-6666-4458-a93b-e0ec560018c2.rna_seq.augmented_star_gene_counts.tsv","nonAngiogenic",0.999983646079132,0.741002088669844,0,0.741002088669844,"nonAngiogenic",1.63539208676387e-05,0.999983646079132
"71425fe1-3503-4f0b-bcb0-2a35cdea4b0e.rna_seq.augmented_star_gene_counts.tsv","nonAngiogenic",0.999988613080926,0.773239070365538,0,0.773239070365538,"nonAngiogenic",1.13869190740693e-05,0.999988613080926
"dfe1fbdb-b7c2-46f0-ae12-b63a8375b8be.rna_seq.augmented_star_gene_counts.tsv","nonAngiogenic",0.933258148437795,-0.00552497736048518,0,-0.00552497736048518,"nonAngiogenic",0.0667418515622054,0.933258148437795
"872c6084-34b9-4037-88bd-b6cb69b4bf1f.rna_seq.augmented_star_gene_counts.tsv","nonAngiogenic",0.999961617359127,0.665027696410638,0,0.665027696410638,"nonAngiogenic",3.83826408734736e-05,0.999961617359127
"91438de0-6c76-4add-b836-2283ffe21473.rna_seq.augmented_star_gene_counts.tsv","nonAngiogenic",0.999955660607446,0.652179993190002,0,0.652179993190002,"nonAngiogenic",4.4339392553964e-05,0.999955660607446
"24c604c0-2021-4829-b187-f160ee75d6cc.rna_seq.augmented_star_gene_counts.tsv","nonAngiogenic",0.999932155136372,0.614300204622052,0,0.614300204622052,"nonAngiogenic",6.78448636282657e-05,0.999932155136372
"5c58a396-5f7b-4374-a6e7-09f381d945dd.rna_seq.augmented_star_gene_counts.tsv","nonAngiogenic",0.999733802656477,0.492549077717115,0,0.492549077717115,"nonAngiogenic",0.000266197343523456,0.999733802656477
"f03483bb-8ad5-42e2-9b5e-31e7af8edd2f.rna_seq.augmented_star_gene_counts.tsv","nonAngiogenic",1.01532482680403,1.01532482680403,0,1.01532482680403,"nonAngiogenic",7.51230519404685e-07,0.99999924876948
"6b5cd598-f52f-48bc-8256-74a2e98ec04b.rna_seq.augmented_star_gene_counts.tsv","nonAngiogenic",0.999988594381225,0.773092948922456,0,0.773092948922456,"nonAngiogenic",1.14056187752681e-05,0.999988594381225
"3852b0f7-4b5b-444f-b948-f04b2d112b2b.rna_seq.augmented_star_gene_counts.tsv","nonAngiogenic",0.999801268717007,0.518583188514433,0,0.518583188514433,"nonAngiogenic",0.000198731282992824,0.999801268717007
"6bc01daa-5c11-4c87-916f-09e6fec65c5a.rna_seq.augmented_star_gene_counts.tsv","nonAngiogenic",0.99985510407224,0.546722441804565,0,0.546722441804565,"nonAngiogenic",0.000144895927760155,0.99985510407224
"23c3ac66-3601-425a-9063-cb3058dafb84.rna_seq.augmented_star_gene_counts.tsv","nonAngiogenic",0.999984129515071,0.7436742367393,0,0.7436742367393,"nonAngiogenic",1.58704849292823e-05,0.999984129515071
"bcd9d3bc-bd8a-4c67-85c7-0dc0939d727e.rna_seq.augmented_star_gene_counts.tsv","Angiogenic",1,-0.410622954323482,1,-0.410622954323482,"Angiogenic",0.871156807090472,0.128843192909528
"bd0a6575-996a-45d2-9be2-2187a1cf1cbe.rna_seq.augmented_star_gene_counts.tsv","nonAngiogenic",0.99976029585237,0.501886834638735,0,0.501886834638735,"nonAngiogenic",0.000239704147630369,0.99976029585237
"c133f156-8d5e-4072-a990-86ccb7db09c9.rna_seq.augmented_star_gene_counts.tsv","nonAngiogenic",0.999966633978824,0.677501217575932,0,0.677501217575932,"nonAngiogenic",3.33660211758734e-05,0.999966633978824
"bffe7439-0f9b-422f-b073-06050afd8b18.rna_seq.augmented_star_gene_counts.tsv","nonAngiogenic",0.999964241506336,0.671334269502276,0,0.671334269502276,"nonAngiogenic",3.5758493664014e-05,0.999964241506336
"55f58064-b810-4345-bd41-a844cfb255c6.rna_seq.augmented_star_gene_counts.tsv","nonAngiogenic",0.999974405591777,0.701114940837252,0,0.701114940837252,"nonAngiogenic",2.55944082234477e-05,0.999974405591777
"d169e3da-0c53-4194-89c8-d5a87d4e9aa5.rna_seq.augmented_star_gene_counts.tsv","nonAngiogenic",0.999953421224703,0.647792139251642,0,0.647792139251642,"nonAngiogenic",4.65787752972782e-05,0.999953421224703
"9ee6252a-3269-484d-9f09-9ea169ff9665.rna_seq.augmented_star_gene_counts.tsv","Angiogenic",1,-1.38880847313808,1,-1.38880847313808,"Angiogenic",0.999997491510486,2.50848951376822e-06
"dfac6279-e38d-4c50-b1cf-c32bcf81a029.rna_seq.augmented_star_gene_counts.tsv","nonAngiogenic",0.99996102433006,0.663662292219625,0,0.663662292219625,"nonAngiogenic",3.89756699400077e-05,0.99996102433006
"b1f91d13-fe60-4444-a254-db4fd36163a4.rna_seq.augmented_star_gene_counts.tsv","nonAngiogenic",0.999612175403233,0.459027139227897,0,0.459027139227897,"nonAngiogenic",0.000387824596767149,0.999612175403233
"accf08d4-a784-4908-831a-7a08d4c5f0f5.rna_seq.augmented_star_gene_counts.tsv","nonAngiogenic",0.998527801004647,0.340140586909961,0,0.340140586909961,"nonAngiogenic",0.00147219899535351,0.998527801004647
"7211b055-44a1-4b87-a97e-ce36fdca987d.rna_seq.augmented_star_gene_counts.tsv","Angiogenic",1,-0.66429176453273,1,-0.66429176453273,"Angiogenic",0.991505597611485,0.00849440238851468
"d421a512-b1d2-4275-9374-b579352abb25.rna_seq.augmented_star_gene_counts.tsv","nonAngiogenic",1.10602561624028,1.10602561624028,0,1.10602561624028,"nonAngiogenic",2.71288355663754e-07,0.999999728711644
"f5c15b21-916a-4900-aec7-d30ed3377e0a.rna_seq.augmented_star_gene_counts.tsv","nonAngiogenic",0.999872826919175,0.558342164285887,0,0.558342164285887,"nonAngiogenic",0.000127173080824544,0.999872826919175
"32c81ba3-dca1-4bbd-9e03-5899dc6e3b0b.rna_seq.augmented_star_gene_counts.tsv","nonAngiogenic",0.999959615839733,0.660500867096806,0,0.660500867096806,"nonAngiogenic",4.03841602667942e-05,0.999959615839733
"11cd1a63-6d3a-4038-a3d5-a3ac8976c6f0.rna_seq.augmented_star_gene_counts.tsv","nonAngiogenic",0.730150645913779,-0.151787284593469,0,-0.151787284593469,"nonAngiogenic",0.269849354086221,0.730150645913779
"017ba6ed-d634-4550-b2ab-2048d71b9830.rna_seq.augmented_star_gene_counts.tsv","nonAngiogenic",0.999988105430396,0.769354929980763,0,0.769354929980763,"nonAngiogenic",1.18945696037853e-05,0.999988105430396
"f04b7806-98d3-45b7-a8dd-e50812a5ca3f.rna_seq.augmented_star_gene_counts.tsv","Angiogenic",1,-0.992213402319274,1,-0.992213402319274,"Angiogenic",0.999784478795876,0.000215521204123838
"c643ec57-c47c-4196-b159-4b98b7f62728.rna_seq.augmented_star_gene_counts.tsv","nonAngiogenic",0.999977567260049,0.712856760019202,0,0.712856760019202,"nonAngiogenic",2.2432739950763e-05,0.999977567260049
"a883c598-9431-4b75-aed7-f2c8967bd020.rna_seq.augmented_star_gene_counts.tsv","nonAngiogenic",0.999964028017746,0.670804173244535,0,0.670804173244535,"nonAngiogenic",3.59719822538184e-05,0.999964028017746
"052a97e5-fd39-4af4-a29a-284bc185c9e7.rna_seq.augmented_star_gene_counts.tsv","nonAngiogenic",0.999864737599408,0.552849906050114,0,0.552849906050114,"nonAngiogenic",0.000135262400592366,0.999864737599408
"80422946-6ccc-40bd-bf90-e2b9a159a826.rna_seq.augmented_star_gene_counts.tsv","Angiogenic",1,-0.926961612326332,1,-0.926961612326332,"Angiogenic",0.999551649252631,0.000448350747369278
"7c81d253-3d75-4f27-8cc1-b1ac20c77ff5.rna_seq.augmented_star_gene_counts.tsv","Angiogenic",1,-0.939271892765364,1,-0.939271892765364,"Angiogenic",0.999609513032903,0.000390486967097558
"4050c1a3-e430-4ab6-9e11-d267f48e51ad.rna_seq.augmented_star_gene_counts.tsv","nonAngiogenic",0.99999120032673,0.796192155315858,0,0.796192155315858,"nonAngiogenic",8.79967326975645e-06,0.99999120032673
"fb8ee269-a38b-47ef-b548-7804340e0cda.rna_seq.augmented_star_gene_counts.tsv","nonAngiogenic",0.999988700399097,0.773924575548171,0,0.773924575548171,"nonAngiogenic",1.12996009030866e-05,0.999988700399097
"852964b8-1f8e-4891-a1a4-a63186d841ab.rna_seq.augmented_star_gene_counts.tsv","nonAngiogenic",0.999885505776599,0.567695801357751,0,0.567695801357751,"nonAngiogenic",0.000114494223401354,0.999885505776599
"a235d4c4-13bf-4267-82b5-1a4c82d202b3.rna_seq.augmented_star_gene_counts.tsv","nonAngiogenic",0.999986177084569,0.75597527781819,0,0.75597527781819,"nonAngiogenic",1.38229154310294e-05,0.999986177084569
"d5e9bdbb-009d-420a-ab9b-7e584d16465f.rna_seq.augmented_star_gene_counts.tsv","Angiogenic",1,-0.252094385946727,1,-0.252094385946727,"Angiogenic",0.532707838579058,0.467292161420942
"87ba5532-0958-4480-9f81-c567430216f2.rna_seq.augmented_star_gene_counts.tsv","nonAngiogenic",0.999582426780368,0.452443048480321,0,0.452443048480321,"nonAngiogenic",0.000417573219632346,0.999582426780368
"15083e68-c064-4f08-9cd8-61a25547f754.rna_seq.augmented_star_gene_counts.tsv","nonAngiogenic",0.999987829212494,0.767310601245135,0,0.767310601245135,"nonAngiogenic",1.21707875058815e-05,0.999987829212494
"597eeda6-4844-4897-8fa6-8b42317b88d6.rna_seq.augmented_star_gene_counts.tsv","nonAngiogenic",0.999979552091756,0.721106666496998,0,0.721106666496998,"nonAngiogenic",2.04479082441072e-05,0.999979552091756
"c99daa88-5672-437c-af99-5b31f28ec087.rna_seq.augmented_star_gene_counts.tsv","nonAngiogenic",0.99992245779079,0.602402290781449,0,0.602402290781449,"nonAngiogenic",7.75422092103115e-05,0.99992245779079
"68831b64-75d3-410c-ab86-105d126690e9.rna_seq.augmented_star_gene_counts.tsv","Angiogenic",1,-3.37924997611286,1,-3.37924997611286,"Angiogenic",1,4.92209787576484e-16
"7696baa7-abb2-4c3e-8c10-72bedc9d7b2d.rna_seq.augmented_star_gene_counts.tsv","nonAngiogenic",0.999982183131157,0.733372277998259,0,0.733372277998259,"nonAngiogenic",1.78168688427319e-05,0.999982183131157
"9d472afb-5cd1-41d2-b188-fa9f8b706d35.rna_seq.augmented_star_gene_counts.tsv","nonAngiogenic",0.999975631755584,0.705486818382033,0,0.705486818382033,"nonAngiogenic",2.4368244415476e-05,0.999975631755584
"3ea1cf0a-bbd2-40d2-b006-efdfe59d2ed5.rna_seq.augmented_star_gene_counts.tsv","Angiogenic",1,-0.307128009051999,1,-0.307128009051999,"Angiogenic",0.67896562566287,0.32103437433713
"b66a1ba2-0f0d-4eb0-8f60-ca07cf3bc997.rna_seq.augmented_star_gene_counts.tsv","nonAngiogenic",0.999896025306852,0.576279154899427,0,0.576279154899427,"nonAngiogenic",0.000103974693147725,0.999896025306852
"05a9121e-555a-49ee-ad73-4d0bf8771a82.rna_seq.augmented_star_gene_counts.tsv","Angiogenic",1,-0.386769970131813,1,-0.386769970131813,"Angiogenic",0.837992587350542,0.162007412649458
"fa401e4b-6102-4c3e-8bc9-62fa94e1388e.rna_seq.augmented_star_gene_counts.tsv","nonAngiogenic",0.99999820667672,0.93784061722992,0,0.93784061722992,"nonAngiogenic",1.79332328034588e-06,0.99999820667672
"fdea882d-5c90-4536-b7b4-52144da6bff6.rna_seq.augmented_star_gene_counts.tsv","nonAngiogenic",0.999923679376317,0.603816454251962,0,0.603816454251962,"nonAngiogenic",7.63206236833582e-05,0.999923679376317
"2fb7ad5a-0ef2-4524-9fa8-4d61d1bb04e1.rna_seq.augmented_star_gene_counts.tsv","nonAngiogenic",0.999970634879144,0.688876048891818,0,0.688876048891818,"nonAngiogenic",2.93651208564598e-05,0.999970634879144
"39db5888-3562-40d9-9356-b463caa15cda.rna_seq.augmented_star_gene_counts.tsv","nonAngiogenic",0.999986522557193,0.758229212506628,0,0.758229212506628,"nonAngiogenic",1.34774428072978e-05,0.999986522557193
"be6fc173-98ff-4aa1-a7a9-14ac5cffebc4.rna_seq.augmented_star_gene_counts.tsv","nonAngiogenic",0.999195370036773,0.393998248798386,0,0.393998248798386,"nonAngiogenic",0.000804629963227415,0.999195370036773
"fcfc2db3-01ff-4f31-a8fc-7a5f1a7051f8.rna_seq.augmented_star_gene_counts.tsv","Angiogenic",1,-1.46186929092245,1,-1.46186929092245,"Angiogenic",0.999998895667893,1.10433210693792e-06
"a437b3c5-4dce-41f1-a050-61055225ab47.rna_seq.augmented_star_gene_counts.tsv","nonAngiogenic",0.999977352490261,0.71200823065781,0,0.71200823065781,"nonAngiogenic",2.264750973913e-05,0.999977352490261
"cd96deaf-e1fa-40b4-80e2-4652e18e65d6.rna_seq.augmented_star_gene_counts.tsv","nonAngiogenic",0.99995493160583,0.650727717358902,0,0.650727717358902,"nonAngiogenic",4.50683941704092e-05,0.99995493160583
"0855ce26-6e6d-44aa-902d-da4927765dd4.rna_seq.augmented_star_gene_counts.tsv","Angiogenic",1,-0.332876710239925,1,-0.332876710239925,"Angiogenic",0.738496579184853,0.261503420815147
"d2a6ca3a-7162-429c-9c19-9c9eb00fe149.rna_seq.augmented_star_gene_counts.tsv","nonAngiogenic",0.998434489178506,0.334659661326862,0,0.334659661326862,"nonAngiogenic",0.0015655108214938,0.998434489178506
"85b81e67-927d-43cd-b9d5-423aa7828e5a.rna_seq.augmented_star_gene_counts.tsv","nonAngiogenic",0.999981431299115,0.729691596023281,0,0.729691596023281,"nonAngiogenic",1.8568700884758e-05,0.999981431299115
"4951ff48-dfd1-4df5-b7ab-4bdd6ef8af67.rna_seq.augmented_star_gene_counts.tsv","nonAngiogenic",0.813636629154185,-0.10918293478031,0,-0.10918293478031,"nonAngiogenic",0.186363370845815,0.813636629154185
"0d31f76f-d6b7-4d9f-83b7-fb0babab1231.rna_seq.augmented_star_gene_counts.tsv","nonAngiogenic",0.999969624373116,0.685863115204201,0,0.685863115204201,"nonAngiogenic",3.03756268839198e-05,0.999969624373116
"cadb3130-09b1-4e6a-b9ea-1c5182b2f1ed.rna_seq.augmented_star_gene_counts.tsv","nonAngiogenic",0.99832539722602,0.328651141812728,0,0.328651141812728,"nonAngiogenic",0.00167460277398037,0.99832539722602
"a0ad9d21-e690-4d20-ab62-d31a3b8d28eb.rna_seq.augmented_star_gene_counts.tsv","nonAngiogenic",0.999976852568721,0.710063862655804,0,0.710063862655804,"nonAngiogenic",2.31474312790132e-05,0.999976852568721
"d990fb46-63a9-4507-a950-e026c84cfb5a.rna_seq.augmented_star_gene_counts.tsv","nonAngiogenic",0.999986569506488,0.758539970204327,0,0.758539970204327,"nonAngiogenic",1.34304935118575e-05,0.999986569506488
"1bbd1089-ca5c-4e5e-88bd-30f1d293f86c.rna_seq.augmented_star_gene_counts.tsv","nonAngiogenic",0.935907893273539,-0.00166496999191534,0,-0.00166496999191534,"nonAngiogenic",0.0640921067264607,0.935907893273539
"9fa353e5-d096-480e-af87-f3441deea8dd.rna_seq.augmented_star_gene_counts.tsv","nonAngiogenic",0.996801949237101,0.270902470171506,0,0.270902470171506,"nonAngiogenic",0.00319805076289873,0.996801949237101
"d97460c3-e70c-4f30-b2e5-ec2ad1940e61.rna_seq.augmented_star_gene_counts.tsv","nonAngiogenic",0.999969498084233,0.685493637041848,0,0.685493637041848,"nonAngiogenic",3.05019157670785e-05,0.999969498084233
"4f01c248-9d66-4561-ab24-5301b843630a.rna_seq.augmented_star_gene_counts.tsv","nonAngiogenic",0.999989113213082,0.77723885914751,0,0.77723885914751,"nonAngiogenic",1.08867869183593e-05,0.999989113213082
"9e237ede-a8c8-4e90-a52e-521af59b147b.rna_seq.augmented_star_gene_counts.tsv","nonAngiogenic",0.999988165525364,0.769805986399788,0,0.769805986399788,"nonAngiogenic",1.1834474635675e-05,0.999988165525364
"a00f0490-91d3-4a33-b4bf-3a8c3013c97e.rna_seq.augmented_star_gene_counts.tsv","nonAngiogenic",0.999952231068276,0.645545242357063,0,0.645545242357063,"nonAngiogenic",4.77689317235169e-05,0.999952231068276
"c6e887f8-3f80-4099-b8dc-8b32a2a92065.rna_seq.augmented_star_gene_counts.tsv","nonAngiogenic",0.747798687664775,-0.143637447123047,0,-0.143637447123047,"nonAngiogenic",0.252201312335225,0.747798687664775
"5943d83c-7366-4b4a-9815-c5459003a10e.rna_seq.augmented_star_gene_counts.tsv","nonAngiogenic",0.999413876213216,0.422233540906246,0,0.422233540906246,"nonAngiogenic",0.000586123786784133,0.999413876213216
"160a5991-0571-4f20-98e6-7b89850c435a.rna_seq.augmented_star_gene_counts.tsv","nonAngiogenic",0.64591419235494,-0.18689634785628,0,-0.18689634785628,"nonAngiogenic",0.35408580764506,0.64591419235494
"6ae5397f-2128-454e-bda8-c389d8e7ac05.rna_seq.augmented_star_gene_counts.tsv","nonAngiogenic",0.999970778911856,0.689313919973974,0,0.689313919973974,"nonAngiogenic",2.92210881436193e-05,0.999970778911856
"8455c6c2-16c8-47ce-80d2-6925795285f2.rna_seq.augmented_star_gene_counts.tsv","nonAngiogenic",1.06998533856106,1.06998533856106,0,1.06998533856106,"nonAngiogenic",4.0662806936587e-07,0.999999593371931
"12966fcf-89f5-4e10-82fc-1ca4de192ca7.rna_seq.augmented_star_gene_counts.tsv","nonAngiogenic",0.999932233753765,0.614403461689891,0,0.614403461689891,"nonAngiogenic",6.77662462353114e-05,0.999932233753765
"357f3b6f-7140-4c6d-8007-13508d2d7258.rna_seq.augmented_star_gene_counts.tsv","nonAngiogenic",0.998730146242984,0.353325250076199,0,0.353325250076199,"nonAngiogenic",0.00126985375701571,0.998730146242984
"d3e779d2-6fec-4c44-80b2-d7d61eb03c81.rna_seq.augmented_star_gene_counts.tsv","Angiogenic",1,-0.610933641643242,1,-0.610933641643242,"Angiogenic",0.984641801538303,0.0153581984616972
"92f4e389-2fba-483b-97d0-b4379a04bf68.rna_seq.augmented_star_gene_counts.tsv","nonAngiogenic",0.994838332196165,0.228096719149831,0,0.228096719149831,"nonAngiogenic",0.00516166780383543,0.994838332196165
"55fc5d4b-7a9d-480b-b695-8d3ca13062f9.rna_seq.augmented_star_gene_counts.tsv","nonAngiogenic",0.999975777037064,0.706019332753561,0,0.706019332753561,"nonAngiogenic",2.42229629359117e-05,0.999975777037064
"1019e11f-92fd-42dd-b47a-5eff5fb10de5.rna_seq.augmented_star_gene_counts.tsv","nonAngiogenic",0.99924296425801,0.399432087329926,0,0.399432087329926,"nonAngiogenic",0.000757035741989738,0.99924296425801
"38c953af-559d-43e3-be40-d576a8d40b1f.rna_seq.augmented_star_gene_counts.tsv","Angiogenic",1,-0.29777186965343,1,-0.29777186965343,"Angiogenic",0.655647372370232,0.344352627629768
"df4191dc-dd74-4197-bc35-d24807f0ceba.rna_seq.augmented_star_gene_counts.tsv","nonAngiogenic",0.999649420594363,0.468021536022149,0,0.468021536022149,"nonAngiogenic",0.00035057940563747,0.999649420594363
"d3d30fe1-8e55-436e-85b7-bff934cfcb8a.rna_seq.augmented_star_gene_counts.tsv","nonAngiogenic",0.684768029544594,-0.17134419489694,0,-0.17134419489694,"nonAngiogenic",0.315231970455406,0.684768029544594
"9fcfa97a-90b3-4e91-9f4d-7001fbd02fc7.rna_seq.augmented_star_gene_counts.tsv","Angiogenic",1,-0.246861082433689,1,-0.246861082433689,"Angiogenic",0.518054824707179,0.481945175292821
"9cfca6ea-1dc8-4e87-8cca-3878e58831a3.rna_seq.augmented_star_gene_counts.tsv","nonAngiogenic",0.999989655500747,0.781788943257116,0,0.781788943257116,"nonAngiogenic",1.03444992528577e-05,0.999989655500747
"780b1500-7b9f-4d17-87ef-10bd6a8acbf2.rna_seq.augmented_star_gene_counts.tsv","nonAngiogenic",0.998805241714996,0.358760279619009,0,0.358760279619009,"nonAngiogenic",0.00119475828500376,0.998805241714996
"65846af4-0d5e-43a8-9274-8714637543bd.rna_seq.augmented_star_gene_counts.tsv","nonAngiogenic",0.999992036016489,0.805078170084692,0,0.805078170084692,"nonAngiogenic",7.96398351053188e-06,0.999992036016489
"46d71567-d992-4687-bba2-f015c65e3778.rna_seq.augmented_star_gene_counts.tsv","nonAngiogenic",0.999828260986941,0.531584989344524,0,0.531584989344524,"nonAngiogenic",0.000171739013058511,0.999828260986941
"10a8816a-29ad-4503-b40b-fba675b64107.rna_seq.augmented_star_gene_counts.tsv","nonAngiogenic",0.99995376843129,0.648458455919396,0,0.648458455919396,"nonAngiogenic",4.62315687099088e-05,0.99995376843129
"82abd810-1a10-4eb8-911f-6393b01249fa.rna_seq.augmented_star_gene_counts.tsv","nonAngiogenic",0.885973372869742,-0.0578506498757495,0,-0.0578506498757495,"nonAngiogenic",0.114026627130258,0.885973372869742
"808d8dcb-f3e5-4d7e-8b70-90a254ebc4e2.rna_seq.augmented_star_gene_counts.tsv","nonAngiogenic",1.0204974729553,1.0204974729553,0,1.0204974729553,"nonAngiogenic",7.08837293039295e-07,0.999999291162707
"78b8f856-9896-41af-bb90-e35569bacc42.rna_seq.augmented_star_gene_counts.tsv","nonAngiogenic",0.999987141820542,0.76241796304609,0,0.76241796304609,"nonAngiogenic",1.2858179458045e-05,0.999987141820542
"1dfc59bb-c74b-485b-b1c6-b84fccd6bc12.rna_seq.augmented_star_gene_counts.tsv","nonAngiogenic",0.999963280655297,0.668972927252186,0,0.668972927252186,"nonAngiogenic",3.67193447028163e-05,0.999963280655297
"4d26557f-db8a-4486-b265-df46a9779d86.rna_seq.augmented_star_gene_counts.tsv","Angiogenic",1,-0.566105469275027,1,-0.566105469275027,"Angiogenic",0.974845138600808,0.0251548613991921
"8daad469-c921-477a-8786-721e9418795e.rna_seq.augmented_star_gene_counts.tsv","nonAngiogenic",0.999040902222041,0.378346255409593,0,0.378346255409593,"nonAngiogenic",0.000959097777958534,0.999040902222041
"eba440bf-7924-4bee-9c1b-684acc65aed5.rna_seq.augmented_star_gene_counts.tsv","nonAngiogenic",0.999995132985045,0.848931289197485,0,0.848931289197485,"nonAngiogenic",4.86701495527915e-06,0.999995132985045
"850ac9a7-0b03-493b-abd7-a2cad3ce1e23.rna_seq.augmented_star_gene_counts.tsv","nonAngiogenic",0.999979407319028,0.720478390007329,0,0.720478390007329,"nonAngiogenic",2.05926809724622e-05,0.999979407319028
"01b83536-edd8-482a-bff6-01d0bb9970d5.rna_seq.augmented_star_gene_counts.tsv","nonAngiogenic",0.992509850797171,0.194731921965531,0,0.194731921965531,"nonAngiogenic",0.0074901492028295,0.992509850797171
"09afd98b-1da0-4de9-be52-8f8f595c3dfe.rna_seq.augmented_star_gene_counts.tsv","nonAngiogenic",0.999619291710557,0.46067696653412,0,0.46067696653412,"nonAngiogenic",0.000380708289442654,0.999619291710557
"ca1f772a-da2c-4c21-9f25-f7c4144637c3.rna_seq.augmented_star_gene_counts.tsv","nonAngiogenic",0.999988888754692,0.775421508286624,0,0.775421508286624,"nonAngiogenic",1.11112453077602e-05,0.999988888754692
"8c985ded-ab7e-4792-b373-8670db4f2ed7.rna_seq.augmented_star_gene_counts.tsv","nonAngiogenic",0.999983791134427,0.741795482630804,0,0.741795482630804,"nonAngiogenic",1.62088655733986e-05,0.999983791134427
"c5318c3f-ea9a-421a-be7c-26fa120568c6.rna_seq.augmented_star_gene_counts.tsv","nonAngiogenic",0.999593077354128,0.45474478001491,0,0.45474478001491,"nonAngiogenic",0.0004069226458724,0.999593077354128
"8ce770db-df49-4c86-b57b-3d98375f65c9.rna_seq.augmented_star_gene_counts.tsv","nonAngiogenic",0.99997355147511,0.698191645785597,0,0.698191645785597,"nonAngiogenic",2.64485248904828e-05,0.99997355147511
"2e3b43ae-a0aa-4d7e-a66e-07d4a88b16e8.rna_seq.augmented_star_gene_counts.tsv","nonAngiogenic",0.999998755775614,0.970393842493397,0,0.970393842493397,"nonAngiogenic",1.24422438624768e-06,0.999998755775614
"1bbb5ca6-937e-4f18-a2a5-b02d0738a4c9.rna_seq.augmented_star_gene_counts.tsv","nonAngiogenic",0.999904964898386,0.584285710105144,0,0.584285710105144,"nonAngiogenic",9.50351016136565e-05,0.999904964898386
"29d7b853-8865-4ac6-8640-701867c4ef6b.rna_seq.augmented_star_gene_counts.tsv","nonAngiogenic",0.999984770781418,0.747347207217076,0,0.747347207217076,"nonAngiogenic",1.522921858207e-05,0.999984770781418
"1eacd17c-5634-465d-83d4-d39d136d0ce2.rna_seq.augmented_star_gene_counts.tsv","nonAngiogenic",0.999987253273323,0.763193215138438,0,0.763193215138438,"nonAngiogenic",1.2746726677243e-05,0.999987253273323
"85eefeaf-be74-41e0-980a-0b16bc47cbc9.rna_seq.augmented_star_gene_counts.tsv","nonAngiogenic",0.9999667075453,0.677697782556874,0,0.677697782556874,"nonAngiogenic",3.32924546997924e-05,0.9999667075453
"95184079-0806-49b9-8bf7-edd8aaca0ba2.rna_seq.augmented_star_gene_counts.tsv","nonAngiogenic",0.992067334201461,0.189580665895422,0,0.189580665895422,"nonAngiogenic",0.00793266579853865,0.992067334201461
