"sample","assigned_subtype","max_score","C1","C2","C4","C5"
"8fd3c3ec-c5c5-4ded-bcbb-387ddc1ba5f7.rna_seq.augmented_star_gene_counts.tsv","C4",0.427442249458154,-0.45555286995354,-0.250441888940072,0.427442249458154,0.124526488986125
"c42ab178-9ded-405c-8eab-69583c4b1ad0.rna_seq.augmented_star_gene_counts.tsv","C5",1.94878782379628,-0.745772004117465,-1.3962421961392,0.38201003609237,1.94878782379628
"04eeb9f5-2fd6-4df3-ade8-cdb8d77f4273.rna_seq.augmented_star_gene_counts.tsv","C2",1.46883219794493,-0.480627948566495,1.46883219794493,0.453483614023767,-0.64335443459125
"a14ac53b-7e97-46f3-9dce-41a2a9010f17.rna_seq.augmented_star_gene_counts.tsv","C2",0.285153574490904,-0.42016228583193,0.285153574490904,0.274276029503859,0.212686374864688
"d6326578-95eb-4f9e-967c-47fb32c04166.rna_seq.augmented_star_gene_counts.tsv","C2",1.27110317907607,-0.557321905921346,1.27110317907607,0.491145378431291,-1.40845936419494
"a761adf7-b265-4d1d-90be-82dbfd776e45.rna_seq.augmented_star_gene_counts.tsv","C1",0.461892200266577,0.461892200266577,0.193420427045092,-0.315373469107079,-0.64226142981942
"86e119a6-1c89-4a1d-9823-2fb95e180ea8.rna_seq.augmented_star_gene_counts.tsv","C5",1.3171062647503,-0.52485508374037,-0.903420342322958,0.318180094775224,1.3171062647503
"d6c55f59-f1cd-48bf-9628-94fcfb867bff.rna_seq.augmented_star_gene_counts.tsv","C2",0.579966537844462,-0.210126514282975,0.579966537844462,0.135762737409144,-0.675190160344523
"b6bc859c-c245-47ba-9c47-92c1c33d42c8.rna_seq.augmented_star_gene_counts.tsv","C4",0.727549592672535,-0.579511658878573,-0.416232571971568,0.727549592672535,-1.13118428348721
"98990aa6-30f1-4a05-aecb-a13b907c2f57.rna_seq.augmented_star_gene_counts.tsv","C5",0.706229633551317,-0.307475239634209,-0.605234368778525,0.242726917451317,0.706229633551317
"7d8d9d6c-b701-4eda-8e36-c36ca7c90903.rna_seq.augmented_star_gene_counts.tsv","C2",4.11094673174459,-0.435036687520717,4.11094673174459,0.717197258199615,-4.41804084703723
"84e6a0b4-7a1f-4a9a-80b7-b59c6d2132c2.rna_seq.augmented_star_gene_counts.tsv","C5",0.831520116561266,-0.700488504085793,-0.891885809569993,0.716361390637367,0.831520116561266
"07325efb-fcf8-49b0-8df5-7f403304d90f.rna_seq.augmented_star_gene_counts.tsv","C5",0.738337538039291,-0.462652841725842,-1.10343078495408,0.246310617223581,0.738337538039291
"2d7f98e2-8e4c-48aa-9c87-e9953e952689.rna_seq.augmented_star_gene_counts.tsv","C1",0.172987117786331,0.172987117786331,-0.460055165075196,-0.129707822426465,-0.134525421733081
"8b8765b7-07af-45c1-8aaa-d9facff1b04b.rna_seq.augmented_star_gene_counts.tsv","C4",0.478285940924664,-0.75687624025094,0.141554896798516,0.478285940924664,-0.244141959698113
"a0361246-7cde-47eb-938d-53b0e2bf236d.rna_seq.augmented_star_gene_counts.tsv","C5",1.00544834591136,-0.205463601814124,-1.03126204382342,0.098458325570147,1.00544834591136
"988097d1-159e-415a-9ecd-4bf197308e2c.rna_seq.augmented_star_gene_counts.tsv","C4",0.48752092356783,-0.332383185425458,0.0611164559098292,0.48752092356783,-0.261167218669004
"e827cb1c-e6f7-4746-b19e-f705c2de32bd.rna_seq.augmented_star_gene_counts.tsv","C5",2.09530997631072,-0.468715190031385,-1.46906622293889,0.0520857968440207,2.09530997631072
"be31437e-d2d6-4e6b-99e0-42ddb5a4359d.rna_seq.augmented_star_gene_counts.tsv","C4",0.687875966377419,-0.60901952458582,0.596063064393224,0.687875966377419,-0.29873029627537
"cb9a0bb7-64d1-4fc6-9c3c-6f8ec74e0942.rna_seq.augmented_star_gene_counts.tsv","C5",1.91065962430787,-0.889877714895197,-1.45844211318219,0.511894581272555,1.91065962430787
"d90d2b4f-8865-440d-a8b7-e0b7c947e095.rna_seq.augmented_star_gene_counts.tsv","C4",0.976423191415796,-0.963706657164309,0.787412725558292,0.976423191415796,0.112454424010585
"24ffd67a-b772-47de-a41b-eaa68078ad0e.rna_seq.augmented_star_gene_counts.tsv","C2",1.10485362370755,0.171192225530449,1.10485362370755,-0.160521840607574,-2.01277114262569
"0c7faca1-6f1b-4e49-ad84-c56738f1a2e7.rna_seq.augmented_star_gene_counts.tsv","C5",1.29830136773059,-0.789274993450673,-1.08467777578731,0.511098119909376,1.29830136773059
"f0734d35-0a0c-4753-998c-95af43501b85.rna_seq.augmented_star_gene_counts.tsv","C5",0.942998383259043,-0.414625004897716,-0.222624620992099,0.334422802548919,0.942998383259043
"a5155edd-d3d9-4df0-9877-7112869c9e80.rna_seq.augmented_star_gene_counts.tsv","C5",1.61759503760462,-0.809716589537537,-1.01672662475542,0.396749530966814,1.61759503760462
"93831282-1dd1-49a3-acd7-dae2a49ca62e.rna_seq.augmented_star_gene_counts.tsv","C5",1.6211417263617,-0.315427373979171,-1.1855426544584,0.193802707293245,1.6211417263617
"95493f7f-1071-44c5-b007-0dd5b8637c29.rna_seq.augmented_star_gene_counts.tsv","C4",0.820675399835575,-0.705300736553741,-0.29884654836605,0.820675399835575,0.348605548469082
"2e676476-647d-4f26-ab87-d4892fe59dd2.rna_seq.augmented_star_gene_counts.tsv","C2",0.852821446333408,-0.444539909278027,0.852821446333408,0.36808472897046,-1.03385641182897
"42165baf-b32c-4fc4-8b04-29c5b4e76de0.rna_seq.augmented_star_gene_counts.tsv","C1",0.658386393946436,0.658386393946436,-0.719671599774392,-0.722898676250514,0.0751652209625475
"aaf2267a-f643-46a5-809e-f86adec2b915.rna_seq.augmented_star_gene_counts.tsv","C5",1.71077253948773,-0.71821458976125,-1.48258121930851,0.47113470204433,1.71077253948773
"517eb355-1a15-4344-9f99-d5f3c461d2ef.rna_seq.augmented_star_gene_counts.tsv","C1",1.36103490252898,1.36103490252898,-0.175211733081462,-1.46626381549346,0.124387322390456
"ce71f558-2289-42ed-a6fa-d335cbc4eae5.rna_seq.augmented_star_gene_counts.tsv","C5",0.824412766616623,-0.432264846112281,-0.311687895852466,0.25203494985454,0.824412766616623
"2c3df990-5540-462f-b852-c94242e3868d.rna_seq.augmented_star_gene_counts.tsv","C1",0.223967700279002,0.223967700279002,-0.129501513005683,-0.182246008553845,-3.76642795628781
"8ab508b9-2993-4e66-b8f9-81e32e936d4a.rna_seq.augmented_star_gene_counts.tsv","C5",1.33351798221965,-0.378049840955972,-1.16173162016854,0.20443312154249,1.33351798221965
"31f82383-f710-4d46-8db5-b59ee094d74a.rna_seq.augmented_star_gene_counts.tsv","C4",0.751451317083639,-0.756655180448822,0.125086683950409,0.751451317083639,-1.11382058071422
"e77ccd7a-1dda-4c03-bf50-08b5df2b66e7.rna_seq.augmented_star_gene_counts.tsv","C4",0.244896322223845,-0.118692382306591,-0.0601089631479506,0.244896322223845,-0.0537752877122812
"a058327f-14ee-4870-8c31-3850f420d312.rna_seq.augmented_star_gene_counts.tsv","C5",1.6743863585206,-0.314887445688809,-1.37550689768296,-0.0396316070466998,1.6743863585206
"524a6f24-3903-46f1-ae2e-eb83a522a0c0.rna_seq.augmented_star_gene_counts.tsv","C2",1.13009824760227,-0.53488563792397,1.13009824760227,0.575972240958614,-1.45884203578325
"984c9d22-35ae-4d5e-a506-30ef69568d46.rna_seq.augmented_star_gene_counts.tsv","C2",1.38459468604709,-0.241519802685737,1.38459468604709,0.366990081517737,-0.800690811033756
"615dafd3-130a-4a7c-9e27-a3632c2be831.rna_seq.augmented_star_gene_counts.tsv","C4",0.622340630147659,-0.719788385285172,-0.783749219739168,0.622340630147659,0.494835702332959
"8b38327a-d165-473f-bc49-2d28305e9689.rna_seq.augmented_star_gene_counts.tsv","C2",0.108444559442996,0.0203983616721624,0.108444559442996,-0.0406035799036066,-0.33400325567152
"2b584a37-d6c1-41f9-98b4-1592ac54a82b.rna_seq.augmented_star_gene_counts.tsv","C1",2.16597629715144,2.16597629715144,0.559511121763487,-2.02531976430979,-0.563983665244995
"bfcea1b8-fb75-4e7b-972b-620d9f1fc3bb.rna_seq.augmented_star_gene_counts.tsv","C5",1.0519784220644,-0.107628447784295,-1.03940004042131,-0.0329836290571796,1.0519784220644
"5a59c958-9d85-4f7b-88ec-4a15a81dae28.rna_seq.augmented_star_gene_counts.tsv","C5",1.53827508014536,-0.501028984310735,-0.783882763195136,0.0454337227119519,1.53827508014536
"318db280-feca-4c65-aaad-a4942357507f.rna_seq.augmented_star_gene_counts.tsv","C5",0.665495699087544,-0.514308775795731,-0.384104987096484,0.31449971896349,0.665495699087544
"19fb1859-5fb2-443a-a8ea-d3dd9f5e50b9.rna_seq.augmented_star_gene_counts.tsv","C5",1.10089870512073,-0.809883766809474,-0.793768882668393,0.654790670751771,1.10089870512073
"02f79514-91bb-4a31-91bc-9c53edd6fef1.rna_seq.augmented_star_gene_counts.tsv","C2",2.15118926543229,-0.296324361676604,2.15118926543229,0.294406446120565,-1.55035316083642
"04bfa099-3ca5-4db7-ac00-5d0e32744621.rna_seq.augmented_star_gene_counts.tsv","C5",0.646820393711285,-0.540575295572908,-0.358331015392931,0.320361863388805,0.646820393711285
"def689ea-33c2-40fb-bad7-709d4aa13def.rna_seq.augmented_star_gene_counts.tsv","C4",0.680497922442549,-0.592472480529347,0.641139832301288,0.680497922442549,-0.147918869242381
"c4e36c8b-6250-4784-bc08-75b7d2549b94.rna_seq.augmented_star_gene_counts.tsv","C5",0.710421658293917,-0.752310174563265,-0.181622807132177,0.503367525144951,0.710421658293917
"bb5d75c1-c4fb-440f-8f09-0be3dd6b7daf.rna_seq.augmented_star_gene_counts.tsv","C1",1.17536988419679,1.17536988419679,-0.64412461283128,-1.06291944883681,0.594246329327251
"987381dd-ab88-40a1-ade8-e4e3c06ee8a4.rna_seq.augmented_star_gene_counts.tsv","C5",0.485259548045495,-0.340893622847655,-0.825653522098437,0.278398684042195,0.485259548045495
"3c94176b-696a-453b-b80a-e7d9e3ee91f8.rna_seq.augmented_star_gene_counts.tsv","C5",1.55369249454663,-0.632745951884501,-0.942511056557857,0.300242683769553,1.55369249454663
"bba3e52a-fb3f-4339-9969-07f40425e711.rna_seq.augmented_star_gene_counts.tsv","C1",0.979148365803443,0.979148365803443,-0.36573330556188,-0.87002031475173,-0.664412330905314
"8326bd93-55f7-49be-a164-edfb435de3b5.rna_seq.augmented_star_gene_counts.tsv","C4",0.775508590234518,-0.700865644986368,-0.357772059459866,0.775508590234518,-0.142601928984179
"9d007b37-ba7a-4e85-af1f-1c8aeadda990.rna_seq.augmented_star_gene_counts.tsv","C5",0.392973361466276,0.386877827862003,-0.360005857780321,-0.380515831795687,0.392973361466276
"86274ce9-71ad-45a7-88c4-956a1d8bce61.rna_seq.augmented_star_gene_counts.tsv","C1",2.1207254863613,2.1207254863613,-0.421676392020917,-1.86188516648835,0.00949176898584511
"59fc9086-4b11-4e79-9b53-026e9e9fba53.rna_seq.augmented_star_gene_counts.tsv","C4",0.570263360332865,-0.675306201054017,-0.0390340848717189,0.570263360332865,0.48529837812792
"35f04f9f-3756-4d8d-858f-b49c4c94d4bd.rna_seq.augmented_star_gene_counts.tsv","C2",0.728562808694,-0.507874608115289,0.728562808694,0.538926550417127,-0.638330294538021
"e11fea69-ccfa-4175-9184-bca06a4adbf8.rna_seq.augmented_star_gene_counts.tsv","C5",1.52894164909469,0.200513431983866,-1.31924876472226,-0.241521059039221,1.52894164909469
"d41c8245-bc6e-42e5-ad70-58a3ebd5546b.rna_seq.augmented_star_gene_counts.tsv","C5",0.852770840493816,-0.680607808678399,-1.05125115177535,0.551800161525912,0.852770840493816
"ca7a912e-f2d1-455f-8b5f-3104cc02ac9e.rna_seq.augmented_star_gene_counts.tsv","C5",0.551820282286995,-0.00210510996511393,-1.03942168574012,0.249146794811522,0.551820282286995
"32d18d49-fe09-4929-a5f6-34150f155c3e.rna_seq.augmented_star_gene_counts.tsv","C4",0.703471139428392,-0.680735068525565,-0.269815896702498,0.703471139428392,0.431433851846799
"920bd9a2-a731-4cb2-874f-14cf09d0d01f.rna_seq.augmented_star_gene_counts.tsv","C2",0.605043613943282,0.205757946208023,0.605043613943282,0.0229846577166764,-0.657199757377308
"43c987b0-278d-49c9-a332-8cfcc9bdb05a.rna_seq.augmented_star_gene_counts.tsv","C5",2.11036986017337,-0.841256382320522,-1.43555698937635,0.415239627571186,2.11036986017337
"ebf7da61-9344-4a92-8b51-05ec9a19a222.rna_seq.augmented_star_gene_counts.tsv","C4",2.30697936679209,-1.01276938312807,-0.56272283477642,2.30697936679209,0.252660089312789
"207cda7f-138a-4ae2-a6fd-90a003a94073.rna_seq.augmented_star_gene_counts.tsv","C5",1.53999208027211,-0.62944634456855,-1.23770169847367,0.457477564087717,1.53999208027211
"872f7c22-17e4-4940-809b-a0970fde369b.rna_seq.augmented_star_gene_counts.tsv","C2",0.542251481291393,-0.487005700253382,0.542251481291393,0.499664743143828,-0.629138208496454
"95c5928f-acf9-4833-b63c-ad53bfd24ac2.rna_seq.augmented_star_gene_counts.tsv","C4",0.390689844433583,-0.415896982823406,-0.247907863398043,0.390689844433583,0.048253969448369
"fa7a010e-704d-4b55-b1ee-a6a369ef74b4.rna_seq.augmented_star_gene_counts.tsv","C1",0.977512581508676,0.977512581508676,-0.500467208084118,-0.815342597575307,-0.050783149508288
"921df567-b883-4f95-ac75-7c63521b5a95.rna_seq.augmented_star_gene_counts.tsv","C4",0.266456805173812,-0.396592267536592,-0.53875370455676,0.266456805173812,-0.0960108332507665
"2c5a90ae-67c6-46de-b865-1dde61e976bd.rna_seq.augmented_star_gene_counts.tsv","C5",1.31647030426874,-0.822076036462756,-1.03265668677839,0.598562312194827,1.31647030426874
"511b6838-b0e6-41c3-8c47-6c0dcbf35393.rna_seq.augmented_star_gene_counts.tsv","C2",0.883168092730823,-0.689316873515329,0.883168092730823,0.506103484977124,-0.521943718700108
"ae54a97a-d99d-4d76-b718-8cc61714b767.rna_seq.augmented_star_gene_counts.tsv","C4",0.125365726431109,-0.0371654681064245,-0.323161268745708,0.125365726431109,-0.0383456755177948
"bba445df-c6f7-4257-9093-d4ea69db84a3.rna_seq.augmented_star_gene_counts.tsv","C4",0.568773314909031,-0.595506062079824,0.0281236095929385,0.568773314909031,-0.749944797012048
"d563b5ea-0724-4d07-9b31-9713d6edd332.rna_seq.augmented_star_gene_counts.tsv","C4",6.3636871590222,-1.04426923682585,-0.826729978772317,6.3636871590222,-0.517187370076008
"6ac60ab5-8d16-4e62-9122-0b4d796b9bc0.rna_seq.augmented_star_gene_counts.tsv","C5",0.797659461559808,0.0355439840660453,-0.720525157122262,-0.0158441527770157,0.797659461559808
"fa8ad93c-f08b-4227-9be1-419b5353b160.rna_seq.augmented_star_gene_counts.tsv","C2",1.08922438285198,-0.800521061693485,1.08922438285198,0.627157001615407,-0.2800028275003
"980e31f1-5128-485e-befe-f68e1df82adb.rna_seq.augmented_star_gene_counts.tsv","C1",0.725878579961296,0.725878579961296,0.367113168683416,-0.825955962770662,-0.099038868040413
"e4d2a83e-41fd-44b4-9d2d-80cb3617cfdd.rna_seq.augmented_star_gene_counts.tsv","C1",1.7951253286317,1.7951253286317,1.03960571875445,-1.64872574234725,-0.958506002481944
"34e59c84-b0d2-4373-9a9c-b265b828631e.rna_seq.augmented_star_gene_counts.tsv","C2",1.25439197401819,-0.960576774095524,1.25439197401819,1.1009817284504,-1.28799020384882
"07742557-d413-4ab1-a624-6a003ba346be.rna_seq.augmented_star_gene_counts.tsv","C1",0.118014402388245,0.118014402388245,0.0590298317109751,-0.0274669505266819,-0.598873455559002
"ecd6ce37-bdda-445f-b855-bc00794f03b1.rna_seq.augmented_star_gene_counts.tsv","C2",1.0705524829331,-0.409902725791149,1.0705524829331,0.380486597611786,-1.0459093402518
"41f62365-a65b-4a80-aaab-323f676f67d9.rna_seq.augmented_star_gene_counts.tsv","C2",0.602954627927563,-0.139772028570247,0.602954627927563,0.244176492929896,-0.653756755995831
"2e844d1a-874f-4972-820e-1d4f89575463.rna_seq.augmented_star_gene_counts.tsv","C2",2.45972966256988,-0.677952768820563,2.45972966256988,0.631287980046342,-1.45030930050129
"87d7f834-2064-4e3b-9c41-8fbff133f285.rna_seq.augmented_star_gene_counts.tsv","C2",0.506173098954207,-0.433498167224932,0.506173098954207,0.385476477100276,-0.16207549373651
"d1cc1450-ae0d-42ea-b45f-dd4f8bcbd399.rna_seq.augmented_star_gene_counts.tsv","C4",0.602788418009442,-0.603188809730285,-0.0711286769199482,0.602788418009442,-0.318354146117657
"59b900d7-691a-423c-a590-cc9e1f0735dc.rna_seq.augmented_star_gene_counts.tsv","C5",1.19134466107474,0.514362843360181,-1.07776387136761,-0.633996416728461,1.19134466107474
"4e56c9e5-1d7e-4329-96b3-1825863e4fc0.rna_seq.augmented_star_gene_counts.tsv","C2",0.684984149336084,-0.589173627168282,0.684984149336084,0.428024078728995,-0.0172437872820747
"c1727ac9-43ce-4f5f-b785-7d9f85f944bb.rna_seq.augmented_star_gene_counts.tsv","C2",1.04998232133204,-0.503184810537725,1.04998232133204,0.344444244666888,-0.630067253011984
"2e2a3b0d-9b35-47ef-bfa8-98c2519cff9c.rna_seq.augmented_star_gene_counts.tsv","C1",1.36713026649238,1.36713026649238,0.546023910204472,-1.50185685801035,-0.292996429980289
"3f97103b-9c36-40df-b3d3-88e9b118f5ce.rna_seq.augmented_star_gene_counts.tsv","C1",2.36786561195717,2.36786561195717,-0.205102478942059,-2.09045619887013,-0.0859530759580057
"8a8dab8f-000a-46bc-9e8e-de80237aed4c.rna_seq.augmented_star_gene_counts.tsv","C4",0.924270175487754,-0.730390613508967,-0.48769116676055,0.924270175487754,0.464065046186651
"791c5e20-ea2c-483e-b409-bea457466497.rna_seq.augmented_star_gene_counts.tsv","C2",0.730299789537661,-0.300155167394553,0.730299789537661,0.149920261381346,-0.867243040991957
"e790bff9-6d2d-48b7-af55-b1029378322e.rna_seq.augmented_star_gene_counts.tsv","C1",1.26998328498337,1.26998328498337,0.42412886208599,-0.994080413574994,-1.29882001963462
"774c4255-87c8-4e0d-9f23-64ac32174a82.rna_seq.augmented_star_gene_counts.tsv","C5",1.90765673465036,-0.918750322005138,-1.29519344078249,0.549221881121247,1.90765673465036
"7d14ddef-7a1b-4515-9536-3fc4a9b85702.rna_seq.augmented_star_gene_counts.tsv","C4",0.181640326719486,-0.25200631221129,-0.481295732574929,0.181640326719486,-0.187828311751849
"9b68eedc-cd12-4d48-865c-d69aec556dd4.rna_seq.augmented_star_gene_counts.tsv","C2",2.61274280116554,-0.688044983418063,2.61274280116554,0.395635440609564,-1.17544275535436
"f0cdf1bd-137e-42cf-a98f-dc9dd37ae19d.rna_seq.augmented_star_gene_counts.tsv","C1",0.130277113966769,0.130277113966769,-0.0167392997286589,0.0201851283291148,-0.135317187262125
"57bfee10-7547-4a15-a774-23ea7e6cf5e9.rna_seq.augmented_star_gene_counts.tsv","C4",0.59117576055716,-0.619789873728755,0.0265961722175612,0.59117576055716,-0.143093618102504
"d0f28c51-328f-4573-a872-a3ef811d18ca.rna_seq.augmented_star_gene_counts.tsv","C4",0.756172496198384,-0.869155485448524,-0.603927587097422,0.756172496198384,0.06135934895783
"36e1390b-65ee-499f-8247-df984c24547f.rna_seq.augmented_star_gene_counts.tsv","C1",2.0878158166288,2.0878158166288,1.1723274510277,-1.834416047492,-1.17937597013408
"73fb7bab-b6f9-4411-a0f2-48f884eb5679.rna_seq.augmented_star_gene_counts.tsv","C1",0.682489455633726,0.682489455633726,-0.0610266081530867,-0.31257582325427,-1.20941738724042
"c6996478-e874-456e-ad0c-296658d8baa2.rna_seq.augmented_star_gene_counts.tsv","C1",1.0358222515062,1.0358222515062,-0.548471545158751,-1.14252650572198,0.259849542239165
"0f3919e2-e4d0-4394-9cba-88b8653694a0.rna_seq.augmented_star_gene_counts.tsv","C5",1.35255215716232,-0.519891604610918,-1.1508825223675,0.368149352078418,1.35255215716232
"25ff83ac-f657-473a-a0d0-fd5e98e2f691.rna_seq.augmented_star_gene_counts.tsv","C1",1.67533295384552,1.67533295384552,0.433199227101271,-1.46676101838729,-0.649532979086817
"ff23c7dc-14a8-43a4-a00b-3bafdc645e46.rna_seq.augmented_star_gene_counts.tsv","C2",1.99017617695691,0.144655472243731,1.99017617695691,-0.108631876053891,-1.30963005082177
"24de03d9-8635-4173-ad2b-08d01f7ff27f.rna_seq.augmented_star_gene_counts.tsv","C5",1.76933544029495,-0.318246651560642,-1.37353319932758,0.0714888946322507,1.76933544029495
"cfdb5780-7a6a-41ec-80f6-1405a06ba81d.rna_seq.augmented_star_gene_counts.tsv","C5",0.760484422368504,-0.807866691318915,-0.900298082154835,0.49167938380752,0.760484422368504
"f3aafcfa-9e92-4d07-905c-c9b4fdd276c0.rna_seq.augmented_star_gene_counts.tsv","C2",0.759312395394994,-0.442336874719797,0.759312395394994,0.216774388470543,-0.0182830330056881
"962fb836-bac4-4da3-8705-fe9a5cacde8e.rna_seq.augmented_star_gene_counts.tsv","C1",3.3473738848833,3.3473738848833,-0.522009628089553,-3.28839958600351,0.12908167762812
"d936e585-e711-48ec-955f-ef3dc5ca7353.rna_seq.augmented_star_gene_counts.tsv","C1",2.58236610245374,2.58236610245374,0.346874423109681,-2.71389650838914,-0.177360548145384
"c18d6e53-5ede-44c8-a80a-0b961d59a094.rna_seq.augmented_star_gene_counts.tsv","C1",1.81724633924086,1.81724633924086,0.25514057343869,-1.59555155681072,-0.683011088392604
"c0b634eb-856b-491e-ab86-3088950176d9.rna_seq.augmented_star_gene_counts.tsv","C5",0.320805647505003,-0.50526214018758,-0.177510534408628,0.286683132598975,0.320805647505003
"bbb907c3-ad29-4255-9b4c-764d052db122.rna_seq.augmented_star_gene_counts.tsv","C5",0.470577528826867,-0.70927196064191,-0.436444705930009,0.424372544077559,0.470577528826867
"c0e46d22-7732-4048-b5e9-7e631f7a797a.rna_seq.augmented_star_gene_counts.tsv","C1",0.297110592553161,0.297110592553161,-0.224389482347363,-0.142793505565273,-0.436170173630211
"391b894d-7639-4e12-97f1-e189233505ff.rna_seq.augmented_star_gene_counts.tsv","C5",1.70408755078493,-0.805588886708072,-1.32904451901038,0.529887193153299,1.70408755078493
"fcd1465c-ddbb-438c-81c9-9be12b5327af.rna_seq.augmented_star_gene_counts.tsv","C4",0.905664944974428,-0.874894454373582,0.187757244143517,0.905664944974428,-0.493458737140272
"7a647483-f972-492c-972d-63b7eff7beff.rna_seq.augmented_star_gene_counts.tsv","C4",0.785109699435473,-0.722667895980624,-0.4164146451448,0.785109699435473,-0.430581345433661
"7bac05ec-f793-4b99-b1d1-c848f0c69b60.rna_seq.augmented_star_gene_counts.tsv","C1",0.0447474903928931,0.0447474903928931,-0.0866752161543491,-0.0533808277975175,-1.73543242507168
"cf8f83cf-db75-479f-8f27-f0d74f262c91.rna_seq.augmented_star_gene_counts.tsv","C1",1.59490968430278,1.59490968430278,-0.467669674184731,-1.3858965472281,0.239027374712075
"253e8a92-35ff-45b4-bf43-8f52d62ca993.rna_seq.augmented_star_gene_counts.tsv","C1",1.77415124905218,1.77415124905218,0.36031847362854,-1.333863486918,-0.236741393207142
"85db4a2d-ca76-4a24-8f69-c4ae6a781879.rna_seq.augmented_star_gene_counts.tsv","C5",1.53426409002403,-0.38684733048929,-1.25625501576755,0.198761498050656,1.53426409002403
"bc3bc9f5-e99c-4384-a528-5dc71d1a5a19.rna_seq.augmented_star_gene_counts.tsv","C4",0.672374003045426,-0.520531365476065,-0.879071139275914,0.672374003045426,0.575543851315848
"80fe180c-eb5d-4f12-88fb-112e36a48e46.rna_seq.augmented_star_gene_counts.tsv","C5",1.73034312199009,-0.602920378891715,-1.22785034428932,0.331222991600934,1.73034312199009
"be93160b-4c67-48f1-8bdf-23d29b8c815d.rna_seq.augmented_star_gene_counts.tsv","C5",2.20038861545225,-0.517220536375668,-1.48820391778015,0.32919700642011,2.20038861545225
"1521da11-ee78-464f-830f-2111e5713ee9.rna_seq.augmented_star_gene_counts.tsv","C5",0.240803349850597,-0.0367785708360771,-0.192287568195443,0.0753724892235931,0.240803349850597
"3357f780-0eed-4559-9608-c02191b5fad3.rna_seq.augmented_star_gene_counts.tsv","C5",0.850920825584456,-0.848283092018403,-0.67911158016899,0.606969950066235,0.850920825584456
"dc82e1cb-e108-4727-ba00-1beced69a2f3.rna_seq.augmented_star_gene_counts.tsv","C5",0.734972456164192,0.435449735658782,-0.412207234953959,-0.518616884705966,0.734972456164192
"765e86db-4d7e-4b17-9051-3d7ee32df82a.rna_seq.augmented_star_gene_counts.tsv","C1",1.07052490746782,1.07052490746782,-0.095537497162493,-0.821435589236416,-0.998048601029552
"0b5a3a02-abbb-405e-b392-4944e778e2be.rna_seq.augmented_star_gene_counts.tsv","C1",0.596510613923605,0.596510613923605,0.550695811758859,-0.366949587099627,-0.59629343966994
"68faaf7b-ec8b-4e35-b86d-54f927585c61.rna_seq.augmented_star_gene_counts.tsv","C5",0.944954435020265,-0.182882374441317,-1.10631906950998,0.00919024078691019,0.944954435020265
"c2be3377-97dd-42be-887d-c9bf57034c98.rna_seq.augmented_star_gene_counts.tsv","C4",0.713752098625112,-0.461655138788823,0.305125252036493,0.713752098625112,-0.31173526971001
"bd47a9d9-3e0e-4eef-ae47-887016a2df2d.rna_seq.augmented_star_gene_counts.tsv","C4",0.963406653740969,-0.790630687506237,0.614076612148967,0.963406653740969,-0.766643477110825
"7d0b634a-b842-4f7c-afd3-9ba129e38da1.rna_seq.augmented_star_gene_counts.tsv","C4",0.662710442465182,-0.688037273764346,-0.043372713046279,0.662710442465182,0.183881600617985
"a0a073aa-4198-4139-b0d3-ce95e1fa4327.rna_seq.augmented_star_gene_counts.tsv","C2",0.556730931443724,-0.479681582539588,0.556730931443724,0.486269637139371,-0.114549064929112
"1fbf116b-6325-42ef-94d2-dfdda4aa8d9f.rna_seq.augmented_star_gene_counts.tsv","C2",1.39969553124939,-0.613726704609636,1.39969553124939,0.51195823935251,-1.02297743001267
"1a807944-1fce-4a18-ae2b-f19a8f13e4d7.rna_seq.augmented_star_gene_counts.tsv","C2",1.06882345930373,-0.349225244959847,1.06882345930373,0.510208490142353,-0.944744925133139
"14ad7b5f-80d5-4271-b46c-bbed630b59bf.rna_seq.augmented_star_gene_counts.tsv","C5",1.2659359445826,-0.330000552145038,-1.2233184406029,0.392447481250918,1.2659359445826
"0328d523-1d48-483a-abc6-40787ed24b72.rna_seq.augmented_star_gene_counts.tsv","C1",2.88622048191414,2.88622048191414,-0.145139641072771,-2.62747766148896,-0.0699122864042675
"57904f56-c3b6-4e82-84f2-70b47173d7bc.rna_seq.augmented_star_gene_counts.tsv","C5",0.94049682888869,-0.768957408508842,-0.885413032300978,0.533566847527804,0.94049682888869
"62c68df4-4b67-4c05-9cf4-f0f2e878b59e.rna_seq.augmented_star_gene_counts.tsv","C1",0.574206911590017,0.574206911590017,0.328709067521552,-0.790673316259591,0.311012323546918
"4ca1b467-0af2-4867-bd68-28bcb2cb1264.rna_seq.augmented_star_gene_counts.tsv","C1",1.25115607985943,1.25115607985943,-0.476413266890747,-1.41990749244573,0.59612973761173
"a08f5098-e161-40dd-b807-216cf71ebcce.rna_seq.augmented_star_gene_counts.tsv","C5",0.930517988570113,-0.952625327488876,-0.596600494663868,0.920920126822495,0.930517988570113
"dca2da37-67cd-408e-a2da-325550471381.rna_seq.augmented_star_gene_counts.tsv","C1",0.863982914721689,0.863982914721689,0.601364671965323,-0.715083022118024,-0.875551654571896
"37cd0a64-830c-417b-8df6-71408fa87ecd.rna_seq.augmented_star_gene_counts.tsv","C1",2.01544640493257,2.01544640493257,-0.76406652778149,-1.97051503298353,0.797968706079796
"03c8e4fe-1e07-4ea3-a154-c17c2e8af508.rna_seq.augmented_star_gene_counts.tsv","C2",0.449495271765451,0.332070236627952,0.449495271765451,-0.439348999864379,-0.270279614334351
"b6984d71-6903-423e-a1b0-e98ccc3be29f.rna_seq.augmented_star_gene_counts.tsv","C1",1.72859305218918,1.72859305218918,1.19232503269035,-1.74052374780336,-0.733001631984976
"ac2d95d8-5495-476e-860c-5c646b3b740e.rna_seq.augmented_star_gene_counts.tsv","C1",0.989855810367686,0.989855810367686,-0.35069389597999,-1.04464379463178,-0.109351280254823
"109c4aee-66f6-4015-8fab-969bd538fd61.rna_seq.augmented_star_gene_counts.tsv","C1",0.941012007080503,0.941012007080503,-0.684638655455783,-1.08976488284045,0.883427077985304
"7370550b-9232-4382-ba1c-5d3ff2a69da1.rna_seq.augmented_star_gene_counts.tsv","C4",0.779748153817277,-0.760763351211237,0.0685771657417891,0.779748153817277,-0.153452642289824
"d9b8df95-099e-400e-895d-9f2d5ce4f348.rna_seq.augmented_star_gene_counts.tsv","C2",1.19951827195222,-0.780028986151756,1.19951827195222,0.610063735831162,-0.332850537502732
"fa7c3641-365e-469d-86fd-2e6de18e49fc.rna_seq.augmented_star_gene_counts.tsv","C5",0.231947090002438,-0.158767705998,-0.0630066371242086,0.0865028175672534,0.231947090002438
"03752bc9-46d3-4f39-8313-3050134be0db.rna_seq.augmented_star_gene_counts.tsv","C5",0.553764986613912,0.0107255038485785,-0.422853622301525,-0.0463766666829248,0.553764986613912
"21d6ea46-7964-4c21-8829-13f2cfd99829.rna_seq.augmented_star_gene_counts.tsv","C2",1.22729170729611,0.115380038966221,1.22729170729611,-0.191743384976564,-0.596152868734676
"c3955ac8-3d67-448a-9cdd-683afd745ffa.rna_seq.augmented_star_gene_counts.tsv","C2",2.73066056314998,-0.467006866796693,2.73066056314998,0.920700232400249,-2.09590200899511
"cad2eb6b-0dff-4e52-9d0e-baf5f4997089.rna_seq.augmented_star_gene_counts.tsv","C2",0.554598212047981,-0.698997778922079,0.554598212047981,0.498237468475294,0.143628661873696
"91ce2bbd-b743-4250-98c3-42fec28b9d49.rna_seq.augmented_star_gene_counts.tsv","C1",0.703943044538488,0.703943044538488,0.168607450507634,-0.776532433415244,0.112888598949525
"6ec47cac-85ce-4536-a51d-346a0e281261.rna_seq.augmented_star_gene_counts.tsv","C4",0.763573255787105,-0.708277990290084,0.532237102813388,0.763573255787105,-0.725295514123508
"fdf2c36f-0cee-44d6-8d80-2717b9d044bb.rna_seq.augmented_star_gene_counts.tsv","C2",4.65790860363745,0.82026101801645,4.65790860363745,-0.98866608950595,-2.28311197052014
"5e46819c-e79e-496f-9903-82b5c155a78b.rna_seq.augmented_star_gene_counts.tsv","C2",2.31270814294373,-0.464405568244174,2.31270814294373,0.432085689004073,-1.97893362602124
"5257902c-d131-4599-aa89-6a318efb0586.rna_seq.augmented_star_gene_counts.tsv","C2",0.995385843682171,0.361219820683419,0.995385843682171,-0.0545630738490262,-2.05134185343288
"50c62016-a463-4dba-a179-146df17fb5dd.rna_seq.augmented_star_gene_counts.tsv","C5",1.73338018684768,-0.941872373353331,-1.32168203863077,0.700597234694461,1.73338018684768
"f9e43abb-04fc-45c2-9a74-61a2bea4eeec.rna_seq.augmented_star_gene_counts.tsv","C4",0.971727971867587,-0.814334034444114,0.771430318703496,0.971727971867587,-0.960221565874209
"b4388ff2-9482-41b4-a80b-a361ec3ef4d8.rna_seq.augmented_star_gene_counts.tsv","C5",0.961558057337934,0.749460955947896,-0.955221810971176,-0.827538175735141,0.961558057337934
"6670929c-6c96-4256-affa-910687f99a45.rna_seq.augmented_star_gene_counts.tsv","C2",1.73567180747022,-0.731784098414028,1.73567180747022,0.713972803912795,-1.68585928370975
"525a600e-544a-436f-926e-522ad287f188.rna_seq.augmented_star_gene_counts.tsv","C5",1.3365247384716,-0.518124198983811,-1.10738186987418,0.355625212960474,1.3365247384716
"a2e43a42-ba42-4666-8431-47d4dc22dba2.rna_seq.augmented_star_gene_counts.tsv","C5",1.10398071838119,-0.844237329092961,-0.91727314090768,0.65218085336433,1.10398071838119
"d59c9b4d-960f-4fd7-9a78-6b3bd9d31e06.rna_seq.augmented_star_gene_counts.tsv","C4",2.8776949093086,-0.838204618175626,-0.558282385424427,2.8776949093086,-0.993943318200962
"d7735ff1-203e-4a8b-b189-e36fa25da887.rna_seq.augmented_star_gene_counts.tsv","C5",1.21083610980751,0.329105922298392,-0.921830821268095,-0.69759299854717,1.21083610980751
"6311e779-54f1-4b2e-b3f0-488145efbd02.rna_seq.augmented_star_gene_counts.tsv","C4",0.587694934149085,-0.675953726289993,0.305776040173621,0.587694934149085,-0.173600410989652
"6f9bb9a5-b2d8-42c1-94fc-05eb778c1f0d.rna_seq.augmented_star_gene_counts.tsv","C5",0.752347577633722,-0.134713600949802,-0.630056202901709,0.0366314531338714,0.752347577633722
"d905f784-10c0-466f-b2a9-58b12bf69e1d.rna_seq.augmented_star_gene_counts.tsv","C2",1.13745247644413,-0.0433312385191054,1.13745247644413,0.255674058315862,-0.807983275548884
"ad4b3bef-a8f4-47ca-b0a2-e7a7dbb0ecdc.rna_seq.augmented_star_gene_counts.tsv","C2",0.953691784540218,-0.351638503888481,0.953691784540218,0.44130236479886,-1.0380094693727
"807a3beb-0dfc-42b6-9995-1c93b73ce349.rna_seq.augmented_star_gene_counts.tsv","C1",1.54174566307503,1.54174566307503,1.00573576572283,-1.29846063116121,-1.07426221798198
"c3482424-68d5-43cd-a75c-a1cefa68e6d0.rna_seq.augmented_star_gene_counts.tsv","C1",0.758923948248856,0.758923948248856,0.672644132747826,-0.659748036424364,-1.11063773688935
"13e069ad-b3f9-48e6-93f8-24060058ed43.rna_seq.augmented_star_gene_counts.tsv","C2",1.75187200648847,-0.558525729237406,1.75187200648847,0.49687456463602,-0.783027694579454
"24fb0a8d-34f2-4cac-9b8c-03c2503a34fd.rna_seq.augmented_star_gene_counts.tsv","C1",1.1088928334511,1.1088928334511,-0.859825352498264,-1.01745987406881,-0.40430886969895
"8b8aae66-3fb7-4875-81e3-601ccbc3bb82.rna_seq.augmented_star_gene_counts.tsv","C2",2.5833866704067,0.738618169260476,2.5833866704067,-0.816343183240158,-1.61330065665676
"4793d6ae-2289-4825-9d9b-5b217a0837e5.rna_seq.augmented_star_gene_counts.tsv","C4",0.597180735458193,-0.522465797313304,0.480409804499552,0.597180735458193,-0.592102837600728
"4d8ce68c-cba9-44e2-be95-477c938fdd73.rna_seq.augmented_star_gene_counts.tsv","C1",0.399200797978998,0.399200797978998,-0.133734883625718,-0.184813428312779,-0.12784098684794
"03462bef-e22d-42c1-8360-f2a3404e698d.rna_seq.augmented_star_gene_counts.tsv","C1",1.71973736338879,1.71973736338879,0.373195621404625,-1.75417720278928,-0.636893247227495
"9ae61124-172b-4d16-aadc-bc7c096002cf.rna_seq.augmented_star_gene_counts.tsv","C4",0.87111917786119,-0.834053704862459,-0.170477910375226,0.87111917786119,0.310048191197875
"2458e827-5ac6-4d31-8ad4-b335e7f787cd.rna_seq.augmented_star_gene_counts.tsv","C1",0.862408417257903,0.862408417257903,-0.57198847128002,-0.613233442963664,0.278243368059605
"00d52735-8d5a-405b-a26f-52a4f1ab6df8.rna_seq.augmented_star_gene_counts.tsv","C2",1.84073387518074,-0.493138157411817,1.84073387518074,0.451541911017549,-0.624292992229274
"94e50abd-1c5d-4267-b36e-25d229716049.rna_seq.augmented_star_gene_counts.tsv","C1",0.465138722525486,0.465138722525486,-0.588060819886877,-0.0843165840324165,0.0563227596777145
"532e54f3-48e3-466f-8d1c-61f62fe31cc4.rna_seq.augmented_star_gene_counts.tsv","C5",0.562839279269141,0.556422815074813,-0.1431565676335,-0.721332568836918,0.562839279269141
"88e85e7b-16f4-484a-8f20-541f0900ff44.rna_seq.augmented_star_gene_counts.tsv","C1",0.457527783128023,0.457527783128023,0.00140457718482186,0.0161035148669622,-0.807674777637679
"7de8593c-b0fc-4a23-a1e9-9a066502777b.rna_seq.augmented_star_gene_counts.tsv","C4",0.468739340489083,-0.451770634815731,-0.724835619666907,0.468739340489083,0.147464949014786
"f6e55165-bb0d-4bb1-9f72-f29d355b7b8d.rna_seq.augmented_star_gene_counts.tsv","C2",1.11774404298032,0.450955025261069,1.11774404298032,-0.423280463714266,-1.46810409725287
"d6472bd0-b4e2-4ed1-a892-e1702c195dc7.rna_seq.augmented_star_gene_counts.tsv","C4",0.80170835870588,-0.709877337519793,-1.03032399943282,0.80170835870588,0.796432772539844
"06bfef84-bc96-4d26-a658-3da2432dd948.rna_seq.augmented_star_gene_counts.tsv","C4",0.638573532554445,-0.711543933620067,0.468432508477919,0.638573532554445,-0.461135775904985
"e7ae8300-261d-4bea-9ecd-3d7f551daefc.rna_seq.augmented_star_gene_counts.tsv","C1",1.45721315034737,1.45721315034737,1.16438988769946,-1.44331782091868,-1.24636516615765
"5d9a6911-c16e-4b16-8d56-2b99a9fbce3f.rna_seq.augmented_star_gene_counts.tsv","C4",0.612525574790588,-0.550072433543765,-0.718480598089921,0.612525574790588,0.487352303414368
"4d444647-db80-41e2-b7dd-148690e2b3c2.rna_seq.augmented_star_gene_counts.tsv","C1",1.71829176181503,1.71829176181503,0.0779722950507134,-1.71119859748516,-0.54590222309928
"ecf72b78-167b-4353-87bd-ca38c7c1d0a0.rna_seq.augmented_star_gene_counts.tsv","C4",0.434941980317912,-0.498864348301518,-0.108200055502298,0.434941980317912,0.0647028639782589
"3906ba4a-96da-4833-a237-b402ffe42da5.rna_seq.augmented_star_gene_counts.tsv","C2",0.366415704979738,0.327144428962161,0.366415704979738,-0.0835645421568595,-0.499968533541774
"793b24af-b8e0-4ecd-a07a-5710a4cb67bc.rna_seq.augmented_star_gene_counts.tsv","C4",0.912615355378316,-1.07705157966922,-0.435798294017634,0.912615355378316,0.611828796836009
"f5f0cecd-ef58-47e5-a8e9-0788d7f00248.rna_seq.augmented_star_gene_counts.tsv","C2",0.565980301774276,0.0219333125651969,0.565980301774276,0.067727176980415,-0.863520315186569
"7ac150f1-a758-4259-b65d-52e51bc3fb1f.rna_seq.augmented_star_gene_counts.tsv","C4",0.231219130567782,-0.454465849381458,-0.439411605031455,0.231219130567782,0.101159636893181
"0328fb2d-b622-4d82-b5a5-674d30212caa.rna_seq.augmented_star_gene_counts.tsv","C1",2.23514981550628,2.23514981550628,0.541310575446158,-2.25393291521182,-0.665760483472084
"1e36ddde-f989-45b5-a887-d7c6ac41aaeb.rna_seq.augmented_star_gene_counts.tsv","C2",4.01780821185839,-0.678023987546505,4.01780821185839,0.435341104420374,-2.15529014281522
"1730a0a1-8a5a-4532-a35e-4e4db4a4b4b6.rna_seq.augmented_star_gene_counts.tsv","C2",2.43786685912918,-0.442287887011035,2.43786685912918,0.682315420320136,-3.01940812914224
"861aa222-1133-4423-9746-6a0d1b8e5163.rna_seq.augmented_star_gene_counts.tsv","C5",1.06990157067248,-0.767636180030158,-0.674087994352482,0.645935190853142,1.06990157067248
"8e1e205e-342c-4434-a78d-fc206a85003d.rna_seq.augmented_star_gene_counts.tsv","C1",2.39362295774016,2.39362295774016,0.403965331857509,-2.4481424880317,0.0664815964848584
"1155a6cd-3dce-40d1-a498-d9843ab20901.rna_seq.augmented_star_gene_counts.tsv","C5",1.22104602972109,-0.670787050767196,-0.956844187976047,0.623858151893223,1.22104602972109
"de46493c-07c7-4884-9361-8ab7d5cd0a72.rna_seq.augmented_star_gene_counts.tsv","C4",0.272969975094475,-0.123385680602014,-0.585896042256532,0.272969975094475,-1.00425630233717
"9502e51f-a360-4ca0-92fa-70f78ecf9b04.rna_seq.augmented_star_gene_counts.tsv","C2",1.99763111806675,-0.614039209776101,1.99763111806675,0.492918922114077,-0.754258566146538
"d34ab5f4-ced0-436d-be8e-28f8f58e228d.rna_seq.augmented_star_gene_counts.tsv","C4",0.442372260984825,-0.422651391547348,-0.296390322024703,0.442372260984825,0.401734996148915
"0538f774-31e5-4f0f-868e-c651a2551cb3.rna_seq.augmented_star_gene_counts.tsv","C2",1.08308988925818,-0.679644384224915,1.08308988925818,0.839184074969788,-1.06245035598122
"412e9725-b56c-4b7b-b6cb-6d32ccddb96d.rna_seq.augmented_star_gene_counts.tsv","C5",1.60404220501482,-0.434588666271385,-1.22387527344593,0.156789461067418,1.60404220501482
"676462aa-e44e-4f39-a9cb-222e8815bdfc.rna_seq.augmented_star_gene_counts.tsv","C4",0.618380748220123,-0.770568573373065,0.32736876074732,0.618380748220123,-0.665062258304156
"68021dd4-be26-40e0-b69d-de199b6ea838.rna_seq.augmented_star_gene_counts.tsv","C5",0.981002433006299,-0.257159147994083,-1.08889778262676,0.0653793185181655,0.981002433006299
"ad063208-3c51-45f6-88c8-0a802df75182.rna_seq.augmented_star_gene_counts.tsv","C2",2.52954447744505,0.74152632694994,2.52954447744505,-0.62389996929664,-2.19698469204498
"fb2b534e-f659-4f1f-8f03-7be4818b3547.rna_seq.augmented_star_gene_counts.tsv","C4",0.508396078886599,-0.680451117261361,-0.568041594876394,0.508396078886599,0.456537309298281
"ba7d73f8-16bf-493c-bb33-9121ceda8a89.rna_seq.augmented_star_gene_counts.tsv","C2",1.00252028665172,-0.423761441934309,1.00252028665172,0.453150135411395,-0.235250089157478
"876a27db-292d-49f1-80b9-da35cb0cb186.rna_seq.augmented_star_gene_counts.tsv","C5",0.815282540684671,-0.643841504427942,-0.655288379714796,0.545649400970699,0.815282540684671
"278dc83a-1488-4a81-8e24-56b784c77796.rna_seq.augmented_star_gene_counts.tsv","C1",5.23755247458407,5.23755247458407,0.342742723670383,-4.92435189718077,-0.779610976479303
"23d2011e-aab7-4dda-b818-55d6fa86503b.rna_seq.augmented_star_gene_counts.tsv","C5",1.83846751113587,-0.489769776095414,-1.30449945350665,0.251841370902299,1.83846751113587
"f691c28c-5b0d-4b28-8b05-030dd07a2b13.rna_seq.augmented_star_gene_counts.tsv","C1",0.710610248600352,0.710610248600352,-0.158975477837397,-0.818269367017529,0.400547443690518
"22a0a810-bcf2-4e89-aa7d-bcbdbf88fb82.rna_seq.augmented_star_gene_counts.tsv","C2",0.833053808780337,-0.482849215797312,0.833053808780337,0.610574827739252,-0.960098252778364
"037a7fa8-e684-4548-805c-845c3df9e188.rna_seq.augmented_star_gene_counts.tsv","C4",0.799477780895554,-0.917774768381096,-0.251463067873089,0.799477780895554,-0.183347740327581
"e5122ef6-16e7-4c8b-882c-737ace21f6a1.rna_seq.augmented_star_gene_counts.tsv","C1",3.96233030447662,3.96233030447662,0.819083887571649,-3.61004749948804,-1.22047115018126
"1c955b7d-6c23-4f92-83d5-d5420d3e6d22.rna_seq.augmented_star_gene_counts.tsv","C5",0.808176256562377,0.0900304252663269,-0.779951189802753,-0.324210649317469,0.808176256562377
"b44c4388-8fd4-4d11-90f9-bd7497707b73.rna_seq.augmented_star_gene_counts.tsv","C5",0.538732487854136,-0.518911120723453,-0.431795879602457,0.479240887117305,0.538732487854136
"ba187e93-15e0-4681-9c0f-f4d346cfe1a8.rna_seq.augmented_star_gene_counts.tsv","C5",0.621009303404812,-0.576554449885634,-0.0774164607355137,0.459821551510025,0.621009303404812
"767664c5-0307-4a70-aaea-6601aa45e546.rna_seq.augmented_star_gene_counts.tsv","C1",0.864285825327827,0.864285825327827,-0.795558479673535,-0.639976478587474,0.350904730086293
"78c61237-b889-4cb8-bb8e-eacd33b3538f.rna_seq.augmented_star_gene_counts.tsv","C5",1.66746005878827,0.277862862581093,-1.06256814982513,-0.721880146908642,1.66746005878827
"d94d6def-9d09-4ef8-8fd7-7866664d20dd.rna_seq.augmented_star_gene_counts.tsv","C1",1.66770864738188,1.66770864738188,-0.399654408013268,-1.69039535966556,0.565445582945858
"04f0900d-efc7-498d-a8eb-aea677094877.rna_seq.augmented_star_gene_counts.tsv","C1",2.54923011861942,2.54923011861942,-0.837794388446236,-2.30010977565515,0.236833401518132
"ce797402-bbd4-4ad0-8b02-b44d6b30f70e.rna_seq.augmented_star_gene_counts.tsv","C1",2.71540221186725,2.71540221186725,-0.174135994756584,-2.44641298729877,-0.347499936858324
"72e3b5ff-0679-4d43-a7c2-697635faa1fc.rna_seq.augmented_star_gene_counts.tsv","C5",0.675534953782408,-0.106715669290667,-0.729299065932885,0.00090994630835104,0.675534953782408
"1d39253a-1714-4371-942f-98acaf24a4f9.rna_seq.augmented_star_gene_counts.tsv","C1",0.994045304051942,0.994045304051942,-0.470277692912621,-0.98614367447769,0.108504777684093
"bf0b1fa1-16b5-44ed-bbdd-535835f2c4e9.rna_seq.augmented_star_gene_counts.tsv","C5",1.15811560405636,-0.120318084364547,-1.08635260046417,0.0324111941161142,1.15811560405636
"3245bf16-6e24-4585-86c3-6eebac80d2c9.rna_seq.augmented_star_gene_counts.tsv","C2",2.2558548852529,0.0942536890783964,2.2558548852529,0.197636977482653,-1.52942751222848
"21ff9928-00f0-4b96-8d70-35e9bfad5d40.rna_seq.augmented_star_gene_counts.tsv","C5",1.22379023891103,-0.664418067967104,-1.275653783892,0.372281476339972,1.22379023891103
"846a9737-f1d2-4c15-8023-360f22805491.rna_seq.augmented_star_gene_counts.tsv","C5",0.482260465769124,-0.147533288631768,-0.104947086531188,0.0733459694758655,0.482260465769124
"62bea110-bff8-4d67-a920-77d3f2d85d13.rna_seq.augmented_star_gene_counts.tsv","C5",0.994148673655675,0.24234004008491,-1.03541992663666,-0.362949728558837,0.994148673655675
"0b6de433-c314-478c-93bc-2961355b43ce.rna_seq.augmented_star_gene_counts.tsv","C2",0.99135469087006,0.204007438879725,0.99135469087006,0.0125156742271882,-1.20783724276863
"e4345410-d8f9-498c-b4fe-d6e951bd1f9c.rna_seq.augmented_star_gene_counts.tsv","C5",0.986525326863859,-0.3586904481506,-0.654444690236713,0.17341399201458,0.986525326863859
"d779f8e6-b653-4d7e-bfa4-729b9caf329d.rna_seq.augmented_star_gene_counts.tsv","C5",0.580086478235811,-0.595104753230128,-0.84095745859524,0.576337089268253,0.580086478235811
"eb300488-c9f0-4cb4-9bf5-00fc749360b9.rna_seq.augmented_star_gene_counts.tsv","C2",0.706128566222044,0.192666818059029,0.706128566222044,-0.0342214368168711,-1.7256143282806
"59fd8143-0e82-4c16-acb3-c54e518248fb.rna_seq.augmented_star_gene_counts.tsv","C1",0.478497226575472,0.478497226575472,0.22585201496047,-0.458413760290207,0.247742151001448
"cac17859-2779-4a77-98b7-3c6e392f0f1e.rna_seq.augmented_star_gene_counts.tsv","C2",0.930018234764673,-0.791281952173695,0.930018234764673,0.835546928526059,-0.963019090324567
"8e3391f6-45fe-43c4-8b3d-2d247e75e223.rna_seq.augmented_star_gene_counts.tsv","C2",1.74301682715875,-0.404829007257675,1.74301682715875,0.685952228369228,-1.25032269970934
"f08b0e14-26ec-4a08-8668-66d0137d72b1.rna_seq.augmented_star_gene_counts.tsv","C4",0.649623676776767,-0.247510827007504,-0.273960926125513,0.649623676776767,0.354304692800015
"c5de138c-103d-4a75-a2eb-7279c1046d0d.rna_seq.augmented_star_gene_counts.tsv","C5",1.70111008967282,-0.854073611107919,-1.39984574905886,0.423399030371334,1.70111008967282
"e2282ea0-e21f-439d-899b-55a42119cd50.rna_seq.augmented_star_gene_counts.tsv","C4",0.377170293236638,-0.194964696221821,0.327747770643783,0.377170293236638,-1.1722376608123
"e0359ee9-8ff1-4f46-9d5e-6dd51f0d7d6a.rna_seq.augmented_star_gene_counts.tsv","C5",0.942113831610573,-0.253061125020707,-0.53955087316403,0.180699770169344,0.942113831610573
"e8725b9d-f94d-4206-bb2b-4f67ad48487a.rna_seq.augmented_star_gene_counts.tsv","C4",0.280392225916429,-0.00308114673239065,-0.281096020590703,0.280392225916429,-0.287466582816789
"161a0325-0f8a-4d41-be34-6740025c4435.rna_seq.augmented_star_gene_counts.tsv","C2",1.27539037011954,-0.659442432920509,1.27539037011954,0.466076892484454,-0.47051149595414
"2d1f87db-68ea-4a99-beab-ac630a5b407a.rna_seq.augmented_star_gene_counts.tsv","C1",2.85736758267485,2.85736758267485,0.141798623672035,-2.61807420118521,-0.239156053478289
"7477b82e-dc6c-4bf4-ba14-b7d33a867161.rna_seq.augmented_star_gene_counts.tsv","C5",1.10968746529321,0.732753027877818,-0.914347673285193,-0.771671409539789,1.10968746529321
"4f1e300b-a17e-4226-ab42-802c382ac826.rna_seq.augmented_star_gene_counts.tsv","C4",0.697422106149987,-0.89072393468523,-0.436869542897894,0.697422106149987,0.339882683248453
"b7b8a33a-46af-4ae9-aea3-a8d18d27c0ab.rna_seq.augmented_star_gene_counts.tsv","C5",0.16907865085535,-0.039897008258096,-0.0712597699917281,-0.0345358181830549,0.16907865085535
"6e7487d8-ad27-46b8-9a50-eab558676946.rna_seq.augmented_star_gene_counts.tsv","C4",0.533941310892077,-0.63112632092581,-0.100611652950338,0.533941310892077,0.177761103268561
"880f1d5d-52b1-494c-83ed-164437af010f.rna_seq.augmented_star_gene_counts.tsv","C4",0.817802868747567,-0.703515316191787,0.678029295289189,0.817802868747567,-0.591341328298646
"e945ff79-76d6-4466-a346-82305415a268.rna_seq.augmented_star_gene_counts.tsv","C4",1.17084581777182,-0.765385694730482,0.877191509634224,1.17084581777182,-0.587069316301237
"505c0f45-5452-4d4c-aecf-35d78b41a3b4.rna_seq.augmented_star_gene_counts.tsv","C1",1.80107881146696,1.80107881146696,0.841527233863693,-1.69797725526345,-0.759225654208776
"40578293-a4b2-449e-bcdb-f6ae9bfbc3e2.rna_seq.augmented_star_gene_counts.tsv","C5",1.28852465786034,-0.722985381427178,-1.17990752275741,0.578987045623007,1.28852465786034
"c584aa52-c1dd-4397-8dea-0b7a36ab1f54.rna_seq.augmented_star_gene_counts.tsv","C5",1.46867523756678,-0.0234069318992981,-1.22664300722477,-0.334403414312841,1.46867523756678
"2b12b5be-f274-4a43-b69b-24b736e2bcac.rna_seq.augmented_star_gene_counts.tsv","C5",1.20721174068123,-0.91951816420981,-1.23631474461711,0.830066324009293,1.20721174068123
"216248b8-0db2-464b-ab1d-0253d71dc54d.rna_seq.augmented_star_gene_counts.tsv","C1",1.68457692807968,1.68457692807968,-0.460159837410636,-1.3678531779129,0.135918789048173
"30351cfc-3af6-45bb-9106-9a1fc6ae7bcc.rna_seq.augmented_star_gene_counts.tsv","C5",1.68310862373131,-0.830097360275236,-1.19571298543043,0.293977190771857,1.68310862373131
"02d00dd6-708d-46a9-b885-d6d14eed564d.rna_seq.augmented_star_gene_counts.tsv","C5",1.05567943112824,-0.469538713951574,-1.0290072976889,0.346239162625733,1.05567943112824
"86f6b100-9d37-4a8a-b3c5-03ec17f83559.rna_seq.augmented_star_gene_counts.tsv","C4",0.868499546603982,-0.901307759620884,-0.676601571681161,0.868499546603982,0.248457624139765
"53eaeb7f-a3c6-46df-b1ff-fb40cb84912e.rna_seq.augmented_star_gene_counts.tsv","C2",1.41238887295209,-0.654636808138612,1.41238887295209,0.69046564606595,-1.04213938643088
"f6e1478c-72b3-45ae-a328-bba09df4a0a5.rna_seq.augmented_star_gene_counts.tsv","C4",0.625270843067449,-0.718891552999673,-0.539021487677219,0.625270843067449,-0.265560184060189
"7e2f7b6d-46d7-4b37-86d8-354da4408713.rna_seq.augmented_star_gene_counts.tsv","C5",0.510628275351514,-0.536684634185252,-0.756099518911622,0.437762517392295,0.510628275351514
"51b41730-a7f8-4b00-9f17-808c5057077f.rna_seq.augmented_star_gene_counts.tsv","C4",0.670269389905887,-0.738813186497892,-0.601448231556281,0.670269389905887,0.410652145601677
"d329a391-79e4-4ce0-b335-0e8a4074ba58.rna_seq.augmented_star_gene_counts.tsv","C4",0.692286047637104,-0.657557107517003,0.0547454308550334,0.692286047637104,-0.771761821008619
"61b94289-2f3d-45ab-94d9-80278e53da3b.rna_seq.augmented_star_gene_counts.tsv","C1",0.338846031971534,0.338846031971534,-0.0177426537610481,-0.169886671984516,-0.00451244395014367
"6965bf9d-d903-428d-91f1-c240967edb77.rna_seq.augmented_star_gene_counts.tsv","C4",0.539082720358918,-0.591504307503891,0.358705348861781,0.539082720358918,-0.479439761609521
"299f99cd-e2df-4266-a488-4f8f48aa68d9.rna_seq.augmented_star_gene_counts.tsv","C2",1.25688704796706,-0.815347089640153,1.25688704796706,1.19452304949557,-1.97714453967438
"f25d516a-d4ea-4f89-9f6e-9f41c1634505.rna_seq.augmented_star_gene_counts.tsv","C2",0.988931156101907,-0.563168526769704,0.988931156101907,0.479299862603849,-0.292611038553747
"53d87f0d-55f7-473d-b5ec-ccf8d1447ec0.rna_seq.augmented_star_gene_counts.tsv","C1",2.34222051188782,2.34222051188782,0.247483674474671,-2.16065424396806,-0.685456710862504
"08a88278-e3c9-4646-8d9f-6913ba17a009.rna_seq.augmented_star_gene_counts.tsv","C2",1.08920901238731,-0.752808869216001,1.08920901238731,0.468818888502184,-0.00697684717494364
"b9ac701c-5ec1-49bb-b988-7799a603981d.rna_seq.augmented_star_gene_counts.tsv","C2",0.72493716168321,-0.538947504518563,0.72493716168321,0.513695095033275,-0.447517524856408
"99fea937-9d25-46e5-8fcf-b8319d0fa002.rna_seq.augmented_star_gene_counts.tsv","C4",0.391465569503025,-0.389971366667407,0.273955947980524,0.391465569503025,-0.542199431696275
"d9d0bbf5-4b7e-471b-9481-fe3706d480ab.rna_seq.augmented_star_gene_counts.tsv","C4",1.03924264237291,-0.656027522772909,0.0654419637908044,1.03924264237291,-0.611998244532002
"137283ac-bd8f-424a-bf5b-e70b05b6a3e9.rna_seq.augmented_star_gene_counts.tsv","C5",0.408123973019853,-0.425820678871309,0.117083662256977,0.322217632157083,0.408123973019853
"b849f8c0-4937-4e95-bfc7-c8da9340d021.rna_seq.augmented_star_gene_counts.tsv","C4",0.540411420161748,-0.596581100730193,0.305845163537455,0.540411420161748,-0.387095600043435
"d4a99056-1263-41dd-910a-a5a34394cf42.rna_seq.augmented_star_gene_counts.tsv","C2",1.71110018692694,-0.242321117785381,1.71110018692694,0.286477039896098,-1.77263045720639
"24c88f11-3839-493f-9357-f8be5bbadaf6.rna_seq.augmented_star_gene_counts.tsv","C5",0.79645747772174,-0.378412373449119,-0.902689260416784,0.175148520828925,0.79645747772174
"d9112d90-1e2f-4359-bf56-7ea55802a50f.rna_seq.augmented_star_gene_counts.tsv","C4",0.667741555744688,-0.828672369569387,-1.00066505765381,0.667741555744688,0.249816291523793
"3e81ddc0-4479-48c8-a93d-a63b9eb4e8c0.rna_seq.augmented_star_gene_counts.tsv","C1",1.89317055319979,1.89317055319979,0.173937126366949,-1.73125802760671,-0.318058111355182
"41bdbd88-b4b2-4884-8a44-b34656ae4156.rna_seq.augmented_star_gene_counts.tsv","C5",1.15163096071127,-0.966162146955828,-0.99538060071341,0.78041723358457,1.15163096071127
"c99fbe90-c684-42dd-ba96-66aa1f1295d8.rna_seq.augmented_star_gene_counts.tsv","C5",1.15421351427063,-0.236438537578369,-0.870456261994714,-0.00297269178387515,1.15421351427063
"f43a4550-8d3e-44c5-ad1a-2b0d173809db.rna_seq.augmented_star_gene_counts.tsv","C1",0.989675895019757,0.989675895019757,-0.222559040318478,-0.927792525614971,0.102336366931806
"1d359158-291b-4629-bd6f-0d605ac6afa7.rna_seq.augmented_star_gene_counts.tsv","C1",0.960411769525244,0.960411769525244,0.1320536097518,-0.887906022082074,-0.480211273571623
"8a98119d-760e-49dd-84e7-1b97079b0397.rna_seq.augmented_star_gene_counts.tsv","C2",4.03880245926208,-0.180265985449377,4.03880245926208,0.414669856994872,-2.45312244511783
"0cb97f5d-d78d-409e-9b67-30f15d6ac77b.rna_seq.augmented_star_gene_counts.tsv","C5",0.393244770511191,-0.212441139904568,-0.248963198062908,-0.0189990692901982,0.393244770511191
"c2f06573-c165-486c-bf6c-28316a82acaa.rna_seq.augmented_star_gene_counts.tsv","C5",1.58412644492468,0.541611705601526,-0.709783368453436,-0.733624061940442,1.58412644492468
"ec34b3b2-e9d3-49bb-bc27-6a16103ad51a.rna_seq.augmented_star_gene_counts.tsv","C2",0.553258100862146,-0.219465445094045,0.553258100862146,0.138825017266456,-0.352563498520058
"67293c0e-904a-4cc2-ad09-a99d791bd05a.rna_seq.augmented_star_gene_counts.tsv","C2",0.540779088405857,-0.165254166541598,0.540779088405857,0.20485264577565,-0.40705895000233
"0f3357a3-d579-4b27-a486-1550bc45890d.rna_seq.augmented_star_gene_counts.tsv","C5",0.874896730822303,-0.293153293191668,-0.529736891255979,0.150999556282747,0.874896730822303
"0526fdf7-a3a0-4e33-b681-d5e3ec7b4a72.rna_seq.augmented_star_gene_counts.tsv","C1",1.31787493246274,1.31787493246274,-0.878727328536975,-1.36301056917012,0.800636684217733
"68f32d39-8608-443c-ac04-95f12812fb72.rna_seq.augmented_star_gene_counts.tsv","C4",0.835305570502867,-0.886724606011385,-0.223543372605479,0.835305570502867,-0.175735003178488
"4383d6c3-b23c-412a-9329-25cd54654941.rna_seq.augmented_star_gene_counts.tsv","C5",0.672389064078266,-0.669348620730428,-1.1446193065983,0.465024296994522,0.672389064078266
"57439dc1-cb41-424c-ab78-f8d8efa49d27.rna_seq.augmented_star_gene_counts.tsv","C1",0.88591719673048,0.88591719673048,-0.107673375994391,-0.552751271654687,-0.837314756106962
"e18acf1a-8d53-42a4-917c-1bc7e0a13888.rna_seq.augmented_star_gene_counts.tsv","C1",1.07924133684123,1.07924133684123,0.277102101644958,-1.03601097877962,-0.664877196956151
"960e2805-9b82-4d03-84fe-39fda23c6646.rna_seq.augmented_star_gene_counts.tsv","C4",0.828072133419137,-0.908000947739543,-0.674354724281187,0.828072133419137,0.740880205389005
"7711187f-5e2a-44eb-804f-c32556a2f02f.rna_seq.augmented_star_gene_counts.tsv","C4",0.415715987121097,-0.270717206620019,-0.58816325259987,0.415715987121097,-1.73876647642205
"cac82d7b-ee82-44eb-8c1d-8371084e6359.rna_seq.augmented_star_gene_counts.tsv","C4",0.18867754188246,-0.292115629745531,-0.359099506135068,0.18867754188246,-0.11741247470466
"8a7a4704-c698-4291-ba48-207895898a40.rna_seq.augmented_star_gene_counts.tsv","C1",0.186629553778818,0.186629553778818,0.0332612263134971,-0.0995235219259053,-0.192385619633176
"d0cb6e31-ce63-4c74-ad17-b2bcc5bdc053.rna_seq.augmented_star_gene_counts.tsv","C4",0.536140275298567,-0.538269643406568,-0.678322635680459,0.536140275298567,0.245114502779171
"caa902d6-c184-4b05-b61c-96c04f7196b0.rna_seq.augmented_star_gene_counts.tsv","C5",1.08878732532992,0.0554109516833727,-1.11660098963451,-0.126061331371112,1.08878732532992
"61eb62f8-cb54-47af-86e6-b256f6ebebfe.rna_seq.augmented_star_gene_counts.tsv","C1",1.27426410055836,1.27426410055836,0.746605065318935,-1.3903104467071,-0.558572768509295
"ecff58ca-03fb-42b8-8da2-c971025a43e8.rna_seq.augmented_star_gene_counts.tsv","C5",1.50679912454073,-0.749703410701855,-1.35588271986501,0.461171008681145,1.50679912454073
"36aef44f-03b6-4aff-bc8a-dfbc664dd2d0.rna_seq.augmented_star_gene_counts.tsv","C5",0.64768411488572,-0.528130298218256,-0.764277802361388,0.417556149219234,0.64768411488572
"6ab54953-3d77-4239-bf4a-5a893cf9a43c.rna_seq.augmented_star_gene_counts.tsv","C5",0.879682993289014,0.00701918293709771,-0.892319575018943,0.00126195367008065,0.879682993289014
"3f58096d-e305-4c10-95ee-0d02486bf53c.rna_seq.augmented_star_gene_counts.tsv","C2",1.64328660249925,-0.928266233302318,1.64328660249925,0.725869248867674,-1.09505962071209
"e542409d-6a83-430f-9437-7aee6d6be668.rna_seq.augmented_star_gene_counts.tsv","C1",2.68183785656403,2.68183785656403,0.528709110950515,-2.60365690951182,-0.274179837317843
"f2db0392-6666-4458-a93b-e0ec560018c2.rna_seq.augmented_star_gene_counts.tsv","C5",1.64917190546083,-0.799622597227563,-1.43644999669725,0.644885568119251,1.64917190546083
"71425fe1-3503-4f0b-bcb0-2a35cdea4b0e.rna_seq.augmented_star_gene_counts.tsv","C4",0.799965415007933,-0.89281570871595,-0.568529768827919,0.799965415007933,0.714573087593644
"dfe1fbdb-b7c2-46f0-ae12-b63a8375b8be.rna_seq.augmented_star_gene_counts.tsv","C1",0.92929894931008,0.92929894931008,-0.14054211989896,-0.748979907512345,-0.560686140726371
"872c6084-34b9-4037-88bd-b6cb69b4bf1f.rna_seq.augmented_star_gene_counts.tsv","C5",0.922152612659726,-0.491084701476156,-0.889074670855826,0.2399922169168,0.922152612659726
"91438de0-6c76-4add-b836-2283ffe21473.rna_seq.augmented_star_gene_counts.tsv","C4",0.459180643348068,-0.62283137153391,-1.05106338913789,0.459180643348068,-0.00579067937934419
"24c604c0-2021-4829-b187-f160ee75d6cc.rna_seq.augmented_star_gene_counts.tsv","C4",0.604765299573415,-0.549056822719397,-0.482047838929765,0.604765299573415,0.320848919316143
"5c58a396-5f7b-4374-a6e7-09f381d945dd.rna_seq.augmented_star_gene_counts.tsv","C5",0.456334086611619,-0.263915686641656,-0.337122720849086,0.291069758891499,0.456334086611619
"f03483bb-8ad5-42e2-9b5e-31e7af8edd2f.rna_seq.augmented_star_gene_counts.tsv","C4",0.948562970084912,-0.760801506548077,0.819425273810774,0.948562970084912,-1.43528911093383
"6b5cd598-f52f-48bc-8256-74a2e98ec04b.rna_seq.augmented_star_gene_counts.tsv","C4",0.932331394253497,-0.863264566608517,-0.247772584348954,0.932331394253497,-0.644904593623507
"3852b0f7-4b5b-444f-b948-f04b2d112b2b.rna_seq.augmented_star_gene_counts.tsv","C4",0.264816987501635,-0.330715882125762,0.146065375371669,0.264816987501635,-0.0374895049054129
"6bc01daa-5c11-4c87-916f-09e6fec65c5a.rna_seq.augmented_star_gene_counts.tsv","C5",0.810574809569891,-0.533539308600979,-1.07406435930269,0.402332569254911,0.810574809569891
"23c3ac66-3601-425a-9063-cb3058dafb84.rna_seq.augmented_star_gene_counts.tsv","C2",1.7760256845863,-0.851088329325464,1.7760256845863,0.762059191016708,-1.07822512326147
"bcd9d3bc-bd8a-4c67-85c7-0dc0939d727e.rna_seq.augmented_star_gene_counts.tsv","C1",1.24614189745262,1.24614189745262,-0.762171352768163,-1.2425552833384,0.624357871171699
"bd0a6575-996a-45d2-9be2-2187a1cf1cbe.rna_seq.augmented_star_gene_counts.tsv","C5",0.333376641087604,-0.0768958908917582,-0.165411922941484,0.126967596283362,0.333376641087604
"c133f156-8d5e-4072-a990-86ccb7db09c9.rna_seq.augmented_star_gene_counts.tsv","C5",1.74807604987471,-0.673666323013982,-1.22101329583458,0.42279491828123,1.74807604987471
"bffe7439-0f9b-422f-b073-06050afd8b18.rna_seq.augmented_star_gene_counts.tsv","C2",0.454650916529875,-0.463163657019706,0.454650916529875,0.387731735785137,0.0849129238091808
"55f58064-b810-4345-bd41-a844cfb255c6.rna_seq.augmented_star_gene_counts.tsv","C4",0.540372445413538,-0.511420660217521,-0.466204580388442,0.540372445413538,0.342107139425289
"d169e3da-0c53-4194-89c8-d5a87d4e9aa5.rna_seq.augmented_star_gene_counts.tsv","C4",0.173241108635911,0.0158569833360405,-0.0176699638694557,0.173241108635911,-0.366887402916666
"9ee6252a-3269-484d-9f09-9ea169ff9665.rna_seq.augmented_star_gene_counts.tsv","C1",2.76647471700833,2.76647471700833,-0.0198414878541044,-2.61317723112247,-0.152261550190746
"dfac6279-e38d-4c50-b1cf-c32bcf81a029.rna_seq.augmented_star_gene_counts.tsv","C5",1.09507065060632,-0.786667496659841,-0.868391332580763,0.612372376990795,1.09507065060632
"b1f91d13-fe60-4444-a254-db4fd36163a4.rna_seq.augmented_star_gene_counts.tsv","C5",1.26391434786131,-0.283008243568184,-0.938361912537535,0.0686698658809253,1.26391434786131
"accf08d4-a784-4908-831a-7a08d4c5f0f5.rna_seq.augmented_star_gene_counts.tsv","C5",0.672647647614832,-0.0899860228258558,-0.0216465178221756,0.0681913257209844,0.672647647614832
"7211b055-44a1-4b87-a97e-ce36fdca987d.rna_seq.augmented_star_gene_counts.tsv","C1",2.28624352306899,2.28624352306899,-0.0869579062884875,-2.1884430583039,-0.88437811744429
"d421a512-b1d2-4275-9374-b579352abb25.rna_seq.augmented_star_gene_counts.tsv","C2",0.927068811175597,-0.669377868742107,0.927068811175597,0.639664824777164,-1.1219940227188
"f5c15b21-916a-4900-aec7-d30ed3377e0a.rna_seq.augmented_star_gene_counts.tsv","C4",0.299182285782833,-0.202028778800502,-0.220387335643506,0.299182285782833,-0.205115989002404
"32c81ba3-dca1-4bbd-9e03-5899dc6e3b0b.rna_seq.augmented_star_gene_counts.tsv","C4",0.473472512507813,-0.469767408972193,-0.252485933808547,0.473472512507813,0.0318238907262037
"11cd1a63-6d3a-4038-a3d5-a3ac8976c6f0.rna_seq.augmented_star_gene_counts.tsv","C1",1.34901977662739,1.34901977662739,0.218319118963254,-1.33731321145444,-0.791982321791121
"017ba6ed-d634-4550-b2ab-2048d71b9830.rna_seq.augmented_star_gene_counts.tsv","C5",1.91941827237548,-0.956311838420403,-1.43086498890002,0.61586555037923,1.91941827237548
"f04b7806-98d3-45b7-a8dd-e50812a5ca3f.rna_seq.augmented_star_gene_counts.tsv","C1",2.60812186538476,2.60812186538476,0.262618362430201,-2.46590858233441,-0.479306199561705
"c643ec57-c47c-4196-b159-4b98b7f62728.rna_seq.augmented_star_gene_counts.tsv","C2",2.23656648299901,-0.639792768119022,2.23656648299901,0.472794697359587,-0.927144410040444
"a883c598-9431-4b75-aed7-f2c8967bd020.rna_seq.augmented_star_gene_counts.tsv","C4",0.703464530872263,-0.641711434991341,0.137823920282046,0.703464530872263,-0.314939686430935
"052a97e5-fd39-4af4-a29a-284bc185c9e7.rna_seq.augmented_star_gene_counts.tsv","C5",1.44368668947518,-0.388526854863655,-1.0151157546279,0.088715299349694,1.44368668947518
"80422946-6ccc-40bd-bf90-e2b9a159a826.rna_seq.augmented_star_gene_counts.tsv","C1",2.77628560809296,2.77628560809296,0.624650512367302,-2.16117491365051,-0.937200778524617
"7c81d253-3d75-4f27-8cc1-b1ac20c77ff5.rna_seq.augmented_star_gene_counts.tsv","C1",1.78775402541257,1.78775402541257,0.766231527426653,-1.77200009569277,-1.3023929567151
"4050c1a3-e430-4ab6-9e11-d267f48e51ad.rna_seq.augmented_star_gene_counts.tsv","C4",0.421227648882324,-0.35767824154625,-0.424768826410668,0.421227648882324,-0.12744511637962
"fb8ee269-a38b-47ef-b548-7804340e0cda.rna_seq.augmented_star_gene_counts.tsv","C2",1.50227336654874,-0.887788383644132,1.50227336654874,0.69099950020491,-0.317032683587237
"852964b8-1f8e-4891-a1a4-a63186d841ab.rna_seq.augmented_star_gene_counts.tsv","C4",0.456847870380274,-0.487242970418898,0.356706739580261,0.456847870380274,-0.203878486898793
"a235d4c4-13bf-4267-82b5-1a4c82d202b3.rna_seq.augmented_star_gene_counts.tsv","C4",0.380249269353432,-0.472969993120891,0.292145808493015,0.380249269353432,0.349144823794736
"d5e9bdbb-009d-420a-ab9b-7e584d16465f.rna_seq.augmented_star_gene_counts.tsv","C2",2.44627344818904,1.15805548795324,2.44627344818904,-1.01620123283648,-1.84789269300296
"87ba5532-0958-4480-9f81-c567430216f2.rna_seq.augmented_star_gene_counts.tsv","C5",2.10621743073742,-0.12441132022609,-1.48454117698097,-0.131839780718432,2.10621743073742
"15083e68-c064-4f08-9cd8-61a25547f754.rna_seq.augmented_star_gene_counts.tsv","C4",0.662249575182431,-0.503382484104664,-0.520119591784601,0.662249575182431,-0.100255926610146
"597eeda6-4844-4897-8fa6-8b42317b88d6.rna_seq.augmented_star_gene_counts.tsv","C4",1.40377322427087,-0.689953039089597,-0.247238078947881,1.40377322427087,-0.334768517284155
"c99daa88-5672-437c-af99-5b31f28ec087.rna_seq.augmented_star_gene_counts.tsv","C4",0.597041275330344,-0.635489179369764,-0.174805310948596,0.597041275330344,-0.300441233176542
"68831b64-75d3-410c-ab86-105d126690e9.rna_seq.augmented_star_gene_counts.tsv","C1",6.09373754736339,6.09373754736339,-0.321668614580192,-5.63308627569272,-0.32351508933015
"7696baa7-abb2-4c3e-8c10-72bedc9d7b2d.rna_seq.augmented_star_gene_counts.tsv","C5",0.615928399914032,-0.720541152981204,-0.644635502463226,0.447728398568486,0.615928399914032
"9d472afb-5cd1-41d2-b188-fa9f8b706d35.rna_seq.augmented_star_gene_counts.tsv","C4",0.734946683535961,-0.618836857921486,0.354541002748643,0.734946683535961,-0.243535939236737
"3ea1cf0a-bbd2-40d2-b006-efdfe59d2ed5.rna_seq.augmented_star_gene_counts.tsv","C1",1.30497893858375,1.30497893858375,-0.592830756050011,-1.06658181836933,0.533360078888996
"b66a1ba2-0f0d-4eb0-8f60-ca07cf3bc997.rna_seq.augmented_star_gene_counts.tsv","C5",1.88399562578673,-0.53430246390444,-1.47210035578808,0.216490957045862,1.88399562578673
"05a9121e-555a-49ee-ad73-4d0bf8771a82.rna_seq.augmented_star_gene_counts.tsv","C1",1.59210203360681,1.59210203360681,1.20105678424989,-1.43153336491691,-1.27955467561367
"fa401e4b-6102-4c3e-8bc9-62fa94e1388e.rna_seq.augmented_star_gene_counts.tsv","C5",0.892552670655921,-0.802757041390161,-0.858312601448175,0.609744222806294,0.892552670655921
"fdea882d-5c90-4536-b7b4-52144da6bff6.rna_seq.augmented_star_gene_counts.tsv","C2",2.49707373414694,-0.405170647338063,2.49707373414694,0.305211872420468,-1.0609859090653
"2fb7ad5a-0ef2-4524-9fa8-4d61d1bb04e1.rna_seq.augmented_star_gene_counts.tsv","C5",1.05991101929259,-0.890316897897548,-1.18065105791651,0.716399404951002,1.05991101929259
"39db5888-3562-40d9-9356-b463caa15cda.rna_seq.augmented_star_gene_counts.tsv","C5",1.50000925829766,-0.853112021215568,-1.21779952523178,0.554119664057181,1.50000925829766
"be6fc173-98ff-4aa1-a7a9-14ac5cffebc4.rna_seq.augmented_star_gene_counts.tsv","C2",0.965102257812009,-0.0839755629642468,0.965102257812009,0.134512533848595,-1.85494921836244
"fcfc2db3-01ff-4f31-a8fc-7a5f1a7051f8.rna_seq.augmented_star_gene_counts.tsv","C1",2.47659623024624,2.47659623024624,-1.16099322474867,-2.58451880064994,0.945356893049917
"a437b3c5-4dce-41f1-a050-61055225ab47.rna_seq.augmented_star_gene_counts.tsv","C5",1.07590061339354,-0.847505719545504,-0.53585730792275,0.67953373345107,1.07590061339354
"cd96deaf-e1fa-40b4-80e2-4652e18e65d6.rna_seq.augmented_star_gene_counts.tsv","C4",0.649199678630018,-0.615967075329382,-0.779207158108889,0.649199678630018,0.617899742143952
"0855ce26-6e6d-44aa-902d-da4927765dd4.rna_seq.augmented_star_gene_counts.tsv","C1",1.48940127517043,1.48940127517043,-0.0850911087643184,-1.50965222741689,-0.00633594859332607
"d2a6ca3a-7162-429c-9c19-9c9eb00fe149.rna_seq.augmented_star_gene_counts.tsv","C2",0.906792308026617,0.207101143758208,0.906792308026617,0.000616694104309887,-1.25811553385676
"85b81e67-927d-43cd-b9d5-423aa7828e5a.rna_seq.augmented_star_gene_counts.tsv","C2",2.71472637634006,-0.407613624729414,2.71472637634006,0.336893524303395,-1.84044796732773
"4951ff48-dfd1-4df5-b7ab-4bdd6ef8af67.rna_seq.augmented_star_gene_counts.tsv","C1",1.14514848662146,1.14514848662146,-0.606754152905286,-1.01436753059448,0.0215196205688177
"0d31f76f-d6b7-4d9f-83b7-fb0babab1231.rna_seq.augmented_star_gene_counts.tsv","C4",0.926772702672502,-0.6601514053894,0.181133207080209,0.926772702672502,-0.53627638545353
"cadb3130-09b1-4e6a-b9ea-1c5182b2f1ed.rna_seq.augmented_star_gene_counts.tsv","C5",0.404838201414564,0.0714274751968523,-0.488082552740702,-0.193829582645681,0.404838201414564
"a0ad9d21-e690-4d20-ab62-d31a3b8d28eb.rna_seq.augmented_star_gene_counts.tsv","C5",0.446238836208951,-0.501984466548038,-0.589989807652122,0.356209466579272,0.446238836208951
"d990fb46-63a9-4507-a950-e026c84cfb5a.rna_seq.augmented_star_gene_counts.tsv","C4",0.649877765448341,-0.532945466861071,0.433669334142626,0.649877765448341,-1.36430480752522
"1bbd1089-ca5c-4e5e-88bd-30f1d293f86c.rna_seq.augmented_star_gene_counts.tsv","C2",1.03268999206509,0.758703173743085,1.03268999206509,-0.348838920406371,-1.1143336345814
"9fa353e5-d096-480e-af87-f3441deea8dd.rna_seq.augmented_star_gene_counts.tsv","C2",0.883466283435623,0.407710002460472,0.883466283435623,-0.315357265437143,-1.59958697401604
"d97460c3-e70c-4f30-b2e5-ec2ad1940e61.rna_seq.augmented_star_gene_counts.tsv","C4",0.371662479407687,-0.332823317077385,-0.493314379236692,0.371662479407687,0.169642391344778
"4f01c248-9d66-4561-ab24-5301b843630a.rna_seq.augmented_star_gene_counts.tsv","C4",0.952209491177316,-0.948388213307929,0.861872676338341,0.952209491177316,-0.569734723285148
"9e237ede-a8c8-4e90-a52e-521af59b147b.rna_seq.augmented_star_gene_counts.tsv","C4",0.711471223384301,-0.61773625540051,-0.053549512173134,0.711471223384301,-0.608411366404953
"a00f0490-91d3-4a33-b4bf-3a8c3013c97e.rna_seq.augmented_star_gene_counts.tsv","C5",1.26965922443961,-0.614865044070535,-1.10702808355735,0.411169315469255,1.26965922443961
"c6e887f8-3f80-4099-b8dc-8b32a2a92065.rna_seq.augmented_star_gene_counts.tsv","C1",1.54117785579459,1.54117785579459,-0.868231296250476,-1.94612970610525,1.38487438320333
"5943d83c-7366-4b4a-9815-c5459003a10e.rna_seq.augmented_star_gene_counts.tsv","C4",0.320645170738732,-0.366598468948456,-0.566242309927448,0.320645170738732,0.246184499577803
"160a5991-0571-4f20-98e6-7b89850c435a.rna_seq.augmented_star_gene_counts.tsv","C1",0.993800055790748,0.993800055790748,0.412849452357803,-1.00925067198465,-0.400606134319099
"6ae5397f-2128-454e-bda8-c389d8e7ac05.rna_seq.augmented_star_gene_counts.tsv","C5",1.10422549482068,-0.794407920581227,-1.05479995262879,0.595545150501037,1.10422549482068
"8455c6c2-16c8-47ce-80d2-6925795285f2.rna_seq.augmented_star_gene_counts.tsv","C2",0.984159129237994,-0.611316373667626,0.984159129237994,0.878516677578624,-1.03822974678879
"12966fcf-89f5-4e10-82fc-1ca4de192ca7.rna_seq.augmented_star_gene_counts.tsv","C5",1.19857106808155,-0.516592110669948,-0.905642753831413,0.410588517656608,1.19857106808155
"357f3b6f-7140-4c6d-8007-13508d2d7258.rna_seq.augmented_star_gene_counts.tsv","C1",0.253774333315859,0.253774333315859,-0.258134737068942,-0.194564114707808,-0.000543023141301385
"d3e779d2-6fec-4c44-80b2-d7d61eb03c81.rna_seq.augmented_star_gene_counts.tsv","C1",1.69855586782887,1.69855586782887,1.4566218748354,-1.6725364619613,-1.54089006478533
"92f4e389-2fba-483b-97d0-b4379a04bf68.rna_seq.augmented_star_gene_counts.tsv","C1",0.525367749777419,0.525367749777419,-0.160114892573384,-0.48983003672955,0.340939841245762
"55fc5d4b-7a9d-480b-b695-8d3ca13062f9.rna_seq.augmented_star_gene_counts.tsv","C2",0.438051282783289,-0.6482302482239,0.438051282783289,0.327608114185954,0.198416769915368
"1019e11f-92fd-42dd-b47a-5eff5fb10de5.rna_seq.augmented_star_gene_counts.tsv","C2",1.89711300577969,0.348802432930815,1.89711300577969,-0.0212098859206192,-1.58916253744619
"38c953af-559d-43e3-be40-d576a8d40b1f.rna_seq.augmented_star_gene_counts.tsv","C1",1.10650355367698,1.10650355367698,0.147485315172424,-0.931236370230679,-0.969500971255529
"df4191dc-dd74-4197-bc35-d24807f0ceba.rna_seq.augmented_star_gene_counts.tsv","C2",0.741199217359314,-0.0707572548818377,0.741199217359314,0.0410211252395165,-0.175047962513632
"d3d30fe1-8e55-436e-85b7-bff934cfcb8a.rna_seq.augmented_star_gene_counts.tsv","C1",0.956160379326538,0.956160379326538,0.19440279650606,-0.828120030553705,0.0666995806899555
"9fcfa97a-90b3-4e91-9f4d-7001fbd02fc7.rna_seq.augmented_star_gene_counts.tsv","C1",1.43182273954287,1.43182273954287,1.43094564539101,-1.32963439205372,-0.999046294943628
"9cfca6ea-1dc8-4e87-8cca-3878e58831a3.rna_seq.augmented_star_gene_counts.tsv","C4",0.654077086701751,-0.705379643600831,-0.687445503227051,0.654077086701751,0.649509372780198
"780b1500-7b9f-4d17-87ef-10bd6a8acbf2.rna_seq.augmented_star_gene_counts.tsv","C5",1.67846223742872,0.217312267987284,-1.01273286225788,-0.517203580582143,1.67846223742872
"65846af4-0d5e-43a8-9274-8714637543bd.rna_seq.augmented_star_gene_counts.tsv","C2",2.79472845918609,-0.788334984813752,2.79472845918609,0.826984786760159,-2.30902250422017
"46d71567-d992-4687-bba2-f015c65e3778.rna_seq.augmented_star_gene_counts.tsv","C5",0.619205105046243,-0.536249321049112,-0.865240398821245,0.226972614468682,0.619205105046243
"10a8816a-29ad-4503-b40b-fba675b64107.rna_seq.augmented_star_gene_counts.tsv","C5",0.616692178038765,-0.759132642403374,0.284889262506834,0.472344009712844,0.616692178038765
"82abd810-1a10-4eb8-911f-6393b01249fa.rna_seq.augmented_star_gene_counts.tsv","C1",1.28498108099769,1.28498108099769,-0.803907158799455,-1.08520692296375,-0.146464395492546
"808d8dcb-f3e5-4d7e-8b70-90a254ebc4e2.rna_seq.augmented_star_gene_counts.tsv","C2",0.621177564128864,0.216908208500831,0.621177564128864,-0.237049748637821,-0.742236248076095
"78b8f856-9896-41af-bb90-e35569bacc42.rna_seq.augmented_star_gene_counts.tsv","C4",0.83025908731439,-0.68471923509494,-0.187273341187228,0.83025908731439,0.254187761771338
"1dfc59bb-c74b-485b-b1c6-b84fccd6bc12.rna_seq.augmented_star_gene_counts.tsv","C5",1.99396903745048,-0.78396879095144,-1.33629027898124,0.426052920870716,1.99396903745048
"4d26557f-db8a-4486-b265-df46a9779d86.rna_seq.augmented_star_gene_counts.tsv","C1",1.5107788649286,1.5107788649286,-0.319079340177869,-1.47415754857863,0.438676036461646
"8daad469-c921-477a-8786-721e9418795e.rna_seq.augmented_star_gene_counts.tsv","C2",0.794813852638087,-0.228941526144945,0.794813852638087,0.0948081551834429,-0.346816456577358
"eba440bf-7924-4bee-9c1b-684acc65aed5.rna_seq.augmented_star_gene_counts.tsv","C4",0.916347654426585,-0.786070138415912,0.728197899521089,0.916347654426585,-0.422566839141873
"850ac9a7-0b03-493b-abd7-a2cad3ce1e23.rna_seq.augmented_star_gene_counts.tsv","C4",0.711528098094409,-0.875874831073663,0.0945838565965062,0.711528098094409,0.380627885187059
"01b83536-edd8-482a-bff6-01d0bb9970d5.rna_seq.augmented_star_gene_counts.tsv","C5",0.493949691419231,0.467882051784121,-0.280466294408947,-0.45258632697972,0.493949691419231
"09afd98b-1da0-4de9-be52-8f8f595c3dfe.rna_seq.augmented_star_gene_counts.tsv","C2",0.165854762708986,-0.201622489235761,0.165854762708986,0.106753512014358,0.154452945159279
"ca1f772a-da2c-4c21-9f25-f7c4144637c3.rna_seq.augmented_star_gene_counts.tsv","C4",0.89475065766184,-0.834730451078451,-0.644404064115659,0.89475065766184,0.160522094236331
"8c985ded-ab7e-4792-b373-8670db4f2ed7.rna_seq.augmented_star_gene_counts.tsv","C4",0.684511604692647,-0.771370924499767,-0.257806734454681,0.684511604692647,0.327096497619166
"c5318c3f-ea9a-421a-be7c-26fa120568c6.rna_seq.augmented_star_gene_counts.tsv","C5",0.352570077251062,-0.267493553205728,-0.603684724988187,0.116130027436599,0.352570077251062
"8ce770db-df49-4c86-b57b-3d98375f65c9.rna_seq.augmented_star_gene_counts.tsv","C4",0.658320286733026,-0.658748811851686,-0.69650164444298,0.658320286733026,0.289098868722566
"2e3b43ae-a0aa-4d7e-a66e-07d4a88b16e8.rna_seq.augmented_star_gene_counts.tsv","C5",0.836745559808373,-0.443898626720362,-1.41508316392048,0.161551040983206,0.836745559808373
"1bbb5ca6-937e-4f18-a2a5-b02d0738a4c9.rna_seq.augmented_star_gene_counts.tsv","C5",0.478411971898292,-0.361804771007283,-0.265548348785083,0.175009521392738,0.478411971898292
"29d7b853-8865-4ac6-8640-701867c4ef6b.rna_seq.augmented_star_gene_counts.tsv","C4",0.736836966451231,-0.632543231555692,0.0495243033109936,0.736836966451231,0.0059794247903062
"1eacd17c-5634-465d-83d4-d39d136d0ce2.rna_seq.augmented_star_gene_counts.tsv","C4",1.00411096673859,-0.842213941046234,-0.234618255495234,1.00411096673859,0.236709335291999
"85eefeaf-be74-41e0-980a-0b16bc47cbc9.rna_seq.augmented_star_gene_counts.tsv","C2",0.557560145695168,-0.681154001589333,0.557560145695168,0.468099402236371,0.114650808578385
"95184079-0806-49b9-8bf7-edd8aaca0ba2.rna_seq.augmented_star_gene_counts.tsv","C2",1.09980035755428,0.113522366288033,1.09980035755428,-0.115669733597452,-0.790467670369623
