"sample","assigned_subtype","max_score","C1_immL","C2_diffL","C3_profL","C4_mescL"
"8fd3c3ec-c5c5-4ded-bcbb-387ddc1ba5f7.rna_seq.augmented_star_gene_counts.tsv","C2_diffL",0.245431468826278,-0.274542025702306,0.245431468826278,0.20014803733773,-0.179904505909633
"c42ab178-9ded-405c-8eab-69583c4b1ad0.rna_seq.augmented_star_gene_counts.tsv","C3_profL",0.411101317732456,-0.516809094844713,0.38215148453588,0.411101317732456,-0.298009242511401
"04eeb9f5-2fd6-4df3-ade8-cdb8d77f4273.rna_seq.augmented_star_gene_counts.tsv","C1_immL",0.514995137080944,0.514995137080944,-0.17997924215404,-0.568254182406908,-0.0199326307799055
"a14ac53b-7e97-46f3-9dce-41a2a9010f17.rna_seq.augmented_star_gene_counts.tsv","C2_diffL",0.0157783202601603,-0.027826868220824,0.0157783202601603,-0.0922742597391815,-0.154520439086008
"d6326578-95eb-4f9e-967c-47fb32c04166.rna_seq.augmented_star_gene_counts.tsv","C1_immL",0.576021806040694,0.576021806040694,-0.217409636986773,-0.563033735018355,0.0565215006256561
"a761adf7-b265-4d1d-90be-82dbfd776e45.rna_seq.augmented_star_gene_counts.tsv","C3_profL",0.370334859420127,-0.320981345961109,0.0581421320150672,0.370334859420127,0.0375237215563713
"86e119a6-1c89-4a1d-9823-2fb95e180ea8.rna_seq.augmented_star_gene_counts.tsv","C2_diffL",0.351479584003932,-0.334463418394881,0.351479584003932,0.225410975964133,-0.342546835247861
"d6c55f59-f1cd-48bf-9628-94fcfb867bff.rna_seq.augmented_star_gene_counts.tsv","C1_immL",0.496513820771781,0.496513820771781,-0.268891570907556,-0.506025275318314,0.187109706267828
"b6bc859c-c245-47ba-9c47-92c1c33d42c8.rna_seq.augmented_star_gene_counts.tsv","C2_diffL",0.265562546743516,-0.107924260035701,0.265562546743516,0.0475887779247197,-0.268904078921618
"98990aa6-30f1-4a05-aecb-a13b907c2f57.rna_seq.augmented_star_gene_counts.tsv","C2_diffL",0.277708874064398,-0.3600292516442,0.277708874064398,0.194926403871358,-0.24183800549154
"7d8d9d6c-b701-4eda-8e36-c36ca7c90903.rna_seq.augmented_star_gene_counts.tsv","C1_immL",0.492716963284961,0.492716963284961,-0.151379419724728,-0.627205363443896,0.00664077557628556
"84e6a0b4-7a1f-4a9a-80b7-b59c6d2132c2.rna_seq.augmented_star_gene_counts.tsv","C2_diffL",0.500764390145799,-0.649490431317199,0.500764390145799,0.42788632037148,-0.425799416449713
"07325efb-fcf8-49b0-8df5-7f403304d90f.rna_seq.augmented_star_gene_counts.tsv","C3_profL",0.42387782212391,-0.592533195352947,0.404787336602017,0.42387782212391,-0.301674667749951
"2d7f98e2-8e4c-48aa-9c87-e9953e952689.rna_seq.augmented_star_gene_counts.tsv","C2_diffL",0.135195016041333,-0.155229120582601,0.135195016041333,0.0794950125427729,-0.0412836623710882
"8b8765b7-07af-45c1-8aaa-d9facff1b04b.rna_seq.augmented_star_gene_counts.tsv","C1_immL",0.098692645724486,0.098692645724486,0.0716649027464303,-0.288744714540721,-0.23976763252937
"a0361246-7cde-47eb-938d-53b0e2bf236d.rna_seq.augmented_star_gene_counts.tsv","C2_diffL",0.431937475310122,-0.57088638560576,0.431937475310122,0.390762529429556,-0.2701678448373
"988097d1-159e-415a-9ecd-4bf197308e2c.rna_seq.augmented_star_gene_counts.tsv","C2_diffL",0.34960632221037,-0.361310808727161,0.34960632221037,0.273452094316908,-0.347330880129045
"e827cb1c-e6f7-4746-b19e-f705c2de32bd.rna_seq.augmented_star_gene_counts.tsv","C3_profL",0.545494831665906,-0.618617937647889,0.419526133707008,0.545494831665906,-0.343027567413698
"be31437e-d2d6-4e6b-99e0-42ddb5a4359d.rna_seq.augmented_star_gene_counts.tsv","C2_diffL",0.128643344075493,0.0527297580994289,0.128643344075493,-0.112437286135343,-0.221655186421781
"cb9a0bb7-64d1-4fc6-9c3c-6f8ec74e0942.rna_seq.augmented_star_gene_counts.tsv","C3_profL",0.477349990807897,-0.580204435338003,0.424919304077685,0.477349990807897,-0.357112315639029
"d90d2b4f-8865-440d-a8b7-e0b7c947e095.rna_seq.augmented_star_gene_counts.tsv","C1_immL",0.270361546171044,0.270361546171044,0.0103282922798412,-0.479651871334278,-0.125931515866756
"24ffd67a-b772-47de-a41b-eaa68078ad0e.rna_seq.augmented_star_gene_counts.tsv","C1_immL",0.562383171334871,0.562383171334871,-0.434087982814325,-0.338766731110228,0.358501954063206
"0c7faca1-6f1b-4e49-ad84-c56738f1a2e7.rna_seq.augmented_star_gene_counts.tsv","C2_diffL",0.480854441628252,-0.570787273978046,0.480854441628252,0.43173017619186,-0.412230834465049
"f0734d35-0a0c-4753-998c-95af43501b85.rna_seq.augmented_star_gene_counts.tsv","C2_diffL",0.0312590832255301,0.0271435391376028,0.0312590832255301,-0.0785976705431643,-0.0870352798847133
"a5155edd-d3d9-4df0-9877-7112869c9e80.rna_seq.augmented_star_gene_counts.tsv","C2_diffL",0.340457362018925,-0.313237888662875,0.340457362018925,0.261857738861247,-0.434857122100781
"93831282-1dd1-49a3-acd7-dae2a49ca62e.rna_seq.augmented_star_gene_counts.tsv","C3_profL",0.563629813252048,-0.607721663118317,0.372959380760587,0.563629813252048,-0.31452722938152
"95493f7f-1071-44c5-b007-0dd5b8637c29.rna_seq.augmented_star_gene_counts.tsv","C2_diffL",0.297068111783989,-0.195221737248181,0.297068111783989,-0.0355783315443326,-0.327950072054228
"2e676476-647d-4f26-ab87-d4892fe59dd2.rna_seq.augmented_star_gene_counts.tsv","C1_immL",0.126582079550239,0.126582079550239,0.0961528154635503,-0.154535561578195,-0.279381223202054
"42165baf-b32c-4fc4-8b04-29c5b4e76de0.rna_seq.augmented_star_gene_counts.tsv","C3_profL",0.537037800300078,-0.483834426501723,0.147584266943438,0.537037800300078,0.0332317507101641
"aaf2267a-f643-46a5-809e-f86adec2b915.rna_seq.augmented_star_gene_counts.tsv","C2_diffL",0.541244932574808,-0.680335052157772,0.541244932574808,0.44283379195009,-0.4953092104873
"517eb355-1a15-4344-9f99-d5f3c461d2ef.rna_seq.augmented_star_gene_counts.tsv","C3_profL",0.391886782941829,-0.286791540892998,0.0797101433160176,0.391886782941829,-0.00603624653813537
"ce71f558-2289-42ed-a6fa-d335cbc4eae5.rna_seq.augmented_star_gene_counts.tsv","C1_immL",0.112556561085973,0.112556561085973,0.0448292970731527,-0.104995908031526,-0.17146986176263
"2c3df990-5540-462f-b852-c94242e3868d.rna_seq.augmented_star_gene_counts.tsv","C4_mescL",0.329197751789495,0.0810947350005634,-0.254355296605097,0.161898806805715,0.329197751789495
"8ab508b9-2993-4e66-b8f9-81e32e936d4a.rna_seq.augmented_star_gene_counts.tsv","C3_profL",0.520371257183184,-0.6141274470268,0.420610060653801,0.520371257183184,-0.325257453016492
"31f82383-f710-4d46-8db5-b59ee094d74a.rna_seq.augmented_star_gene_counts.tsv","C2_diffL",0.317597563618069,-0.0795039081264122,0.317597563618069,-0.0859707750425505,-0.430217259804416
"e77ccd7a-1dda-4c03-bf50-08b5df2b66e7.rna_seq.augmented_star_gene_counts.tsv","C4_mescL",0.0430158548952397,-0.0205232234036875,0.0230976070211068,-0.04064028928438,0.0430158548952397
"a058327f-14ee-4870-8c31-3850f420d312.rna_seq.augmented_star_gene_counts.tsv","C3_profL",0.577966899533278,-0.686881831066936,0.429498009575949,0.577966899533278,-0.322044887115044
"524a6f24-3903-46f1-ae2e-eb83a522a0c0.rna_seq.augmented_star_gene_counts.tsv","C1_immL",0.229271807523292,0.229271807523292,0.0399233823324357,-0.450351004904432,-0.245756065305445
"984c9d22-35ae-4d5e-a506-30ef69568d46.rna_seq.augmented_star_gene_counts.tsv","C4_mescL",0.132800611423115,0.0866959874987398,-0.0770805344674612,-0.0991469135289967,0.132800611423115
"615dafd3-130a-4a7c-9e27-a3632c2be831.rna_seq.augmented_star_gene_counts.tsv","C2_diffL",0.49380174218536,-0.515407373252759,0.49380174218536,0.295585121839844,-0.388986377896254
"8b38327a-d165-473f-bc49-2d28305e9689.rna_seq.augmented_star_gene_counts.tsv","C1_immL",0.36888265539102,0.36888265539102,-0.331479938344706,-0.193515712565901,0.345573928230431
"2b584a37-d6c1-41f9-98b4-1592ac54a82b.rna_seq.augmented_star_gene_counts.tsv","C4_mescL",0.649441060828001,0.460485150305712,-0.592529088004684,-0.0506546408259846,0.649441060828001
"bfcea1b8-fb75-4e7b-972b-620d9f1fc3bb.rna_seq.augmented_star_gene_counts.tsv","C3_profL",0.508921232572069,-0.497966766099524,0.255402825786135,0.508921232572069,-0.132742938389188
"5a59c958-9d85-4f7b-88ec-4a15a81dae28.rna_seq.augmented_star_gene_counts.tsv","C3_profL",0.083412701707359,-0.010366097744673,-0.0226400033388094,0.083412701707359,-0.0500424022820137
"318db280-feca-4c65-aaad-a4942357507f.rna_seq.augmented_star_gene_counts.tsv","C2_diffL",0.238489206579857,-0.132187483320781,0.238489206579857,-0.00331605119111865,-0.351708174448326
"19fb1859-5fb2-443a-a8ea-d3dd9f5e50b9.rna_seq.augmented_star_gene_counts.tsv","C2_diffL",0.259095012179168,-0.230006286212438,0.259095012179168,0.13030139719967,-0.335472029319844
"02f79514-91bb-4a31-91bc-9c53edd6fef1.rna_seq.augmented_star_gene_counts.tsv","C1_immL",0.57961058100022,0.57961058100022,-0.252445785305518,-0.553447186919934,0.073544015347847
"04bfa099-3ca5-4db7-ac00-5d0e32744621.rna_seq.augmented_star_gene_counts.tsv","C2_diffL",0.142530018334541,-0.0259074977909301,0.142530018334541,-0.0828940891811912,-0.360285444453011
"def689ea-33c2-40fb-bad7-709d4aa13def.rna_seq.augmented_star_gene_counts.tsv","C1_immL",0.41517023181891,0.41517023181891,-0.0663380786086478,-0.511539573486417,-0.146458445763627
"c4e36c8b-6250-4784-bc08-75b7d2549b94.rna_seq.augmented_star_gene_counts.tsv","C1_immL",0.374858708479863,0.374858708479863,-0.0853778907220467,-0.471001064504842,-0.00919677327529459
"bb5d75c1-c4fb-440f-8f09-0be3dd6b7daf.rna_seq.augmented_star_gene_counts.tsv","C3_profL",0.41175573616885,-0.446412411118294,0.172689459081017,0.41175573616885,-0.0182564063028175
"987381dd-ab88-40a1-ade8-e4e3c06ee8a4.rna_seq.augmented_star_gene_counts.tsv","C2_diffL",0.203483451507465,-0.154412580134383,0.203483451507465,0.128182913955985,-0.177483128043031
"3c94176b-696a-453b-b80a-e7d9e3ee91f8.rna_seq.augmented_star_gene_counts.tsv","C2_diffL",0.214272090274762,-0.256094809130427,0.214272090274762,0.190216711243425,-0.168402812783547
"bba3e52a-fb3f-4339-9969-07f40425e711.rna_seq.augmented_star_gene_counts.tsv","C4_mescL",0.545324926018396,0.143973093824686,-0.358873445413249,0.106443886658404,0.545324926018396
"8326bd93-55f7-49be-a164-edfb435de3b5.rna_seq.augmented_star_gene_counts.tsv","C2_diffL",0.358035555502183,-0.294920251092674,0.358035555502183,0.212669757387782,-0.398377667933793
"9d007b37-ba7a-4e85-af1f-1c8aeadda990.rna_seq.augmented_star_gene_counts.tsv","C3_profL",0.324599328086916,-0.360365208186309,0.139658820242407,0.324599328086916,0.0278105596508187
"86274ce9-71ad-45a7-88c4-956a1d8bce61.rna_seq.augmented_star_gene_counts.tsv","C4_mescL",0.434999377309145,-0.172561794654347,-0.243281480231158,0.368403924731502,0.434999377309145
"59fc9086-4b11-4e79-9b53-026e9e9fba53.rna_seq.augmented_star_gene_counts.tsv","C1_immL",0.224029491824959,0.224029491824959,0.0285127198330537,-0.235283739466146,-0.212570497500341
"35f04f9f-3756-4d8d-858f-b49c4c94d4bd.rna_seq.augmented_star_gene_counts.tsv","C1_immL",0.362551742644835,0.362551742644835,-0.122546236467315,-0.341996865789364,0.0136514591722363
"e11fea69-ccfa-4175-9184-bca06a4adbf8.rna_seq.augmented_star_gene_counts.tsv","C3_profL",0.606411566037848,-0.603401522923919,0.336722847470605,0.606411566037848,-0.202444951163246
"d41c8245-bc6e-42e5-ad70-58a3ebd5546b.rna_seq.augmented_star_gene_counts.tsv","C2_diffL",0.429393560590309,-0.454632078660681,0.429393560590309,0.263456201111355,-0.423750467018141
"ca7a912e-f2d1-455f-8b5f-3104cc02ac9e.rna_seq.augmented_star_gene_counts.tsv","C3_profL",0.489484604709915,-0.560399382053457,0.359535351014939,0.489484604709915,-0.265721683874679
"32d18d49-fe09-4929-a5f6-34150f155c3e.rna_seq.augmented_star_gene_counts.tsv","C2_diffL",0.351644004053719,-0.346396176678152,0.351644004053719,0.231988073987534,-0.353735848609027
"920bd9a2-a731-4cb2-874f-14cf09d0d01f.rna_seq.augmented_star_gene_counts.tsv","C1_immL",0.543766790414119,0.543766790414119,-0.424890838207929,-0.327384090545181,0.219210680037717
"43c987b0-278d-49c9-a332-8cfcc9bdb05a.rna_seq.augmented_star_gene_counts.tsv","C2_diffL",0.545297834911152,-0.654241488409055,0.545297834911152,0.43308504770998,-0.48212528836517
"ebf7da61-9344-4a92-8b51-05ec9a19a222.rna_seq.augmented_star_gene_counts.tsv","C2_diffL",0.467902026110172,-0.481454857878225,0.467902026110172,0.298570627968901,-0.43419425285993
"207cda7f-138a-4ae2-a6fd-90a003a94073.rna_seq.augmented_star_gene_counts.tsv","C3_profL",0.456894892748913,-0.536942691685002,0.347373159902058,0.456894892748913,-0.236254395900915
"872f7c22-17e4-4940-809b-a0970fde369b.rna_seq.augmented_star_gene_counts.tsv","C1_immL",0.349665451925301,0.349665451925301,-0.100773404337887,-0.421007513802981,-0.0149360555796066
"95c5928f-acf9-4833-b63c-ad53bfd24ac2.rna_seq.augmented_star_gene_counts.tsv","C3_profL",0.328508640576908,-0.377177564745023,0.280941232879059,0.328508640576908,-0.29679388339669
"fa7a010e-704d-4b55-b1ee-a6a369ef74b4.rna_seq.augmented_star_gene_counts.tsv","C3_profL",0.390488990232649,-0.271867939130486,-0.0610860515088432,0.390488990232649,0.261073741423175
"921df567-b883-4f95-ac75-7c63521b5a95.rna_seq.augmented_star_gene_counts.tsv","C2_diffL",0.289692412192615,-0.305141943862937,0.289692412192615,0.162847224281385,-0.205498360247416
"2c5a90ae-67c6-46de-b865-1dde61e976bd.rna_seq.augmented_star_gene_counts.tsv","C2_diffL",0.300944585031742,-0.346839621522568,0.300944585031742,0.269715430279381,-0.312284356226612
"511b6838-b0e6-41c3-8c47-6c0dcbf35393.rna_seq.augmented_star_gene_counts.tsv","C1_immL",0.278622355787763,0.278622355787763,0.0924868710441988,-0.482833599212444,-0.226161985612876
"ae54a97a-d99d-4d76-b718-8cc61714b767.rna_seq.augmented_star_gene_counts.tsv","C3_profL",0.334652449547215,-0.318605780350249,0.161521720162858,0.334652449547215,-0.0764192162397775
"bba445df-c6f7-4257-9093-d4ea69db84a3.rna_seq.augmented_star_gene_counts.tsv","C2_diffL",0.161019712688936,0.003233692912592,0.161019712688936,-0.178788999721272,-0.191875515202552
"d563b5ea-0724-4d07-9b31-9713d6edd332.rna_seq.augmented_star_gene_counts.tsv","C2_diffL",0.440617786468765,-0.466505310663433,0.440617786468765,0.325450783700919,-0.371572605753664
"6ac60ab5-8d16-4e62-9122-0b4d796b9bc0.rna_seq.augmented_star_gene_counts.tsv","C4_mescL",0.340953339698618,-0.0355098355503105,-0.176098469373875,0.223781453301151,0.340953339698618
"fa8ad93c-f08b-4227-9be1-419b5353b160.rna_seq.augmented_star_gene_counts.tsv","C1_immL",0.401844869916915,0.401844869916915,0.000124686439919706,-0.521343618604817,-0.212096362892369
"980e31f1-5128-485e-befe-f68e1df82adb.rna_seq.augmented_star_gene_counts.tsv","C1_immL",0.606433508477491,0.606433508477491,-0.59660986317183,-0.294590521459113,0.590097436292795
"e4d2a83e-41fd-44b4-9d2d-80cb3617cfdd.rna_seq.augmented_star_gene_counts.tsv","C4_mescL",0.564062064487051,0.514593427349769,-0.533837357139697,-0.222435699756261,0.564062064487051
"34e59c84-b0d2-4373-9a9c-b265b828631e.rna_seq.augmented_star_gene_counts.tsv","C1_immL",0.409944669469764,0.409944669469764,-0.0713525936076778,-0.489079188485557,-0.100028095218327
"07742557-d413-4ab1-a624-6a003ba346be.rna_seq.augmented_star_gene_counts.tsv","C1_immL",0.0716492560326883,0.0716492560326883,-0.054189972170906,-0.135601311802067,0.0339945470072291
"ecd6ce37-bdda-445f-b855-bc00794f03b1.rna_seq.augmented_star_gene_counts.tsv","C1_immL",0.155179750093404,0.155179750093404,-0.0952004690345084,-0.17512535359945,0.0465280537056036
"41f62365-a65b-4a80-aaab-323f676f67d9.rna_seq.augmented_star_gene_counts.tsv","C1_immL",0.193178051036929,0.193178051036929,-0.0919732251808197,-0.242185896941698,0.0419274061071147
"2e844d1a-874f-4972-820e-1d4f89575463.rna_seq.augmented_star_gene_counts.tsv","C1_immL",0.509732732189559,0.509732732189559,-0.137637743489748,-0.584894038772884,-0.0769439074147655
"87d7f834-2064-4e3b-9c41-8fbff133f285.rna_seq.augmented_star_gene_counts.tsv","C2_diffL",0.114049026085486,-0.00960011386347058,0.114049026085486,-0.256754416657277,-0.196519454641419
"d1cc1450-ae0d-42ea-b45f-dd4f8bcbd399.rna_seq.augmented_star_gene_counts.tsv","C1_immL",0.13707004679077,0.13707004679077,0.091930971155401,-0.292253206857902,-0.118220898098124
"59b900d7-691a-423c-a590-cc9e1f0735dc.rna_seq.augmented_star_gene_counts.tsv","C3_profL",0.487763754054904,-0.414033821008996,0.0691225447538701,0.487763754054904,0.126653614868672
"4e56c9e5-1d7e-4329-96b3-1825863e4fc0.rna_seq.augmented_star_gene_counts.tsv","C1_immL",0.341492115547701,0.341492115547701,0.0370916954605612,-0.426733600991561,-0.261769820842946
"c1727ac9-43ce-4f5f-b785-7d9f85f944bb.rna_seq.augmented_star_gene_counts.tsv","C1_immL",0.426518772646673,0.426518772646673,-0.128444972545633,-0.443246991810133,-0.0531367310509243
"2e2a3b0d-9b35-47ef-bfa8-98c2519cff9c.rna_seq.augmented_star_gene_counts.tsv","C4_mescL",0.58372034064155,0.392916298488344,-0.486333454387411,-0.120635307757542,0.58372034064155
"3f97103b-9c36-40df-b3d3-88e9b118f5ce.rna_seq.augmented_star_gene_counts.tsv","C4_mescL",0.518105477900405,0.0541136885241041,-0.365766114777205,0.19389926048048,0.518105477900405
"8a8dab8f-000a-46bc-9e8e-de80237aed4c.rna_seq.augmented_star_gene_counts.tsv","C2_diffL",0.331270150814996,-0.335010793308149,0.331270150814996,0.0958104024955077,-0.33768206294515
"791c5e20-ea2c-483e-b409-bea457466497.rna_seq.augmented_star_gene_counts.tsv","C1_immL",0.60136762185467,0.60136762185467,-0.332419682695992,-0.463824848923338,0.121431314233527
"e790bff9-6d2d-48b7-af55-b1029378322e.rna_seq.augmented_star_gene_counts.tsv","C4_mescL",0.45094515576167,0.406784290992332,-0.426164834139237,-0.0918238466875812,0.45094515576167
"774c4255-87c8-4e0d-9f23-64ac32174a82.rna_seq.augmented_star_gene_counts.tsv","C2_diffL",0.489311547750868,-0.583919527585205,0.489311547750868,0.449848330298951,-0.447947344075245
"7d14ddef-7a1b-4515-9536-3fc4a9b85702.rna_seq.augmented_star_gene_counts.tsv","C4_mescL",0.208543689176447,0.16208583645173,-0.141102425314343,-0.123083224115334,0.208543689176447
"9b68eedc-cd12-4d48-865c-d69aec556dd4.rna_seq.augmented_star_gene_counts.tsv","C1_immL",0.618152327974238,0.618152327974238,-0.226825168187701,-0.624581833439092,0.0437079313023728
"f0cdf1bd-137e-42cf-a98f-dc9dd37ae19d.rna_seq.augmented_star_gene_counts.tsv","C4_mescL",0.138104010129105,-0.175534921096173,0.029415695769238,0.122678845709067,0.138104010129105
"57bfee10-7547-4a15-a774-23ea7e6cf5e9.rna_seq.augmented_star_gene_counts.tsv","C1_immL",0.296273862403112,0.296273862403112,-0.0256617591951988,-0.385813619731591,-0.0332648867592203
"d0f28c51-328f-4573-a872-a3ef811d18ca.rna_seq.augmented_star_gene_counts.tsv","C2_diffL",0.144524111814826,0.0407774295321516,0.144524111814826,-0.147952607295565,-0.218394436108953
"36e1390b-65ee-499f-8247-df984c24547f.rna_seq.augmented_star_gene_counts.tsv","C4_mescL",0.686632087556265,0.490772018052105,-0.629020109135478,-0.116300786369594,0.686632087556265
"73fb7bab-b6f9-4411-a0f2-48f884eb5679.rna_seq.augmented_star_gene_counts.tsv","C4_mescL",0.483100466721622,0.245151684527022,-0.362662964324483,0.0261533124188278,0.483100466721622
"c6996478-e874-456e-ad0c-296658d8baa2.rna_seq.augmented_star_gene_counts.tsv","C4_mescL",0.459210932079254,0.162964720115287,-0.410078874922081,0.175346779502203,0.459210932079254
"0f3919e2-e4d0-4394-9cba-88b8653694a0.rna_seq.augmented_star_gene_counts.tsv","C2_diffL",0.462393361403351,-0.579974336241201,0.462393361403351,0.431929956174425,-0.367853881143142
"25ff83ac-f657-473a-a0d0-fd5e98e2f691.rna_seq.augmented_star_gene_counts.tsv","C4_mescL",0.52548421626943,0.254971371046654,-0.413875510300754,-0.0507263244041442,0.52548421626943
"ff23c7dc-14a8-43a4-a00b-3bafdc645e46.rna_seq.augmented_star_gene_counts.tsv","C1_immL",0.0972483735907913,0.0972483735907913,-0.0258468614784803,-0.121064890317454,-0.0164545317068253
"24de03d9-8635-4173-ad2b-08d01f7ff27f.rna_seq.augmented_star_gene_counts.tsv","C3_profL",0.519770434638217,-0.61110583965414,0.408869001327593,0.519770434638217,-0.335396935767956
"cfdb5780-7a6a-41ec-80f6-1405a06ba81d.rna_seq.augmented_star_gene_counts.tsv","C2_diffL",0.424621005484203,-0.463262870426929,0.424621005484203,0.318738028027019,-0.472779662323645
"f3aafcfa-9e92-4d07-905c-c9b4fdd276c0.rna_seq.augmented_star_gene_counts.tsv","C1_immL",0.515990478760312,0.515990478760312,-0.370630146141849,-0.354187373608582,0.197213903204189
"962fb836-bac4-4da3-8705-fe9a5cacde8e.rna_seq.augmented_star_gene_counts.tsv","C4_mescL",0.466323321848147,-0.109664162065673,-0.26623379270872,0.349918086500655,0.466323321848147
"d936e585-e711-48ec-955f-ef3dc5ca7353.rna_seq.augmented_star_gene_counts.tsv","C4_mescL",0.616718582281184,0.427126044489779,-0.539318297275455,-0.0166027173042823,0.616718582281184
"c18d6e53-5ede-44c8-a80a-0b961d59a094.rna_seq.augmented_star_gene_counts.tsv","C4_mescL",0.464482603203596,0.327632129068988,-0.405828861263653,-0.144618764937168,0.464482603203596
"c0b634eb-856b-491e-ab86-3088950176d9.rna_seq.augmented_star_gene_counts.tsv","C1_immL",0.137977915231018,0.137977915231018,0.111143579993802,-0.21488082883118,-0.174777313889564
"bbb907c3-ad29-4255-9b4c-764d052db122.rna_seq.augmented_star_gene_counts.tsv","C2_diffL",0.41815035746535,-0.446340801669998,0.41815035746535,0.330569080137348,-0.477163035291746
"c0e46d22-7732-4048-b5e9-7e631f7a797a.rna_seq.augmented_star_gene_counts.tsv","C3_profL",0.1904227922644,-0.109269198152091,-0.0285899631567138,0.1904227922644,0.0570742870189713
"391b894d-7639-4e12-97f1-e189233505ff.rna_seq.augmented_star_gene_counts.tsv","C2_diffL",0.448368064288982,-0.582050713722327,0.448368064288982,0.440197808128191,-0.387877024486577
"fcd1465c-ddbb-438c-81c9-9be12b5327af.rna_seq.augmented_star_gene_counts.tsv","C2_diffL",0.232477348321207,0.0323810363947979,0.232477348321207,-0.242979234742592,-0.348280113033216
"7a647483-f972-492c-972d-63b7eff7beff.rna_seq.augmented_star_gene_counts.tsv","C2_diffL",0.342976369102701,-0.223338453235917,0.342976369102701,-0.00527300546188835,-0.301334708195205
"7bac05ec-f793-4b99-b1d1-c848f0c69b60.rna_seq.augmented_star_gene_counts.tsv","C4_mescL",0.145902249396583,0.0863285998944391,-0.122443344208927,0.0189173481672133,0.145902249396583
"cf8f83cf-db75-479f-8f27-f0d74f262c91.rna_seq.augmented_star_gene_counts.tsv","C4_mescL",0.354698499018521,-0.0569814764296686,-0.212352200793502,0.23671481648411,0.354698499018521
"253e8a92-35ff-45b4-bf43-8f52d62ca993.rna_seq.augmented_star_gene_counts.tsv","C4_mescL",0.594025874287612,0.465639622115607,-0.529491715950058,-0.139609735919774,0.594025874287612
"85db4a2d-ca76-4a24-8f69-c4ae6a781879.rna_seq.augmented_star_gene_counts.tsv","C3_profL",0.518140689585644,-0.622916283662371,0.421874567961858,0.518140689585644,-0.343546995368366
"bc3bc9f5-e99c-4384-a528-5dc71d1a5a19.rna_seq.augmented_star_gene_counts.tsv","C2_diffL",0.441246333629335,-0.412813717583011,0.441246333629335,0.166086551063615,-0.367080558405437
"80fe180c-eb5d-4f12-88fb-112e36a48e46.rna_seq.augmented_star_gene_counts.tsv","C2_diffL",0.518765272142983,-0.563173766330809,0.518765272142983,0.352252732426775,-0.439203504266915
"be93160b-4c67-48f1-8bdf-23d29b8c815d.rna_seq.augmented_star_gene_counts.tsv","C3_profL",0.545892315994853,-0.650204894943157,0.487731469589816,0.545892315994853,-0.409404707542862
"1521da11-ee78-464f-830f-2111e5713ee9.rna_seq.augmented_star_gene_counts.tsv","C4_mescL",0.115615233390463,-0.0548169585406499,-0.0784065695669165,0.0760726591271653,0.115615233390463
"3357f780-0eed-4559-9608-c02191b5fad3.rna_seq.augmented_star_gene_counts.tsv","C2_diffL",0.471988731666851,-0.537055962116675,0.471988731666851,0.290323458247096,-0.472046740361635
"dc82e1cb-e108-4727-ba00-1beced69a2f3.rna_seq.augmented_star_gene_counts.tsv","C4_mescL",0.508332048415697,0.351934048142899,-0.433642536430569,-0.0474118299401624,0.508332048415697
"765e86db-4d7e-4b17-9051-3d7ee32df82a.rna_seq.augmented_star_gene_counts.tsv","C4_mescL",0.36242364624043,0.111933425452044,-0.261704531833183,0.070557174881244,0.36242364624043
"0b5a3a02-abbb-405e-b392-4944e778e2be.rna_seq.augmented_star_gene_counts.tsv","C1_immL",0.250443741363871,0.250443741363871,-0.21272981834698,-0.244404603761053,0.213677627014108
"68faaf7b-ec8b-4e35-b86d-54f927585c61.rna_seq.augmented_star_gene_counts.tsv","C3_profL",0.440939329154386,-0.556953084691887,0.416689406004031,0.440939329154386,-0.349937508524934
"c2be3377-97dd-42be-887d-c9bf57034c98.rna_seq.augmented_star_gene_counts.tsv","C2_diffL",0.0587356157475269,0.0239823452316707,0.0587356157475269,-0.106093104143563,-0.128213974368858
"bd47a9d9-3e0e-4eef-ae47-887016a2df2d.rna_seq.augmented_star_gene_counts.tsv","C2_diffL",0.307462379647378,-0.0559874690878469,0.307462379647378,-0.234888553162973,-0.309264157321362
"7d0b634a-b842-4f7c-afd3-9ba129e38da1.rna_seq.augmented_star_gene_counts.tsv","C1_immL",0.163530701624334,0.163530701624334,0.0855130294735173,-0.398674483907889,-0.171056587772724
"a0a073aa-4198-4139-b0d3-ce95e1fa4327.rna_seq.augmented_star_gene_counts.tsv","C2_diffL",0.216488647492384,-0.186706884588698,0.216488647492384,-0.0820622038511947,-0.226137745147459
"1fbf116b-6325-42ef-94d2-dfdda4aa8d9f.rna_seq.augmented_star_gene_counts.tsv","C1_immL",0.417220737977619,0.417220737977619,-0.142877909810488,-0.524688506312899,0.0649183385421918
"1a807944-1fce-4a18-ae2b-f19a8f13e4d7.rna_seq.augmented_star_gene_counts.tsv","C2_diffL",0.160724453420089,0.00804360911619412,0.160724453420089,-0.228758606477171,-0.252638430107399
"14ad7b5f-80d5-4271-b46c-bbed630b59bf.rna_seq.augmented_star_gene_counts.tsv","C3_profL",0.505516077284831,-0.664602248803544,0.498551317032028,0.505516077284831,-0.398047790040505
"0328d523-1d48-483a-abc6-40787ed24b72.rna_seq.augmented_star_gene_counts.tsv","C4_mescL",0.608249171228124,0.174938916992344,-0.437461929679073,0.134549927945773,0.608249171228124
"57904f56-c3b6-4e82-84f2-70b47173d7bc.rna_seq.augmented_star_gene_counts.tsv","C2_diffL",0.525305972888188,-0.58676240785658,0.525305972888188,0.410416283662371,-0.474218300587702
"62c68df4-4b67-4c05-9cf4-f0f2e878b59e.rna_seq.augmented_star_gene_counts.tsv","C1_immL",0.500752418116153,0.500752418116153,-0.44143462349699,-0.278808866524733,0.373075292219923
"4ca1b467-0af2-4867-bd68-28bcb2cb1264.rna_seq.augmented_star_gene_counts.tsv","C4_mescL",0.374014962371681,0.228358453473132,-0.324840422483916,0.0620010318877022,0.374014962371681
"a08f5098-e161-40dd-b807-216cf71ebcce.rna_seq.augmented_star_gene_counts.tsv","C2_diffL",0.105794665155011,0.0148707471697218,0.105794665155011,-0.1846626794684,-0.192805474342172
"dca2da37-67cd-408e-a2da-325550471381.rna_seq.augmented_star_gene_counts.tsv","C4_mescL",0.292907402904705,0.279097676473553,-0.308330292155452,-0.0490598109391957,0.292907402904705
"37cd0a64-830c-417b-8df6-71408fa87ecd.rna_seq.augmented_star_gene_counts.tsv","C4_mescL",0.396719308753847,-0.159663569026764,-0.219440721271767,0.394849531202742,0.396719308753847
"03c8e4fe-1e07-4ea3-a154-c17c2e8af508.rna_seq.augmented_star_gene_counts.tsv","C1_immL",0.584881362566198,0.584881362566198,-0.515135280710171,-0.296054512136541,0.514193941514503
"b6984d71-6903-423e-a1b0-e98ccc3be29f.rna_seq.augmented_star_gene_counts.tsv","C1_immL",0.597691596045617,0.597691596045617,-0.568503671541226,-0.367071218042616,0.591834224868494
"ac2d95d8-5495-476e-860c-5c646b3b740e.rna_seq.augmented_star_gene_counts.tsv","C4_mescL",0.341564095645315,-0.0293168784803971,-0.200565848117239,0.170021067707252,0.341564095645315
"109c4aee-66f6-4015-8fab-969bd538fd61.rna_seq.augmented_star_gene_counts.tsv","C3_profL",0.398688123802803,-0.167046755187608,-0.149507047489596,0.398688123802803,0.281623799837507
"7370550b-9232-4382-ba1c-5d3ff2a69da1.rna_seq.augmented_star_gene_counts.tsv","C2_diffL",0.350477867082032,-0.110762470125665,0.350477867082032,-0.140095805435795,-0.403911758775493
"d9b8df95-099e-400e-895d-9f2d5ce4f348.rna_seq.augmented_star_gene_counts.tsv","C1_immL",0.603312048178481,0.603312048178481,-0.251673203809179,-0.601116840525907,0.102573195827378
"fa7c3641-365e-469d-86fd-2e6de18e49fc.rna_seq.augmented_star_gene_counts.tsv","C1_immL",0.0939017067659809,0.0939017067659809,0.0576201836063427,-0.309317753212788,-0.0642680713781631
"03752bc9-46d3-4f39-8313-3050134be0db.rna_seq.augmented_star_gene_counts.tsv","C2_diffL",0.099440104511255,-0.163034921096173,0.099440104511255,0.0212913570509361,-0.0862058408402175
"21d6ea46-7964-4c21-8829-13f2cfd99829.rna_seq.augmented_star_gene_counts.tsv","C1_immL",0.564875343221269,0.564875343221269,-0.377144382523766,-0.468832469473322,0.235835265651779
"c3955ac8-3d67-448a-9cdd-683afd745ffa.rna_seq.augmented_star_gene_counts.tsv","C1_immL",0.504254387005332,0.504254387005332,-0.178031924621191,-0.534497592262028,-0.021350957461319
"cad2eb6b-0dff-4e52-9d0e-baf5f4997089.rna_seq.augmented_star_gene_counts.tsv","C1_immL",0.263984821169117,0.263984821169117,-0.028183657343872,-0.427593952189203,-0.0996029604502352
"91ce2bbd-b743-4250-98c3-42fec28b9d49.rna_seq.augmented_star_gene_counts.tsv","C4_mescL",0.38899297545412,0.248110133255843,-0.32067276711012,-0.0100336253061563,0.38899297545412
"6ec47cac-85ce-4536-a51d-346a0e281261.rna_seq.augmented_star_gene_counts.tsv","C1_immL",0.281167456396814,0.281167456396814,0.0575500567501215,-0.450658940358077,-0.159178018419789
"fdf2c36f-0cee-44d6-8d80-2717b9d044bb.rna_seq.augmented_star_gene_counts.tsv","C1_immL",0.774790360745569,0.774790360745569,-0.63606852535453,-0.49916500121573,0.521120413585335
"5e46819c-e79e-496f-9903-82b5c155a78b.rna_seq.augmented_star_gene_counts.tsv","C1_immL",0.572341035920367,0.572341035920367,-0.264586775275821,-0.589324780723863,0.0622167497909538
"5257902c-d131-4599-aa89-6a318efb0586.rna_seq.augmented_star_gene_counts.tsv","C3_profL",0.185042891539114,-0.160998944390741,-0.0440802888752046,0.185042891539114,0.159659491884263
"50c62016-a463-4dba-a179-146df17fb5dd.rna_seq.augmented_star_gene_counts.tsv","C2_diffL",0.410371168996162,-0.46175188141594,0.410371168996162,0.377979130960782,-0.333848066396636
"f9e43abb-04fc-45c2-9a74-61a2bea4eeec.rna_seq.augmented_star_gene_counts.tsv","C2_diffL",0.159727554939685,-0.105999626385487,0.159727554939685,0.0159852155399916,-0.210923035410353
"b4388ff2-9482-41b4-a80b-a361ec3ef4d8.rna_seq.augmented_star_gene_counts.tsv","C3_profL",0.524453514645096,-0.50132143894961,0.129125039965266,0.524453514645096,0.0397842376188302
"6670929c-6c96-4256-affa-910687f99a45.rna_seq.augmented_star_gene_counts.tsv","C2_diffL",0.185446468264003,-0.0206865314933313,0.185446468264003,-0.123305836095906,-0.283889430860559
"525a600e-544a-436f-926e-522ad287f188.rna_seq.augmented_star_gene_counts.tsv","C3_profL",0.519039143533207,-0.61875485550607,0.429126470671742,0.519039143533207,-0.337928025832775
"a2e43a42-ba42-4666-8431-47d4dc22dba2.rna_seq.augmented_star_gene_counts.tsv","C2_diffL",0.393646729215969,-0.347614797506864,0.393646729215969,0.116248302426122,-0.418994888004602
"d59c9b4d-960f-4fd7-9a78-6b3bd9d31e06.rna_seq.augmented_star_gene_counts.tsv","C3_profL",0.224303031021865,-0.209213971403664,0.129815930345796,0.224303031021865,-0.0626419586889096
"d7735ff1-203e-4a8b-b189-e36fa25da887.rna_seq.augmented_star_gene_counts.tsv","C3_profL",0.422981443812529,-0.412831360490562,0.206237450276464,0.422981443812529,-0.0981685475884073
"6311e779-54f1-4b2e-b3f0-488145efbd02.rna_seq.augmented_star_gene_counts.tsv","C1_immL",0.380105323710289,0.380105323710289,-0.0891847560226629,-0.465185947350006,-0.105942101611287
"6f9bb9a5-b2d8-42c1-94fc-05eb778c1f0d.rna_seq.augmented_star_gene_counts.tsv","C3_profL",0.25027279789827,-0.267946691732445,0.132333677221797,0.25027279789827,-0.0375246852445989
"d905f784-10c0-466f-b2a9-58b12bf69e1d.rna_seq.augmented_star_gene_counts.tsv","C1_immL",0.435807022173725,0.435807022173725,-0.188204099396591,-0.428536735795236,0.118677612188136
"ad4b3bef-a8f4-47ca-b0a2-e7a7dbb0ecdc.rna_seq.augmented_star_gene_counts.tsv","C1_immL",0.251464361326747,0.251464361326747,-0.127536140349785,-0.310381294366723,0.108164589053688
"807a3beb-0dfc-42b6-9995-1c93b73ce349.rna_seq.augmented_star_gene_counts.tsv","C4_mescL",0.577865119230473,0.253808125226096,-0.414546459746481,-0.0968502220930715,0.577865119230473
"c3482424-68d5-43cd-a75c-a1cefa68e6d0.rna_seq.augmented_star_gene_counts.tsv","C4_mescL",0.404642160322139,0.249147877217224,-0.310333429479774,-0.0827683649324232,0.404642160322139
"13e069ad-b3f9-48e6-93f8-24060058ed43.rna_seq.augmented_star_gene_counts.tsv","C1_immL",0.294660203530954,0.294660203530954,-0.0873773956827804,-0.477964156728323,-0.0587671165855192
"24fb0a8d-34f2-4cac-9b8c-03c2503a34fd.rna_seq.augmented_star_gene_counts.tsv","C4_mescL",0.463855909336212,-0.0422245186006654,-0.271479741159254,0.292318218748332,0.463855909336212
"8b8aae66-3fb7-4875-81e3-601ccbc3bb82.rna_seq.augmented_star_gene_counts.tsv","C1_immL",0.686905033714262,0.686905033714262,-0.524032940645179,-0.514362068045285,0.410095227222858
"4793d6ae-2289-4825-9d9b-5b217a0837e5.rna_seq.augmented_star_gene_counts.tsv","C1_immL",0.238680962857973,0.238680962857973,-0.100728926416394,-0.313682148935792,-0.0174068039354062
"4d8ce68c-cba9-44e2-be95-477c938fdd73.rna_seq.augmented_star_gene_counts.tsv","C4_mescL",0.288886747359494,0.102603292552024,-0.148291169375706,0.0354049417932311,0.288886747359494
"03462bef-e22d-42c1-8360-f2a3404e698d.rna_seq.augmented_star_gene_counts.tsv","C4_mescL",0.713428921321528,0.580905629718366,-0.665126099725877,-0.120820410027102,0.713428921321528
"9ae61124-172b-4d16-aadc-bc7c096002cf.rna_seq.augmented_star_gene_counts.tsv","C2_diffL",0.428651446470193,-0.353560976260653,0.428651446470193,0.0913433369113348,-0.450202003878475
"2458e827-5ac6-4d31-8ad4-b335e7f787cd.rna_seq.augmented_star_gene_counts.tsv","C4_mescL",0.235786043422309,-0.123261728827028,-0.0726683987851895,0.133868748628598,0.235786043422309
"00d52735-8d5a-405b-a26f-52a4f1ab6df8.rna_seq.augmented_star_gene_counts.tsv","C1_immL",0.541165276978823,0.541165276978823,-0.213348357975214,-0.555640467196053,0.0354701760732522
"94e50abd-1c5d-4267-b36e-25d229716049.rna_seq.augmented_star_gene_counts.tsv","C3_profL",0.572245260136518,-0.505371449920829,0.199595636389731,0.572245260136518,-0.0410496343915124
"532e54f3-48e3-466f-8d1c-61f62fe31cc4.rna_seq.augmented_star_gene_counts.tsv","C4_mescL",0.262940850299188,-0.0229504575295185,-0.12831265072919,0.106422240738215,0.262940850299188
"88e85e7b-16f4-484a-8f20-541f0900ff44.rna_seq.augmented_star_gene_counts.tsv","C3_profL",0.0982924927204474,-0.159800709274536,0.00872664232686545,0.0982924927204474,0.071085350159824
"7de8593c-b0fc-4a23-a1e9-9a066502777b.rna_seq.augmented_star_gene_counts.tsv","C2_diffL",0.238713523563922,-0.22801715958084,0.238713523563922,0.194223430374267,-0.22655131565682
"f6e55165-bb0d-4bb1-9f72-f29d355b7b8d.rna_seq.augmented_star_gene_counts.tsv","C1_immL",0.663962952859337,0.663962952859337,-0.515178276034282,-0.389724118299402,0.389098239860517
"d6472bd0-b4e2-4ed1-a892-e1702c195dc7.rna_seq.augmented_star_gene_counts.tsv","C2_diffL",0.517960740673037,-0.522624582648868,0.517960740673037,0.314695948951211,-0.412043211780125
"06bfef84-bc96-4d26-a658-3da2432dd948.rna_seq.augmented_star_gene_counts.tsv","C2_diffL",0.387332421091165,-0.327035902575568,0.387332421091165,0.118005921493509,-0.331165899669677
"e7ae8300-261d-4bea-9ecd-3d7f551daefc.rna_seq.augmented_star_gene_counts.tsv","C4_mescL",0.585388410833635,0.369890821536801,-0.543579652803864,-0.122932888751831,0.585388410833635
"5d9a6911-c16e-4b16-8d56-2b99a9fbce3f.rna_seq.augmented_star_gene_counts.tsv","C3_profL",0.305317112730766,-0.339035081216679,0.203476557429633,0.305317112730766,-0.151289785497827
"4d444647-db80-41e2-b7dd-148690e2b3c2.rna_seq.augmented_star_gene_counts.tsv","C4_mescL",0.680143055810892,0.321247323911922,-0.545475894856864,0.0270617738979855,0.680143055810892
"ecf72b78-167b-4353-87bd-ca38c7c1d0a0.rna_seq.augmented_star_gene_counts.tsv","C1_immL",0.38079087668942,0.38079087668942,-0.216552695699334,-0.291033251691644,0.0522225615722648
"3906ba4a-96da-4833-a237-b402ffe42da5.rna_seq.augmented_star_gene_counts.tsv","C4_mescL",0.0623820593869164,-0.033800326764439,0.0101903365933426,-0.1158148651133,0.0623820593869164
"793b24af-b8e0-4ecd-a07a-5710a4cb67bc.rna_seq.augmented_star_gene_counts.tsv","C2_diffL",0.284725117920237,-0.0679520290826281,0.284725117920237,-0.213449232904171,-0.366098634231392
"f5f0cecd-ef58-47e5-a8e9-0788d7f00248.rna_seq.augmented_star_gene_counts.tsv","C1_immL",0.301778004779894,0.301778004779894,-0.25045109878628,-0.247540296993886,0.272453194404085
"7ac150f1-a758-4259-b65d-52e51bc3fb1f.rna_seq.augmented_star_gene_counts.tsv","C2_diffL",0.192081165683297,-0.132208091422878,0.192081165683297,0.0253531546704779,-0.227859559490698
"0328fb2d-b622-4d82-b5a5-674d30212caa.rna_seq.augmented_star_gene_counts.tsv","C4_mescL",0.630125264643613,0.366995531451819,-0.529004682709706,-0.0431712310894718,0.630125264643613
"1e36ddde-f989-45b5-a887-d7c6ac41aaeb.rna_seq.augmented_star_gene_counts.tsv","C1_immL",0.544853608345244,0.544853608345244,-0.161670276420646,-0.636079671812268,-0.0350752121596698
"1730a0a1-8a5a-4532-a35e-4e4db4a4b4b6.rna_seq.augmented_star_gene_counts.tsv","C2_diffL",0.222554620555517,-0.0397176690012632,0.222554620555517,-0.178171794476436,-0.289135378922211
"861aa222-1133-4423-9746-6a0d1b8e5163.rna_seq.augmented_star_gene_counts.tsv","C2_diffL",0.408929268911216,-0.489671930875385,0.408929268911216,0.377010401902469,-0.352984394181102
"8e1e205e-342c-4434-a78d-fc206a85003d.rna_seq.augmented_star_gene_counts.tsv","C4_mescL",0.328514793355592,0.0940907379183148,-0.268277256681863,0.0781667536457067,0.328514793355592
"1155a6cd-3dce-40d1-a498-d9843ab20901.rna_seq.augmented_star_gene_counts.tsv","C2_diffL",0.277186703266066,-0.320842945505655,0.277186703266066,0.237755525640037,-0.30136621338726
"de46493c-07c7-4884-9361-8ab7d5cd0a72.rna_seq.augmented_star_gene_counts.tsv","C3_profL",0.430408218333205,-0.371631909644592,0.164585952434273,0.430408218333205,-0.0691383292907848
"9502e51f-a360-4ca0-92fa-70f78ecf9b04.rna_seq.augmented_star_gene_counts.tsv","C1_immL",0.525342109320793,0.525342109320793,-0.159172173959971,-0.571317005983763,0.00588465096694994
"d34ab5f4-ced0-436d-be8e-28f8f58e228d.rna_seq.augmented_star_gene_counts.tsv","C2_diffL",0.0570987541067022,0.0357350420761106,0.0570987541067022,-0.205816451492382,-0.125387106148034
"0538f774-31e5-4f0f-868e-c651a2551cb3.rna_seq.augmented_star_gene_counts.tsv","C2_diffL",0.164800113626264,-0.0328089139678454,0.164800113626264,-0.223462101848502,-0.232685042965669
"412e9725-b56c-4b7b-b6cb-6d32ccddb96d.rna_seq.augmented_star_gene_counts.tsv","C3_profL",0.503433102245838,-0.559340362821205,0.332490402591166,0.503433102245838,-0.22301650723804
"676462aa-e44e-4f39-a9cb-222e8815bdfc.rna_seq.augmented_star_gene_counts.tsv","C1_immL",0.21176403871358,0.21176403871358,-0.0649691964448206,-0.212487101403723,-0.0254235039110916
"68021dd4-be26-40e0-b69d-de199b6ea838.rna_seq.augmented_star_gene_counts.tsv","C3_profL",0.409822206934997,-0.556974953001667,0.387684908618999,0.409822206934997,-0.323471738730778
"ad063208-3c51-45f6-88c8-0a802df75182.rna_seq.augmented_star_gene_counts.tsv","C1_immL",0.69434885810358,0.69434885810358,-0.57171112271985,-0.439789574969014,0.516061569299562
"fb2b534e-f659-4f1f-8f03-7be4818b3547.rna_seq.augmented_star_gene_counts.tsv","C2_diffL",0.350365930979607,-0.196413745455839,0.350365930979607,0.0727807001417363,-0.450668873759807
"ba7d73f8-16bf-493c-bb33-9121ceda8a89.rna_seq.augmented_star_gene_counts.tsv","C1_immL",0.371465413970811,0.371465413970811,-0.0656914437600035,-0.455005470783938,-0.142079446457482
"876a27db-292d-49f1-80b9-da35cb0cb186.rna_seq.augmented_star_gene_counts.tsv","C3_profL",0.242785533408847,-0.240503149036608,0.210689023049127,0.242785533408847,-0.263343227199137
"278dc83a-1488-4a81-8e24-56b784c77796.rna_seq.augmented_star_gene_counts.tsv","C4_mescL",0.780071817011914,0.349806521055847,-0.608626314961952,0.09089040344437,0.780071817011914
"23d2011e-aab7-4dda-b818-55d6fa86503b.rna_seq.augmented_star_gene_counts.tsv","C3_profL",0.536641279659358,-0.594739151835752,0.342906390506218,0.536641279659358,-0.278386178042141
"f691c28c-5b0d-4b28-8b05-030dd07a2b13.rna_seq.augmented_star_gene_counts.tsv","C4_mescL",0.363918030161959,0.21234669944195,-0.30143287847987,0.0892195904473293,0.363918030161959
"22a0a810-bcf2-4e89-aa7d-bcbdbf88fb82.rna_seq.augmented_star_gene_counts.tsv","C1_immL",0.301646943180942,0.301646943180942,0.00936645722754737,-0.409907901057388,-0.198028219756498
"037a7fa8-e684-4548-805c-845c3df9e188.rna_seq.augmented_star_gene_counts.tsv","C2_diffL",0.337018699778404,-0.17051395717073,0.337018699778404,-0.0933074076490159,-0.369729514953476
"e5122ef6-16e7-4c8b-882c-737ace21f6a1.rna_seq.augmented_star_gene_counts.tsv","C4_mescL",0.738415874465524,0.296360520213731,-0.581273727581183,0.0415697295149535,0.738415874465524
"1c955b7d-6c23-4f92-83d5-d5420d3e6d22.rna_seq.augmented_star_gene_counts.tsv","C3_profL",0.369310607093931,-0.257288151675631,0.0138226260520975,0.369310607093931,0.0526184891740747
"b44c4388-8fd4-4d11-90f9-bd7497707b73.rna_seq.augmented_star_gene_counts.tsv","C2_diffL",0.490190653869184,-0.49006897042515,0.490190653869184,0.125471095283562,-0.476889273705248
"ba187e93-15e0-4681-9c0f-f4d346cfe1a8.rna_seq.augmented_star_gene_counts.tsv","C1_immL",0.262362266713319,0.262362266713319,-0.119821000087548,-0.33094136031265,0.0336633347763947
"767664c5-0307-4a70-aaea-6601aa45e546.rna_seq.augmented_star_gene_counts.tsv","C3_profL",0.346773127034865,-0.306629507837009,0.0445876336997055,0.346773127034865,0.101716699382647
"78c61237-b889-4cb8-bb8e-eacd33b3538f.rna_seq.augmented_star_gene_counts.tsv","C3_profL",0.434048217028519,-0.533679791606127,0.303474637466022,0.434048217028519,-0.182210982487561
"d94d6def-9d09-4ef8-8fd7-7866664d20dd.rna_seq.augmented_star_gene_counts.tsv","C4_mescL",0.342465737177016,0.112314749470713,-0.294611596179911,0.104117913926333,0.342465737177016
"04f0900d-efc7-498d-a8eb-aea677094877.rna_seq.augmented_star_gene_counts.tsv","C3_profL",0.528529841717915,-0.401945538271766,-0.00333080328089906,0.528529841717915,0.204803689295055
"ce797402-bbd4-4ad0-8b02-b44d6b30f70e.rna_seq.augmented_star_gene_counts.tsv","C4_mescL",0.315515083944658,-0.0829782265764457,-0.150751613862849,0.290922279285744,0.315515083944658
"72e3b5ff-0679-4d43-a7c2-697635faa1fc.rna_seq.augmented_star_gene_counts.tsv","C3_profL",0.171659485953873,-0.130410516358978,0.0550455049908307,0.171659485953873,0.0948427853851491
"1d39253a-1714-4371-942f-98acaf24a4f9.rna_seq.augmented_star_gene_counts.tsv","C4_mescL",0.503037100514165,0.119669543893775,-0.3453292511497,0.154079218137502,0.503037100514165
"bf0b1fa1-16b5-44ed-bbdd-535835f2c4e9.rna_seq.augmented_star_gene_counts.tsv","C3_profL",0.569423358616559,-0.587740847927033,0.322191762258987,0.569423358616559,-0.157992162990814
"3245bf16-6e24-4585-86c3-6eebac80d2c9.rna_seq.augmented_star_gene_counts.tsv","C1_immL",0.191557423957586,0.191557423957586,-0.124455896026632,-0.254715919536481,0.120502467041863
"21ff9928-00f0-4b96-8d70-35e9bfad5d40.rna_seq.augmented_star_gene_counts.tsv","C3_profL",0.422313088961767,-0.413855835206348,0.281053168981484,0.422313088961767,-0.232774962490289
"846a9737-f1d2-4c15-8023-360f22805491.rna_seq.augmented_star_gene_counts.tsv","C3_profL",0.169347449636171,-0.21471314707958,0.10462800927424,0.169347449636171,-0.102876461099613
"62bea110-bff8-4d67-a920-77d3f2d85d13.rna_seq.augmented_star_gene_counts.tsv","C3_profL",0.575900529583746,-0.414442202427901,0.0590204968346918,0.575900529583746,0.155778497002188
"0b6de433-c314-478c-93bc-2961355b43ce.rna_seq.augmented_star_gene_counts.tsv","C1_immL",0.402407886231416,0.402407886231416,-0.268861474180679,-0.318492065139394,0.222550082135889
"e4345410-d8f9-498c-b4fe-d6e951bd1f9c.rna_seq.augmented_star_gene_counts.tsv","C2_diffL",0.11860845781777,-0.152235163649087,0.11860845781777,0.0377063775404304,-0.156869466205678
"d779f8e6-b653-4d7e-bfa4-729b9caf329d.rna_seq.augmented_star_gene_counts.tsv","C2_diffL",0.490121861350608,-0.564756438919958,0.490121861350608,0.365456150703048,-0.43015254443344
"eb300488-c9f0-4cb4-9bf5-00fc749360b9.rna_seq.augmented_star_gene_counts.tsv","C1_immL",0.160183664150205,0.160183664150205,-0.106392448419881,-0.130084270829009,0.054283075262568
"59fd8143-0e82-4c16-acb3-c54e518248fb.rna_seq.augmented_star_gene_counts.tsv","C3_profL",0.397037993037723,-0.3378657567473,0.073440461372445,0.397037993037723,0.0314168292581676
"cac17859-2779-4a77-98b7-3c6e392f0f1e.rna_seq.augmented_star_gene_counts.tsv","C1_immL",0.242669594302082,0.242669594302082,0.0598467483563,-0.483953108413443,-0.115196399660782
"8e3391f6-45fe-43c4-8b3d-2d247e75e223.rna_seq.augmented_star_gene_counts.tsv","C1_immL",0.498220067843651,0.498220067843651,-0.124663311400529,-0.493152327974238,-0.0384075719207937
"f08b0e14-26ec-4a08-8668-66d0137d72b1.rna_seq.augmented_star_gene_counts.tsv","C2_diffL",0.324020694390794,-0.357864882014909,0.324020694390794,0.188214982535004,-0.248274627423305
"c5de138c-103d-4a75-a2eb-7279c1046d0d.rna_seq.augmented_star_gene_counts.tsv","C2_diffL",0.50786825550698,-0.669897344964803,0.50786825550698,0.494811354322957,-0.460080030600808
"e2282ea0-e21f-439d-899b-55a42119cd50.rna_seq.augmented_star_gene_counts.tsv","C1_immL",0.319803941336591,0.319803941336591,-0.0874983014993732,-0.294365018413858,0.0409248738309721
"e0359ee9-8ff1-4f46-9d5e-6dd51f0d7d6a.rna_seq.augmented_star_gene_counts.tsv","C3_profL",0.228587959531025,-0.12294704755579,-0.0526691237753098,0.228587959531025,0.186163512688067
"e8725b9d-f94d-4206-bb2b-4f67ad48487a.rna_seq.augmented_star_gene_counts.tsv","C2_diffL",0.246598198836918,-0.303700711053652,0.246598198836918,0.211612220752804,-0.274093243507707
"161a0325-0f8a-4d41-be34-6740025c4435.rna_seq.augmented_star_gene_counts.tsv","C2_diffL",0.262495126887727,-0.0278942522668912,0.262495126887727,-0.136830384941556,-0.473229408206473
"2d1f87db-68ea-4a99-beab-ac630a5b407a.rna_seq.augmented_star_gene_counts.tsv","C4_mescL",0.573298126590086,0.276681858346726,-0.475217161598446,0.0770213731222906,0.573298126590086
"7477b82e-dc6c-4bf4-ba14-b7d33a867161.rna_seq.augmented_star_gene_counts.tsv","C3_profL",0.468225716539262,-0.185739786387385,-0.140293149532771,0.468225716539262,0.306505859224424
"4f1e300b-a17e-4226-ab42-802c382ac826.rna_seq.augmented_star_gene_counts.tsv","C1_immL",0.127237461674861,0.127237461674861,0.12132902401578,-0.167140603595002,-0.189319591633407
"b7b8a33a-46af-4ae9-aea3-a8d18d27c0ab.rna_seq.augmented_star_gene_counts.tsv","C1_immL",0.485811395835681,0.485811395835681,-0.348496301549634,-0.279897908351767,0.276068433724937
"6e7487d8-ad27-46b8-9a50-eab558676946.rna_seq.augmented_star_gene_counts.tsv","C2_diffL",0.232138500689297,-0.212238618100734,0.232138500689297,0.0459532507427812,-0.199358628419611
"880f1d5d-52b1-494c-83ed-164437af010f.rna_seq.augmented_star_gene_counts.tsv","C2_diffL",0.385410900752783,-0.334968835805317,0.385410900752783,0.193577388612467,-0.393209185579666
"e945ff79-76d6-4466-a346-82305415a268.rna_seq.augmented_star_gene_counts.tsv","C1_immL",0.131962499184572,0.131962499184572,0.120595212441009,-0.275727065702781,-0.185039259175795
"505c0f45-5452-4d4c-aecf-35d78b41a3b4.rna_seq.augmented_star_gene_counts.tsv","C4_mescL",0.620621741992492,0.450620689348428,-0.541957098227786,-0.135485372695303,0.620621741992492
"40578293-a4b2-449e-bcdb-f6ae9bfbc3e2.rna_seq.augmented_star_gene_counts.tsv","C3_profL",0.413042704731858,-0.495602838877259,0.384812079669744,0.413042704731858,-0.311949437502595
"c584aa52-c1dd-4397-8dea-0b7a36ab1f54.rna_seq.augmented_star_gene_counts.tsv","C3_profL",0.551625890299663,-0.583662964127077,0.349114248138915,0.551625890299663,-0.266964915818127
"2b12b5be-f274-4a43-b69b-24b736e2bcac.rna_seq.augmented_star_gene_counts.tsv","C2_diffL",0.483612665799793,-0.528263344858056,0.483612665799793,0.387874800590667,-0.474474567526375
"216248b8-0db2-464b-ab1d-0253d71dc54d.rna_seq.augmented_star_gene_counts.tsv","C4_mescL",0.382648571072748,0.00540036056765684,-0.246755724808874,0.172974549735208,0.382648571072748
"30351cfc-3af6-45bb-9106-9a1fc6ae7bcc.rna_seq.augmented_star_gene_counts.tsv","C3_profL",0.412085317542684,-0.480374192725785,0.364976038631744,0.412085317542684,-0.299145060282405
"02d00dd6-708d-46a9-b885-d6d14eed564d.rna_seq.augmented_star_gene_counts.tsv","C3_profL",0.406681917650617,-0.418586284196106,0.230485404607128,0.406681917650617,-0.175836333121816
"86f6b100-9d37-4a8a-b3c5-03ec17f83559.rna_seq.augmented_star_gene_counts.tsv","C2_diffL",0.251933622039522,-0.309381282505945,0.251933622039522,0.220931085913547,-0.194604680263072
"53eaeb7f-a3c6-46df-b1ff-fb40cb84912e.rna_seq.augmented_star_gene_counts.tsv","C1_immL",0.392594278360603,0.392594278360603,-0.0966943341577319,-0.509589439163104,-0.0393203329320437
"f6e1478c-72b3-45ae-a328-bba09df4a0a5.rna_seq.augmented_star_gene_counts.tsv","C2_diffL",0.216968638395166,-0.0303338660799535,0.216968638395166,-0.170795280003321,-0.141833261180266
"7e2f7b6d-46d7-4b37-86d8-354da4408713.rna_seq.augmented_star_gene_counts.tsv","C2_diffL",0.311078508794657,-0.329154534078981,0.311078508794657,0.200785998944391,-0.238495712328686
"51b41730-a7f8-4b00-9f17-808c5057077f.rna_seq.augmented_star_gene_counts.tsv","C2_diffL",0.357131096968616,-0.226887791107975,0.357131096968616,-0.0772231546111741,-0.301987050995416
"d329a391-79e4-4ce0-b335-0e8a4074ba58.rna_seq.augmented_star_gene_counts.tsv","C2_diffL",0.35027615970806,-0.228328356748486,0.35027615970806,-0.0354304424663302,-0.47216045557249
"61b94289-2f3d-45ab-94d9-80278e53da3b.rna_seq.augmented_star_gene_counts.tsv","C1_immL",0.336988874590062,0.336988874590062,-0.250671709276887,-0.0863452791137627,0.24708795656583
"6965bf9d-d903-428d-91f1-c240967edb77.rna_seq.augmented_star_gene_counts.tsv","C1_immL",0.363066055638911,0.363066055638911,-0.119877338788106,-0.366080694804386,-0.0360022061047425
"299f99cd-e2df-4266-a488-4f8f48aa68d9.rna_seq.augmented_star_gene_counts.tsv","C2_diffL",0.182597509132615,0.0692029705318966,0.182597509132615,-0.217444536036009,-0.286846841771289
"f25d516a-d4ea-4f89-9f6e-9f41c1634505.rna_seq.augmented_star_gene_counts.tsv","C1_immL",0.292192939278746,0.292192939278746,-0.0649034432508796,-0.385632446344805,-0.165179275662276
"53d87f0d-55f7-473d-b5ec-ccf8d1447ec0.rna_seq.augmented_star_gene_counts.tsv","C4_mescL",0.500471317673153,0.124526458430938,-0.434542473042118,0.139290310337261,0.500471317673153
"08a88278-e3c9-4646-8d9f-6913ba17a009.rna_seq.augmented_star_gene_counts.tsv","C1_immL",0.564559105222894,0.564559105222894,-0.217573760517083,-0.610736524673384,0.0103735848609027
"b9ac701c-5ec1-49bb-b988-7799a603981d.rna_seq.augmented_star_gene_counts.tsv","C2_diffL",0.130769462852745,0.0782403646003214,0.130769462852745,-0.364725452636948,-0.224845735753723
"99fea937-9d25-46e5-8fcf-b8319d0fa002.rna_seq.augmented_star_gene_counts.tsv","C1_immL",0.226878228355562,0.226878228355562,-0.0478976064873719,-0.42284660159053,0.0140275199705853
"d9d0bbf5-4b7e-471b-9481-fe3706d480ab.rna_seq.augmented_star_gene_counts.tsv","C2_diffL",0.350529906250179,-0.373414213956578,0.350529906250179,0.26433990321605,-0.305701179554391
"137283ac-bd8f-424a-bf5b-e70b05b6a3e9.rna_seq.augmented_star_gene_counts.tsv","C1_immL",0.444797269648862,0.444797269648862,-0.243019950052777,-0.395545610622513,0.13010940085279
"b849f8c0-4937-4e95-bfc7-c8da9340d021.rna_seq.augmented_star_gene_counts.tsv","C1_immL",0.253978475652788,0.253978475652788,0.0100450420497977,-0.46132800685553,-0.13232173250387
"d4a99056-1263-41dd-910a-a5a34394cf42.rna_seq.augmented_star_gene_counts.tsv","C1_immL",0.500945081631806,0.500945081631806,-0.236082135598506,-0.494469022612574,0.0473930009547926
"24c88f11-3839-493f-9357-f8be5bbadaf6.rna_seq.augmented_star_gene_counts.tsv","C3_profL",0.451942350687629,-0.445461399097395,0.301240733859019,0.451942350687629,-0.23914345907735
"d9112d90-1e2f-4359-bf56-7ea55802a50f.rna_seq.augmented_star_gene_counts.tsv","C2_diffL",0.509342846864223,-0.505531348036745,0.509342846864223,0.34221043392657,-0.50029081145514
"3e81ddc0-4479-48c8-a93d-a63b9eb4e8c0.rna_seq.augmented_star_gene_counts.tsv","C4_mescL",0.634745482526109,0.325194146112927,-0.487614047877074,-0.0171941994864283,0.634745482526109
"41bdbd88-b4b2-4884-8a44-b34656ae4156.rna_seq.augmented_star_gene_counts.tsv","C2_diffL",0.457346674041107,-0.379139411586794,0.457346674041107,0.210408500026687,-0.499755890358967
"c99fbe90-c684-42dd-ba96-66aa1f1295d8.rna_seq.augmented_star_gene_counts.tsv","C3_profL",0.304669662501557,-0.254423328964613,0.103589894586585,0.304669662501557,0.00522941710205607
"f43a4550-8d3e-44c5-ad1a-2b0d173809db.rna_seq.augmented_star_gene_counts.tsv","C4_mescL",0.45456462048475,-0.0669837448034966,-0.243866513158534,0.198172328211454,0.45456462048475
"1d359158-291b-4629-bd6f-0d605ac6afa7.rna_seq.augmented_star_gene_counts.tsv","C4_mescL",0.519945825895637,0.335880336608885,-0.444655714571539,-0.151280371005142,0.519945825895637
"8a98119d-760e-49dd-84e7-1b97079b0397.rna_seq.augmented_star_gene_counts.tsv","C1_immL",0.655680497322429,0.655680497322429,-0.35572077620793,-0.610038740266749,0.223341714949918
"0cb97f5d-d78d-409e-9b67-30f15d6ac77b.rna_seq.augmented_star_gene_counts.tsv","C3_profL",0.0654993684135616,0.0273534749114889,-0.0516056566724037,0.0654993684135616,-0.0848422219981853
"c2f06573-c165-486c-bf6c-28316a82acaa.rna_seq.augmented_star_gene_counts.tsv","C3_profL",0.278104336300505,-0.203579434596704,0.140442076439905,0.278104336300505,-0.146640953487958
"ec34b3b2-e9d3-49bb-bc27-6a16103ad51a.rna_seq.augmented_star_gene_counts.tsv","C1_immL",0.225564276522183,0.225564276522183,-0.209367287482082,-0.0672641780777237,0.127083864597356
"67293c0e-904a-4cc2-ad09-a99d791bd05a.rna_seq.augmented_star_gene_counts.tsv","C1_immL",0.0500341738671474,0.0500341738671474,0.00507152086841068,-0.247690261708071,0.0231768501331372
"0f3357a3-d579-4b27-a486-1550bc45890d.rna_seq.augmented_star_gene_counts.tsv","C3_profL",0.257034405152322,-0.303132431518832,0.215089001432857,0.257034405152322,-0.206425280062625
"0526fdf7-a3a0-4e33-b681-d5e3ec7b4a72.rna_seq.augmented_star_gene_counts.tsv","C3_profL",0.465878468536321,-0.202496990327535,-0.148405922413159,0.465878468536321,0.328977437834696
"68f32d39-8608-443c-ac04-95f12812fb72.rna_seq.augmented_star_gene_counts.tsv","C2_diffL",0.337823305378219,-0.277325231433434,0.337823305378219,0.116263054268991,-0.365645404244973
"4383d6c3-b23c-412a-9329-25cd54654941.rna_seq.augmented_star_gene_counts.tsv","C2_diffL",0.457774774035481,-0.625417499392135,0.457774774035481,0.437617199314447,-0.409266307087408
"57439dc1-cb41-424c-ab78-f8d8efa49d27.rna_seq.augmented_star_gene_counts.tsv","C4_mescL",0.440094322838522,0.0603552747845786,-0.311907354861686,0.185616582553981,0.440094322838522
"e18acf1a-8d53-42a4-917c-1bc7e0a13888.rna_seq.augmented_star_gene_counts.tsv","C4_mescL",0.345720186451433,0.217725562349146,-0.311385184063354,-0.0012245512178054,0.345720186451433
"960e2805-9b82-4d03-84fe-39fda23c6646.rna_seq.augmented_star_gene_counts.tsv","C2_diffL",0.480567040125536,-0.459040655782426,0.480567040125536,0.288140407892162,-0.569622397300487
"7711187f-5e2a-44eb-804f-c32556a2f02f.rna_seq.augmented_star_gene_counts.tsv","C2_diffL",0.242114379571173,-0.193165745479561,0.242114379571173,0.0844899568860713,-0.180730312590809
"cac82d7b-ee82-44eb-8c1d-8371084e6359.rna_seq.augmented_star_gene_counts.tsv","C1_immL",-0.00143404221250956,-0.00143404221250956,-0.0216676418450955,-0.0212245660437781,-0.0166419320021587
"8a7a4704-c698-4291-ba48-207895898a40.rna_seq.augmented_star_gene_counts.tsv","C4_mescL",0.359244957686674,0.215411302135533,-0.284399910184251,-0.0237418679539565,0.359244957686674
"d0cb6e31-ce63-4c74-ad17-b2bcc5bdc053.rna_seq.augmented_star_gene_counts.tsv","C2_diffL",0.443443542951107,-0.415122269797121,0.443443542951107,0.0133552362370495,-0.379739937612307
"caa902d6-c184-4b05-b61c-96c04f7196b0.rna_seq.augmented_star_gene_counts.tsv","C3_profL",0.553533325821507,-0.611479305907261,0.340270703008391,0.553533325821507,-0.178546520937239
"61eb62f8-cb54-47af-86e6-b256f6ebebfe.rna_seq.augmented_star_gene_counts.tsv","C4_mescL",0.608262069824401,0.432644419800383,-0.563697832123869,-0.172932518102513,0.608262069824401
"ecff58ca-03fb-42b8-8da2-c971025a43e8.rna_seq.augmented_star_gene_counts.tsv","C3_profL",0.540114930940619,-0.600835443563452,0.436800098207252,0.540114930940619,-0.391262016450899
"36aef44f-03b6-4aff-bc8a-dfbc664dd2d0.rna_seq.augmented_star_gene_counts.tsv","C2_diffL",0.231601429787265,-0.274805631497483,0.231601429787265,0.224574791102044,-0.168050844190887
"6ab54953-3d77-4239-bf4a-5a893cf9a43c.rna_seq.augmented_star_gene_counts.tsv","C3_profL",0.350983480901182,-0.281281023347942,0.0432964396387534,0.350983480901182,0.131200073536825
"3f58096d-e305-4c10-95ee-0d02486bf53c.rna_seq.augmented_star_gene_counts.tsv","C1_immL",0.543886584273794,0.543886584273794,-0.141748392994164,-0.591469505939285,-0.0534707602165778
"e542409d-6a83-430f-9437-7aee6d6be668.rna_seq.augmented_star_gene_counts.tsv","C4_mescL",0.736672636591687,0.485076398237488,-0.650910881886732,-0.061854403017382,0.736672636591687
"f2db0392-6666-4458-a93b-e0ec560018c2.rna_seq.augmented_star_gene_counts.tsv","C2_diffL",0.521893181972003,-0.673107168061297,0.521893181972003,0.480476714327227,-0.466119687112672
"71425fe1-3503-4f0b-bcb0-2a35cdea4b0e.rna_seq.augmented_star_gene_counts.tsv","C2_diffL",0.448508021481948,-0.28286288050859,0.448508021481948,0.0457032107126549,-0.555148912070121
"dfe1fbdb-b7c2-46f0-ae12-b63a8375b8be.rna_seq.augmented_star_gene_counts.tsv","C3_profL",0.439725600896675,-0.234786772860167,-0.114029011020814,0.439725600896675,0.250641371580389
"872c6084-34b9-4037-88bd-b6cb69b4bf1f.rna_seq.augmented_star_gene_counts.tsv","C2_diffL",0.421236532178035,-0.456251445532341,0.421236532178035,0.327956373092639,-0.409443329201829
"91438de0-6c76-4add-b836-2283ffe21473.rna_seq.augmented_star_gene_counts.tsv","C2_diffL",0.337645097172769,-0.418033201283336,0.337645097172769,0.215422050965764,-0.286548246680465
"24c604c0-2021-4829-b187-f160ee75d6cc.rna_seq.augmented_star_gene_counts.tsv","C2_diffL",0.454793641347389,-0.519149300510607,0.454793641347389,0.348522665947113,-0.44918850038251
"5c58a396-5f7b-4374-a6e7-09f381d945dd.rna_seq.augmented_star_gene_counts.tsv","C1_immL",0.237645368662638,0.237645368662638,-0.103305754798112,-0.107383186160844,0.106712088505127
"f03483bb-8ad5-42e2-9b5e-31e7af8edd2f.rna_seq.augmented_star_gene_counts.tsv","C2_diffL",0.238514781384715,-0.0217771300475024,0.238514781384715,-0.222686629344751,-0.234999747958464
"6b5cd598-f52f-48bc-8256-74a2e98ec04b.rna_seq.augmented_star_gene_counts.tsv","C2_diffL",0.388016195004256,-0.210071283276896,0.388016195004256,-0.00539680233420115,-0.407722256157227
"3852b0f7-4b5b-444f-b948-f04b2d112b2b.rna_seq.augmented_star_gene_counts.tsv","C1_immL",0.281934033316926,0.281934033316926,-0.0824314508127193,-0.331427355698807,0.0122842820967484
"6bc01daa-5c11-4c87-916f-09e6fec65c5a.rna_seq.augmented_star_gene_counts.tsv","C2_diffL",0.380545312660886,-0.439225817355877,0.380545312660886,0.333863633668005,-0.285105086494725
"23c3ac66-3601-425a-9063-cb3058dafb84.rna_seq.augmented_star_gene_counts.tsv","C2_diffL",0.174299485709207,0.164311807997723,0.174299485709207,-0.354721849925574,-0.365239988020614
"bcd9d3bc-bd8a-4c67-85c7-0dc0939d727e.rna_seq.augmented_star_gene_counts.tsv","C3_profL",0.393550775991413,-0.190416417096126,-0.148980577158853,0.393550775991413,0.290657116763431
"bd0a6575-996a-45d2-9be2-2187a1cf1cbe.rna_seq.augmented_star_gene_counts.tsv","C2_diffL",0.226342730999236,-0.197037251739087,0.226342730999236,-0.0391135106124313,-0.180500658273189
"c133f156-8d5e-4072-a990-86ccb7db09c9.rna_seq.augmented_star_gene_counts.tsv","C3_profL",0.460735931634475,-0.468662786215404,0.288618492778158,0.460735931634475,-0.207928263048339
"bffe7439-0f9b-422f-b073-06050afd8b18.rna_seq.augmented_star_gene_counts.tsv","C1_immL",0.27632914845543,0.27632914845543,-0.033210996810266,-0.445361027261999,-0.12396633318112
"55f58064-b810-4345-bd41-a844cfb255c6.rna_seq.augmented_star_gene_counts.tsv","C2_diffL",0.376821621073462,-0.315939255024522,0.376821621073462,0.0194390741476548,-0.326607876742793
"d169e3da-0c53-4194-89c8-d5a87d4e9aa5.rna_seq.augmented_star_gene_counts.tsv","C1_immL",0.295766443486357,0.295766443486357,-0.166236824620368,-0.119514686608588,0.119879702057252
"9ee6252a-3269-484d-9f09-9ea169ff9665.rna_seq.augmented_star_gene_counts.tsv","C4_mescL",0.595171328940892,0.145579117320887,-0.435387257031015,0.182209499890288,0.595171328940892
"dfac6279-e38d-4c50-b1cf-c32bcf81a029.rna_seq.augmented_star_gene_counts.tsv","C2_diffL",0.460864210462409,-0.563327956447223,0.460864210462409,0.402930427640358,-0.475408529678632
"b1f91d13-fe60-4444-a254-db4fd36163a4.rna_seq.augmented_star_gene_counts.tsv","C3_profL",0.392986795988685,-0.420639236640316,0.235284572336261,0.392986795988685,-0.162200441220949
"accf08d4-a784-4908-831a-7a08d4c5f0f5.rna_seq.augmented_star_gene_counts.tsv","C4_mescL",0.274867900582957,-0.120270069919287,-0.120313518938217,0.273893537655006,0.274867900582957
"7211b055-44a1-4b87-a97e-ce36fdca987d.rna_seq.augmented_star_gene_counts.tsv","C4_mescL",0.486260622809463,-0.0429397235252605,-0.252558240317027,0.164997509236581,0.486260622809463
"d421a512-b1d2-4275-9374-b579352abb25.rna_seq.augmented_star_gene_counts.tsv","C1_immL",0.488688894753385,0.488688894753385,-0.126325599586474,-0.570547463869104,-0.0478552747845786
"f5c15b21-916a-4900-aec7-d30ed3377e0a.rna_seq.augmented_star_gene_counts.tsv","C2_diffL",0.025344557485082,-0.000624321711747508,0.025344557485082,0.00662728394109938,-0.0106550559532211
"32c81ba3-dca1-4bbd-9e03-5899dc6e3b0b.rna_seq.augmented_star_gene_counts.tsv","C2_diffL",0.238657036603625,-0.0996577424194802,0.238657036603625,-0.00665159853637997,-0.316153712720092
"11cd1a63-6d3a-4038-a3d5-a3ac8976c6f0.rna_seq.augmented_star_gene_counts.tsv","C4_mescL",0.430656182727149,0.213676737455745,-0.348375766382387,-0.0181610011682867,0.430656182727149
"017ba6ed-d634-4550-b2ab-2048d71b9830.rna_seq.augmented_star_gene_counts.tsv","C2_diffL",0.423966512869428,-0.491125172722582,0.423966512869428,0.375399708224857,-0.38147561424005
"f04b7806-98d3-45b7-a8dd-e50812a5ca3f.rna_seq.augmented_star_gene_counts.tsv","C4_mescL",0.66119190442585,0.175297334883142,-0.478669167215414,0.175305415038281,0.66119190442585
"c643ec57-c47c-4196-b159-4b98b7f62728.rna_seq.augmented_star_gene_counts.tsv","C1_immL",0.594472951495348,0.594472951495348,-0.222107691574377,-0.588182217135266,0.00176303054743422
"a883c598-9431-4b75-aed7-f2c8967bd020.rna_seq.augmented_star_gene_counts.tsv","C2_diffL",0.289343779417976,-0.225991635186185,0.289343779417976,-0.0088306458786761,-0.385278031466645
"052a97e5-fd39-4af4-a29a-284bc185c9e7.rna_seq.augmented_star_gene_counts.tsv","C3_profL",0.487818610154012,-0.483544059825765,0.286223801484956,0.487818610154012,-0.217654101160577
"80422946-6ccc-40bd-bf90-e2b9a159a826.rna_seq.augmented_star_gene_counts.tsv","C4_mescL",0.621941031176056,0.17016035772107,-0.474284385454861,0.210721031531879,0.621941031176056
"7c81d253-3d75-4f27-8cc1-b1ac20c77ff5.rna_seq.augmented_star_gene_counts.tsv","C4_mescL",0.49266084697817,0.242943430018444,-0.414815477041647,0.0355000504083073,0.49266084697817
"4050c1a3-e430-4ab6-9e11-d267f48e51ad.rna_seq.augmented_star_gene_counts.tsv","C2_diffL",0.351498116471221,-0.46534339918042,0.351498116471221,0.290389582085481,-0.320474816602717
"fb8ee269-a38b-47ef-b548-7804340e0cda.rna_seq.augmented_star_gene_counts.tsv","C1_immL",0.470872300931664,0.470872300931664,-0.110436529301796,-0.595048792276261,-0.0778584475427433
"852964b8-1f8e-4891-a1a4-a63186d841ab.rna_seq.augmented_star_gene_counts.tsv","C1_immL",0.249913564578972,0.249913564578972,-0.0765946873050155,-0.292866779739419,-0.0191925182211205
"a235d4c4-13bf-4267-82b5-1a4c82d202b3.rna_seq.augmented_star_gene_counts.tsv","C2_diffL",0.0107394165341781,0.00125753900713426,0.0107394165341781,-0.179075659904046,-0.0689263178807162
"d5e9bdbb-009d-420a-ab9b-7e584d16465f.rna_seq.augmented_star_gene_counts.tsv","C1_immL",0.630351434857641,0.630351434857641,-0.553101708626769,-0.388174952408628,0.494835001749465
"87ba5532-0958-4480-9f81-c567430216f2.rna_seq.augmented_star_gene_counts.tsv","C3_profL",0.578015973503022,-0.657663471175344,0.406263336426774,0.578015973503022,-0.339841169354121
"15083e68-c064-4f08-9cd8-61a25547f754.rna_seq.augmented_star_gene_counts.tsv","C2_diffL",0.4392477923569,-0.498072030505922,0.4392477923569,0.359938220171626,-0.355554031775025
"597eeda6-4844-4897-8fa6-8b42317b88d6.rna_seq.augmented_star_gene_counts.tsv","C2_diffL",0.437923313984697,-0.460258980091684,0.437923313984697,0.326822927477272,-0.415859120641905
"c99daa88-5672-437c-af99-5b31f28ec087.rna_seq.augmented_star_gene_counts.tsv","C2_diffL",0.342908466142555,-0.310747051114024,0.342908466142555,0.131414605362258,-0.314006096439988
"68831b64-75d3-410c-ab86-105d126690e9.rna_seq.augmented_star_gene_counts.tsv","C4_mescL",0.603134803674469,0.0398183373561139,-0.380969632031933,0.33227940435172,0.603134803674469
"7696baa7-abb2-4c3e-8c10-72bedc9d7b2d.rna_seq.augmented_star_gene_counts.tsv","C2_diffL",0.284484566494827,-0.180728829993536,0.284484566494827,0.0371663414836647,-0.35732477182828
"9d472afb-5cd1-41d2-b188-fa9f8b706d35.rna_seq.augmented_star_gene_counts.tsv","C2_diffL",0.267461828121152,-0.17883555327565,0.267461828121152,0.0233474229494197,-0.360446454516881
"3ea1cf0a-bbd2-40d2-b006-efdfe59d2ed5.rna_seq.augmented_star_gene_counts.tsv","C3_profL",0.507614026556283,-0.300154634895596,-0.0266924608959381,0.507614026556283,0.218214152280531
"b66a1ba2-0f0d-4eb0-8f60-ca07cf3bc997.rna_seq.augmented_star_gene_counts.tsv","C3_profL",0.530549435723478,-0.619012975691335,0.408456468605742,0.530549435723478,-0.306308673787087
"05a9121e-555a-49ee-ad73-4d0bf8771a82.rna_seq.augmented_star_gene_counts.tsv","C4_mescL",0.457345972969287,0.388781038173915,-0.414918665819512,-0.283526639307805,0.457345972969287
"fa401e4b-6102-4c3e-8bc9-62fa94e1388e.rna_seq.augmented_star_gene_counts.tsv","C2_diffL",0.397483394723986,-0.406852268077309,0.397483394723986,0.29445011949734,-0.425812389175854
"fdea882d-5c90-4536-b7b4-52144da6bff6.rna_seq.augmented_star_gene_counts.tsv","C1_immL",0.539036489684088,0.539036489684088,-0.246728445017024,-0.495087784584547,0.0259742146682244
"2fb7ad5a-0ef2-4524-9fa8-4d61d1bb04e1.rna_seq.augmented_star_gene_counts.tsv","C2_diffL",0.489178188116257,-0.546332054346086,0.489178188116257,0.347834221903299,-0.410641712577762
"39db5888-3562-40d9-9356-b463caa15cda.rna_seq.augmented_star_gene_counts.tsv","C3_profL",0.472147705235941,-0.57945283265035,0.457936006500894,0.472147705235941,-0.429788418543141
"be6fc173-98ff-4aa1-a7a9-14ac5cffebc4.rna_seq.augmented_star_gene_counts.tsv","C1_immL",0.492270108466817,0.492270108466817,-0.247994953831548,-0.433392538384443,0.0800449820012691
"fcfc2db3-01ff-4f31-a8fc-7a5f1a7051f8.rna_seq.augmented_star_gene_counts.tsv","C3_profL",0.570455542838166,-0.444079247789448,0.0594739492443166,0.570455542838166,0.153326355242167
"a437b3c5-4dce-41f1-a050-61055225ab47.rna_seq.augmented_star_gene_counts.tsv","C2_diffL",0.187370879667282,0.104219101190229,0.187370879667282,-0.281302002099358,-0.290087873540383
"cd96deaf-e1fa-40b4-80e2-4652e18e65d6.rna_seq.augmented_star_gene_counts.tsv","C2_diffL",0.436727302675741,-0.486059508489352,0.436727302675741,0.382494306826471,-0.353787294734408
"0855ce26-6e6d-44aa-902d-da4927765dd4.rna_seq.augmented_star_gene_counts.tsv","C4_mescL",0.239471261334456,-0.100524098136079,-0.102076755697381,0.184255335867586,0.239471261334456
"d2a6ca3a-7162-429c-9c19-9c9eb00fe149.rna_seq.augmented_star_gene_counts.tsv","C1_immL",0.56305612223718,0.56305612223718,-0.316552406592845,-0.464818708005432,0.232853095366587
"85b81e67-927d-43cd-b9d5-423aa7828e5a.rna_seq.augmented_star_gene_counts.tsv","C1_immL",0.596202178824953,0.596202178824953,-0.261699639261818,-0.519532032996685,0.0930120001423294
"4951ff48-dfd1-4df5-b7ab-4bdd6ef8af67.rna_seq.augmented_star_gene_counts.tsv","C4_mescL",0.391137923059132,-0.0762234392698505,-0.188059768541345,0.34627178676693,0.391137923059132
"0d31f76f-d6b7-4d9f-83b7-fb0babab1231.rna_seq.augmented_star_gene_counts.tsv","C2_diffL",0.371344387431163,-0.245156428838296,0.371344387431163,-0.0198966777960302,-0.391614133303286
"cadb3130-09b1-4e6a-b9ea-1c5182b2f1ed.rna_seq.augmented_star_gene_counts.tsv","C1_immL",0.0727193206146255,0.0727193206146255,-0.0376117906225568,-0.075673543941218,-0.018540916719546
"a0ad9d21-e690-4d20-ab62-d31a3b8d28eb.rna_seq.augmented_star_gene_counts.tsv","C2_diffL",0.352277221396046,-0.423964257544938,0.352277221396046,0.24175861240756,-0.258366815321753
"d990fb46-63a9-4507-a950-e026c84cfb5a.rna_seq.augmented_star_gene_counts.tsv","C2_diffL",0.256840648728277,-0.217372481808531,0.256840648728277,0.139210398344235,-0.264618260854095
"1bbd1089-ca5c-4e5e-88bd-30f1d293f86c.rna_seq.augmented_star_gene_counts.tsv","C4_mescL",0.3903365051031,0.268743068857748,-0.408512066007609,0.00073544237737438,0.3903365051031
"9fa353e5-d096-480e-af87-f3441deea8dd.rna_seq.augmented_star_gene_counts.tsv","C1_immL",0.205847660164983,0.205847660164983,-0.161068267753233,-0.261123482561691,0.18116797530586
"d97460c3-e70c-4f30-b2e5-ec2ad1940e61.rna_seq.augmented_star_gene_counts.tsv","C2_diffL",0.215524440284277,-0.253120274221192,0.215524440284277,0.0482027955854184,-0.211794283697953
"4f01c248-9d66-4561-ab24-5301b843630a.rna_seq.augmented_star_gene_counts.tsv","C2_diffL",0.456453409117782,-0.205763671029456,0.456453409117782,-0.0975372576694757,-0.550122166015312
"9e237ede-a8c8-4e90-a52e-521af59b147b.rna_seq.augmented_star_gene_counts.tsv","C2_diffL",0.19076758440186,0.0377180159290251,0.19076758440186,-0.221931097774325,-0.293754484856751
"a00f0490-91d3-4a33-b4bf-3a8c3013c97e.rna_seq.augmented_star_gene_counts.tsv","C3_profL",0.29985196266227,-0.336155803182247,0.170864678221883,0.29985196266227,-0.089437680506218
"c6e887f8-3f80-4099-b8dc-8b32a2a92065.rna_seq.augmented_star_gene_counts.tsv","C3_profL",0.290191729479371,-0.27760158756516,-0.012889998168251,0.290191729479371,0.0736847138290743
"5943d83c-7366-4b4a-9815-c5459003a10e.rna_seq.augmented_star_gene_counts.tsv","C3_profL",0.239098758769563,-0.190249476643163,0.206717737698723,0.239098758769563,-0.197904645273776
"160a5991-0571-4f20-98e6-7b89850c435a.rna_seq.augmented_star_gene_counts.tsv","C4_mescL",0.566622361718152,0.338145819372209,-0.447266420303461,-0.0785803241550678,0.566622361718152
"6ae5397f-2128-454e-bda8-c389d8e7ac05.rna_seq.augmented_star_gene_counts.tsv","C2_diffL",0.322068039507366,-0.41419549824164,0.322068039507366,0.175833664446724,-0.253454970555618
"8455c6c2-16c8-47ce-80d2-6925795285f2.rna_seq.augmented_star_gene_counts.tsv","C2_diffL",0.170799740456503,-0.0450077984616571,0.170799740456503,-0.251225440776169,-0.268352330346394
"12966fcf-89f5-4e10-82fc-1ca4de192ca7.rna_seq.augmented_star_gene_counts.tsv","C2_diffL",0.458221554756882,-0.618549886433049,0.458221554756882,0.346946294396375,-0.443811194202452
"357f3b6f-7140-4c6d-8007-13508d2d7258.rna_seq.augmented_star_gene_counts.tsv","C3_profL",0.294443596069338,-0.146443990440213,-0.0388147701392138,0.294443596069338,0.153049257811805
"d3e779d2-6fec-4c44-80b2-d7d61eb03c81.rna_seq.augmented_star_gene_counts.tsv","C4_mescL",0.628125833960966,0.543003030428826,-0.58739640999422,-0.29589187121567,0.628125833960966
"92f4e389-2fba-483b-97d0-b4379a04bf68.rna_seq.augmented_star_gene_counts.tsv","C4_mescL",0.303716130065294,0.028519167017548,-0.153203755804647,0.0402432497346151,0.303716130065294
"55fc5d4b-7a9d-480b-b695-8d3ca13062f9.rna_seq.augmented_star_gene_counts.tsv","C1_immL",0.369113866435777,0.369113866435777,0.0175922040285285,-0.446527905445876,-0.14976345160506
"1019e11f-92fd-42dd-b47a-5eff5fb10de5.rna_seq.augmented_star_gene_counts.tsv","C4_mescL",0.311983759629469,0.305994363165167,-0.294753406619605,-0.293954116579589,0.311983759629469
"38c953af-559d-43e3-be40-d576a8d40b1f.rna_seq.augmented_star_gene_counts.tsv","C4_mescL",0.242699616896865,0.00197519021723015,-0.103981745074941,0.0180420968669754,0.242699616896865
"df4191dc-dd74-4197-bc35-d24807f0ceba.rna_seq.augmented_star_gene_counts.tsv","C1_immL",0.526995279410282,0.526995279410282,-0.390248467754138,-0.459602041239926,0.3261515333021
"d3d30fe1-8e55-436e-85b7-bff934cfcb8a.rna_seq.augmented_star_gene_counts.tsv","C4_mescL",0.201085409463715,0.0968993701926783,-0.16732178938533,-0.0637696963047746,0.201085409463715
"9fcfa97a-90b3-4e91-9f4d-7001fbd02fc7.rna_seq.augmented_star_gene_counts.tsv","C1_immL",0.671948221772831,0.671948221772831,-0.569085961663443,-0.37438331366421,0.485345044863394
"9cfca6ea-1dc8-4e87-8cca-3878e58831a3.rna_seq.augmented_star_gene_counts.tsv","C2_diffL",0.361201049174865,-0.426318844404381,0.361201049174865,0.31939948880046,-0.393372641929037
"780b1500-7b9f-4d17-87ef-10bd6a8acbf2.rna_seq.augmented_star_gene_counts.tsv","C3_profL",0.421128493740474,-0.366156752044502,0.103319172304429,0.421128493740474,-0.0517757067541201
"65846af4-0d5e-43a8-9274-8714637543bd.rna_seq.augmented_star_gene_counts.tsv","C1_immL",0.401213209348665,0.401213209348665,-0.0344510412615007,-0.609230650622987,-0.0869989562515197
"46d71567-d992-4687-bba2-f015c65e3778.rna_seq.augmented_star_gene_counts.tsv","C3_profL",0.351655764634718,-0.444300525432474,0.33353733873325,0.351655764634718,-0.262699335203383
"10a8816a-29ad-4503-b40b-fba675b64107.rna_seq.augmented_star_gene_counts.tsv","C1_immL",0.314749025933592,0.314749025933592,-0.0132063103199379,-0.409724429644829,-0.209602782538562
"82abd810-1a10-4eb8-911f-6393b01249fa.rna_seq.augmented_star_gene_counts.tsv","C4_mescL",0.357572736222224,-0.115117525485847,-0.154877163470966,0.313150637813347,0.357572736222224
"808d8dcb-f3e5-4d7e-8b70-90a254ebc4e2.rna_seq.augmented_star_gene_counts.tsv","C3_profL",0.262837587399109,-0.140880544172503,-0.0466108602185691,0.262837587399109,0.222529770553246
"78b8f856-9896-41af-bb90-e35569bacc42.rna_seq.augmented_star_gene_counts.tsv","C2_diffL",0.419771577703782,-0.285963287926321,0.419771577703782,-0.00430813115648518,-0.410345860291894
"1dfc59bb-c74b-485b-b1c6-b84fccd6bc12.rna_seq.augmented_star_gene_counts.tsv","C3_profL",0.392298500204598,-0.414739463181179,0.303240905988575,0.392298500204598,-0.232386299615118
"4d26557f-db8a-4486-b265-df46a9779d86.rna_seq.augmented_star_gene_counts.tsv","C4_mescL",0.578584104778115,0.139402394691116,-0.387753033968753,0.141902720862516,0.578584104778115
"8daad469-c921-477a-8786-721e9418795e.rna_seq.augmented_star_gene_counts.tsv","C1_immL",0.339738351233224,0.339738351233224,-0.284272184419696,-0.144260198786642,0.265595588976593
"eba440bf-7924-4bee-9c1b-684acc65aed5.rna_seq.augmented_star_gene_counts.tsv","C2_diffL",0.139913826992302,-0.0239105875236474,0.139913826992302,0.0242884274387243,-0.200186584866833
"850ac9a7-0b03-493b-abd7-a2cad3ce1e23.rna_seq.augmented_star_gene_counts.tsv","C1_immL",0.221797070980827,0.221797070980827,0.00632431565714018,-0.35593365080683,-0.058271706706677
"01b83536-edd8-482a-bff6-01d0bb9970d5.rna_seq.augmented_star_gene_counts.tsv","C3_profL",0.080245799801925,-0.166737114747099,0.0196095001578596,0.080245799801925,0.069249375826548
"09afd98b-1da0-4de9-be52-8f8f595c3dfe.rna_seq.augmented_star_gene_counts.tsv","C4_mescL",0.301803579582856,0.255628161638685,-0.264181359021409,-0.189108692171293,0.301803579582856
"ca1f772a-da2c-4c21-9f25-f7c4144637c3.rna_seq.augmented_star_gene_counts.tsv","C2_diffL",0.439464918743657,-0.351584377576013,0.439464918743657,0.108840060371361,-0.504721998185301
"8c985ded-ab7e-4792-b373-8670db4f2ed7.rna_seq.augmented_star_gene_counts.tsv","C2_diffL",0.474055620678647,-0.369514834868316,0.474055620678647,-0.0862374201621369,-0.518181979919703
"c5318c3f-ea9a-421a-be7c-26fa120568c6.rna_seq.augmented_star_gene_counts.tsv","C2_diffL",0.208886555280608,-0.213349009328502,0.208886555280608,0.171388318912604,-0.172713686744987
"8ce770db-df49-4c86-b57b-3d98375f65c9.rna_seq.augmented_star_gene_counts.tsv","C2_diffL",0.437779872687881,-0.449362705562112,0.437779872687881,0.149258182454351,-0.426439083043239
"2e3b43ae-a0aa-4d7e-a66e-07d4a88b16e8.rna_seq.augmented_star_gene_counts.tsv","C2_diffL",0.54276007297048,-0.626570737681099,0.54276007297048,0.384316122355788,-0.504249568564194
"1bbb5ca6-937e-4f18-a2a5-b02d0738a4c9.rna_seq.augmented_star_gene_counts.tsv","C2_diffL",0.11890342056714,-0.165479353350373,0.11890342056714,-0.00522489518037278,-0.201766959430208
"29d7b853-8865-4ac6-8640-701867c4ef6b.rna_seq.augmented_star_gene_counts.tsv","C2_diffL",0.292623951998242,-0.310750535217616,0.292623951998242,0.111451803727843,-0.378526431744187
"1eacd17c-5634-465d-83d4-d39d136d0ce2.rna_seq.augmented_star_gene_counts.tsv","C2_diffL",0.279303333420066,-0.193872870249017,0.279303333420066,-0.0253584178907978,-0.213917956032095
"85eefeaf-be74-41e0-980a-0b16bc47cbc9.rna_seq.augmented_star_gene_counts.tsv","C1_immL",0.42867513625069,0.42867513625069,-0.035004346604878,-0.552413594230918,-0.154878708717079
"95184079-0806-49b9-8bf7-edd8aaca0ba2.rna_seq.augmented_star_gene_counts.tsv","C1_immL",0.595592238306755,0.595592238306755,-0.456196623251027,-0.465583728198407,0.387801708545098
