"case_submitter_id","sample_type_code","sample_barcode","aliquot_barcode","sample","qc_flag","qc_dnu","qc_center_failed","qc_low_coverage","qc_high_mitochondrial","annotation_categories","annotation_notes","consensusOV_subtype","konecny_subtype","helland_subtype","verhaak_subtype","bentink_subtype"
"TCGA-04-1331","01","TCGA-04-1331-01A","TCGA-04-1331-01A-01R-1569-13","bfcea1b8-fb75-4e7b-972b-620d9f1fc3bb.rna_seq.augmented_star_gene_counts.tsv",TRUE,TRUE,TRUE,TRUE,FALSE,"Center QC failed; Item flagged DNU","RNA-seq:LOW 5/3 COVERAGE RATIO; QC Warning- Expression quality metrics (e.g. 3prime bias, high duplicate rate, genomic contamination, or low alignment rate) are well below average for this file, which should be used with caution, if at all, for expression analysis. However, other analyses, e.g. mutation and structural variant calling, may still give reliable result.","PRO_consensus","C3_profL","C5","PRO","nonAngiogenic"
"TCGA-04-1332","01","TCGA-04-1332-01A","TCGA-04-1332-01A-01R-1564-13","bb5d75c1-c4fb-440f-8f09-0be3dd6b7daf.rna_seq.augmented_star_gene_counts.tsv",TRUE,TRUE,TRUE,FALSE,FALSE,"Item flagged DNU; Center QC failed","QC Warning- Expression quality metrics (e.g. 3-prime bias, high duplicate rate, genomic contamination, or low alignment rate) are well below average for this file, which should be used with caution, if at all, for expression analysis. However, other analyses, e.g. mutation and structural variant calling, may still give reliable result.; RNA-seq:HIGH rRNA CONTENT","PRO_consensus","C3_profL","C1","MES","nonAngiogenic"
"TCGA-04-1337","01","TCGA-04-1337-01A","TCGA-04-1337-01A-01R-1564-13","ce797402-bbd4-4ad0-8b02-b44d6b30f70e.rna_seq.augmented_star_gene_counts.tsv",TRUE,TRUE,TRUE,TRUE,FALSE,"Center QC failed; Item flagged DNU","RNA-seq:LOW 5/3 COVERAGE RATIO; QC Warning- Expression quality metrics (e.g. 3-prime bias, high duplicate rate, genomic contamination, or low alignment rate) are well below average for this file, which should be used with caution, if at all, for expression analysis. However, other analyses, e.g. mutation and structural variant calling, may still give reliable result.","MES_consensus","C4_mescL","C1","MES","Angiogenic"
"TCGA-04-1338","01","TCGA-04-1338-01A","TCGA-04-1338-01A-01R-1564-13","dc82e1cb-e108-4727-ba00-1beced69a2f3.rna_seq.augmented_star_gene_counts.tsv",TRUE,TRUE,TRUE,TRUE,TRUE,"Center QC failed; Item flagged DNU","RNA-seq:LOW 5/3 COVERAGE RATIO;HIGH MITOCHONDRIAL CONTENT; QC Warning- Expression quality metrics (e.g. 3-prime bias, high duplicate rate, genomic contamination, or low alignment rate) are well below average for this file, which should be used with caution, if at all, for expression analysis. However, other analyses, e.g. mutation and structural variant calling, may still give reliable result.","MES_consensus","C4_mescL","C5","MES","nonAngiogenic"
"TCGA-04-1341","01","TCGA-04-1341-01A","TCGA-04-1341-01A-01R-1564-13","6bc01daa-5c11-4c87-916f-09e6fec65c5a.rna_seq.augmented_star_gene_counts.tsv",TRUE,TRUE,TRUE,TRUE,FALSE,"Item flagged DNU; Center QC failed","QC Warning- Expression quality metrics (e.g. 3-prime bias, high duplicate rate, genomic contamination, or low alignment rate) are well below average for this file, which should be used with caution, if at all, for expression analysis. However, other analyses, e.g. mutation and structural variant calling, may still give reliable result.; RNA-seq:LOW 5/3 COVERAGE RATIO","PRO_consensus","C2_diffL","C5","PRO","nonAngiogenic"
"TCGA-04-1343","01","TCGA-04-1343-01A","TCGA-04-1343-01A-01R-1564-13","2d7f98e2-8e4c-48aa-9c87-e9953e952689.rna_seq.augmented_star_gene_counts.tsv",TRUE,TRUE,TRUE,TRUE,FALSE,"Item flagged DNU; Center QC failed","QC Warning- Expression quality metrics (e.g. 3-prime bias, high duplicate rate, genomic contamination, or low alignment rate) are well below average for this file, which should be used with caution, if at all, for expression analysis. However, other analyses, e.g. mutation and structural variant calling, may still give reliable result.; RNA-seq:LOW 5/3 COVERAGE RATIO","DIF_consensus","C2_diffL","C1","DIF","nonAngiogenic"
"TCGA-04-1347","01","TCGA-04-1347-01A","TCGA-04-1347-01A-01R-1564-13","c42ab178-9ded-405c-8eab-69583c4b1ad0.rna_seq.augmented_star_gene_counts.tsv",TRUE,TRUE,TRUE,TRUE,FALSE,"Center QC failed; Item flagged DNU","RNA-seq:LOW 5/3 COVERAGE RATIO; QC Warning- Expression quality metrics (e.g. 3-prime bias, high duplicate rate, genomic contamination, or low alignment rate) are well below average for this file, which should be used with caution, if at all, for expression analysis. However, other analyses, e.g. mutation and structural variant calling, may still give reliable result.","PRO_consensus","C3_profL","C5","PRO","nonAngiogenic"
"TCGA-04-1350","01","TCGA-04-1350-01A","TCGA-04-1350-01A-01R-1565-13","50c62016-a463-4dba-a179-146df17fb5dd.rna_seq.augmented_star_gene_counts.tsv",TRUE,TRUE,TRUE,TRUE,FALSE,"Item flagged DNU; Center QC failed","QC Warning- Expression quality metrics (e.g. 3-prime bias, high duplicate rate, genomic contamination, or low alignment rate) are well below average for this file, which should be used with caution, if at all, for expression analysis. However, other analyses, e.g. mutation and structural variant calling, may still give reliable result.; RNA-seq:LOW 5/3 COVERAGE RATIO","PRO_consensus","C2_diffL","C5","PRO","nonAngiogenic"
"TCGA-04-1356","01","TCGA-04-1356-01A","TCGA-04-1356-01A-01R-1569-13","36aef44f-03b6-4aff-bc8a-dfbc664dd2d0.rna_seq.augmented_star_gene_counts.tsv",TRUE,TRUE,TRUE,TRUE,FALSE,"Item flagged DNU; Center QC failed","QC Warning- Expression quality metrics (e.g. 3-prime bias, high duplicate rate, genomic contamination, or low alignment rate) are well below average for this file, which should be used with caution, if at all, for expression analysis. However, other analyses, e.g. mutation and structural variant calling, may still give reliable result.; RNA-seq:LOW 5/3 COVERAGE RATIO","PRO_consensus","C2_diffL","C5","IMR","nonAngiogenic"
"TCGA-04-1361","01","TCGA-04-1361-01A","TCGA-04-1361-01A-01R-1565-13","c2be3377-97dd-42be-887d-c9bf57034c98.rna_seq.augmented_star_gene_counts.tsv",TRUE,TRUE,TRUE,TRUE,TRUE,"Item flagged DNU; Center QC failed","QC Warning- Expression quality metrics (e.g. 3-prime bias, high duplicate rate, genomic contamination, or low alignment rate) are well below average for this file, which should be used with caution, if at all, for expression analysis. However, other analyses, e.g. mutation and structural variant calling, may still give reliable result.; RNA-seq:LOW 5/3 COVERAGE RATIO;HIGH MITOCHONDRIAL CONTENT","DIF_consensus","C2_diffL","C4","DIF","nonAngiogenic"
"TCGA-04-1517","01","TCGA-04-1517-01A","TCGA-04-1517-01A-01R-1565-13","615dafd3-130a-4a7c-9e27-a3632c2be831.rna_seq.augmented_star_gene_counts.tsv",TRUE,TRUE,TRUE,TRUE,FALSE,"Item flagged DNU; Center QC failed","QC Warning- Expression quality metrics (e.g. 3-prime bias, high duplicate rate, genomic contamination, or low alignment rate) are well below average for this file, which should be used with caution, if at all, for expression analysis. However, other analyses, e.g. mutation and structural variant calling, may still give reliable result.; RNA-seq:LOW 5/3 COVERAGE RATIO","DIF_consensus","C2_diffL","C4","DIF","nonAngiogenic"
"TCGA-04-1530","01","TCGA-04-1530-01A","TCGA-04-1530-01A-02R-1569-13","f691c28c-5b0d-4b28-8b05-030dd07a2b13.rna_seq.augmented_star_gene_counts.tsv",TRUE,TRUE,TRUE,TRUE,FALSE,"Item flagged DNU; Center QC failed","QC Warning- Expression quality metrics (e.g. 3-prime bias, high duplicate rate, genomic contamination, or low alignment rate) are well below average for this file, which should be used with caution, if at all, for expression analysis. However, other analyses, e.g. mutation and structural variant calling, may still give reliable result.; RNA-seq:HIGH rRNA CONTENT;LOW 5/3 COVERAGE RATIO","MES_consensus","C4_mescL","C1","MES","nonAngiogenic"
"TCGA-04-1536","01","TCGA-04-1536-01A","TCGA-04-1536-01A-01R-1566-13","1eacd17c-5634-465d-83d4-d39d136d0ce2.rna_seq.augmented_star_gene_counts.tsv",TRUE,TRUE,TRUE,TRUE,TRUE,"Item flagged DNU; Center QC failed","QC Warning- Expression quality metrics (e.g. 3-prime bias, high duplicate rate, genomic contamination, or low alignment rate) are well below average for this file, which should be used with caution, if at all, for expression analysis. However, other analyses, e.g. mutation and structural variant calling, may still give reliable result.; RNA-seq:LOW 5/3 COVERAGE RATIO;HIGH MITOCHONDRIAL CONTENT","DIF_consensus","C2_diffL","C4","DIF","nonAngiogenic"
"TCGA-04-1542","01","TCGA-04-1542-01A","TCGA-04-1542-01A-01R-1566-13","d779f8e6-b653-4d7e-bfa4-729b9caf329d.rna_seq.augmented_star_gene_counts.tsv",TRUE,TRUE,TRUE,TRUE,FALSE,"Item flagged DNU; Center QC failed","QC Warning- Expression quality metrics (e.g. 3-prime bias, high duplicate rate, genomic contamination, or low alignment rate) are well below average for this file, which should be used with caution, if at all, for expression analysis. However, other analyses, e.g. mutation and structural variant calling, may still give reliable result.; RNA-seq:INSUFFICIENT INPUT MATERIAL,LOW SEQUENCE YIELD/DIVERSITY;LOW 5/3 COVERAGE RATIO","PRO_consensus","C2_diffL","C5","PRO","nonAngiogenic"
"TCGA-04-1648","01","TCGA-04-1648-01A","TCGA-04-1648-01A-01R-1567-13","1730a0a1-8a5a-4532-a35e-4e4db4a4b4b6.rna_seq.augmented_star_gene_counts.tsv",TRUE,TRUE,TRUE,TRUE,FALSE,"Center QC failed; Item flagged DNU","RNA-seq:LOW 5/3 COVERAGE RATIO; QC Warning- Expression quality metrics (e.g. 3-prime bias, high duplicate rate, genomic contamination, or low alignment rate) are well below average for this file, which should be used with caution, if at all, for expression analysis. However, other analyses, e.g. mutation and structural variant calling, may still give reliable result.","DIF_consensus","C2_diffL","C2","DIF","nonAngiogenic"
"TCGA-04-1651","01","TCGA-04-1651-01A","TCGA-04-1651-01A-01R-1567-13","68f32d39-8608-443c-ac04-95f12812fb72.rna_seq.augmented_star_gene_counts.tsv",TRUE,TRUE,TRUE,TRUE,TRUE,"Center QC failed; Item flagged DNU","RNA-seq:LOW 5/3 COVERAGE RATIO;HIGH MITOCHONDRIAL CONTENT; QC Warning- Expression quality metrics (e.g. 3-prime bias, high duplicate rate, genomic contamination, or low alignment rate) are well below average for this file, which should be used with caution, if at all, for expression analysis. However, other analyses, e.g. mutation and structural variant calling, may still give reliable result.","DIF_consensus","C2_diffL","C4","DIF","nonAngiogenic"
"TCGA-04-1655","01","TCGA-04-1655-01A","TCGA-04-1655-01A-01R-1566-13","c133f156-8d5e-4072-a990-86ccb7db09c9.rna_seq.augmented_star_gene_counts.tsv",TRUE,TRUE,TRUE,TRUE,TRUE,"Center QC failed; Item flagged DNU","RNA-seq:LOW 5/3 COVERAGE RATIO;HIGH MITOCHONDRIAL CONTENT; QC Warning- Expression quality metrics (e.g. 3-prime bias, high duplicate rate, genomic contamination, or low alignment rate) are well below average for this file, which should be used with caution, if at all, for expression analysis. However, other analyses, e.g. mutation and structural variant calling, may still give reliable result.","PRO_consensus","C3_profL","C5","PRO","nonAngiogenic"
"TCGA-09-1661","01","TCGA-09-1661-01B","TCGA-09-1661-01B-01R-1566-13","a00f0490-91d3-4a33-b4bf-3a8c3013c97e.rna_seq.augmented_star_gene_counts.tsv",TRUE,TRUE,TRUE,TRUE,TRUE,"Center QC failed; Item flagged DNU","RNA-seq:LOW 5/3 COVERAGE RATIO;HIGH MITOCHONDRIAL CONTENT; QC Warning- Expression quality metrics (e.g. 3-prime bias, high duplicate rate, genomic contamination, or low alignment rate) are well below average for this file, which should be used with caution, if at all, for expression analysis. However, other analyses, e.g. mutation and structural variant calling, may still give reliable result.","PRO_consensus","C3_profL","C5","PRO","nonAngiogenic"
"TCGA-09-1665","01","TCGA-09-1665-01B","TCGA-09-1665-01B-01R-1566-13","d0f28c51-328f-4573-a872-a3ef811d18ca.rna_seq.augmented_star_gene_counts.tsv",TRUE,TRUE,TRUE,TRUE,FALSE,"Item flagged DNU; Center QC failed","QC Warning- Expression quality metrics (e.g. 3-prime bias, high duplicate rate, genomic contamination, or low alignment rate) are well below average for this file, which should be used with caution, if at all, for expression analysis. However, other analyses, e.g. mutation and structural variant calling, may still give reliable result.; RNA-seq:LOW 5/3 COVERAGE RATIO","IMR_consensus","C2_diffL","C4","IMR","nonAngiogenic"
"TCGA-09-2053","01","TCGA-09-2053-01C","TCGA-09-2053-01C-01R-1568-13","c0b634eb-856b-491e-ab86-3088950176d9.rna_seq.augmented_star_gene_counts.tsv",TRUE,TRUE,TRUE,TRUE,FALSE,"Center QC failed; Item flagged DNU","RNA-seq:LOW 5/3 COVERAGE RATIO; QC Warning- Expression quality metrics (e.g. 3-prime bias, high duplicate rate, genomic contamination, or low alignment rate) are well below average for this file, which should be used with caution, if at all, for expression analysis. However, other analyses, e.g. mutation and structural variant calling, may still give reliable result.","IMR_consensus","C1_immL","C5","PRO","nonAngiogenic"
"TCGA-10-0926","01","TCGA-10-0926-01A","TCGA-10-0926-01A-01R-1564-13","b1f91d13-fe60-4444-a254-db4fd36163a4.rna_seq.augmented_star_gene_counts.tsv",TRUE,TRUE,TRUE,TRUE,FALSE,"Center QC failed; Item flagged DNU","RNA-seq:LOW 5/3 COVERAGE RATIO; QC Warning- Expression quality metrics (e.g. 3-prime bias, high duplicate rate, genomic contamination, or low alignment rate) are well below average for this file, which should be used with caution, if at all, for expression analysis. However, other analyses, e.g. mutation and structural variant calling, may still give reliable result.","PRO_consensus","C3_profL","C5","PRO","nonAngiogenic"
"TCGA-10-0927","01","TCGA-10-0927-01A","TCGA-10-0927-01A-02R-1564-13","052a97e5-fd39-4af4-a29a-284bc185c9e7.rna_seq.augmented_star_gene_counts.tsv",TRUE,TRUE,TRUE,TRUE,FALSE,"Center QC failed; Item flagged DNU","RNA-seq:LOW 5/3 COVERAGE RATIO; QC Warning- Expression quality metrics (e.g. 3-prime bias, high duplicate rate, genomic contamination, or low alignment rate) are well below average for this file, which should be used with caution, if at all, for expression analysis. However, other analyses, e.g. mutation and structural variant calling, may still give reliable result.","PRO_consensus","C3_profL","C5","PRO","nonAngiogenic"
"TCGA-10-0931","01","TCGA-10-0931-01A","TCGA-10-0931-01A-01R-1564-13","6b5cd598-f52f-48bc-8256-74a2e98ec04b.rna_seq.augmented_star_gene_counts.tsv",TRUE,TRUE,TRUE,TRUE,FALSE,"Center QC failed; Item flagged DNU","RNA-seq:LOW 5/3 COVERAGE RATIO; QC Warning- Expression quality metrics (e.g. 3-prime bias, high duplicate rate, genomic contamination, or low alignment rate) are well below average for this file, which should be used with caution, if at all, for expression analysis. However, other analyses, e.g. mutation and structural variant calling, may still give reliable result.","DIF_consensus","C2_diffL","C4","DIF","nonAngiogenic"
"TCGA-10-0933","01","TCGA-10-0933-01A","TCGA-10-0933-01A-01R-1569-13","21ff9928-00f0-4b96-8d70-35e9bfad5d40.rna_seq.augmented_star_gene_counts.tsv",TRUE,TRUE,TRUE,TRUE,TRUE,"Item flagged DNU; Center QC failed","QC Warning- Expression quality metrics (e.g. 3-prime bias, high duplicate rate, genomic contamination, or low alignment rate) are well below average for this file, which should be used with caution, if at all, for expression analysis. However, other analyses, e.g. mutation and structural variant calling, may still give reliable result.; RNA-seq:LOW 5/3 COVERAGE RATIO;HIGH MITOCHONDRIAL CONTENT","PRO_consensus","C3_profL","C5","PRO","nonAngiogenic"
"TCGA-10-0934","01","TCGA-10-0934-01A","TCGA-10-0934-01A-02R-1564-13","d563b5ea-0724-4d07-9b31-9713d6edd332.rna_seq.augmented_star_gene_counts.tsv",TRUE,TRUE,TRUE,TRUE,FALSE,"Item flagged DNU; Center QC failed","QC Warning- Expression quality metrics (e.g. 3-prime bias, high duplicate rate, genomic contamination, or low alignment rate) are well below average for this file, which should be used with caution, if at all, for expression analysis. However, other analyses, e.g. mutation and structural variant calling, may still give reliable result.; RNA-seq:LOW 5/3 COVERAGE RATIO","DIF_consensus","C2_diffL","C4","DIF","nonAngiogenic"
"TCGA-10-0937","01","TCGA-10-0937-01A","TCGA-10-0937-01A-02R-1564-13","e945ff79-76d6-4466-a346-82305415a268.rna_seq.augmented_star_gene_counts.tsv",TRUE,TRUE,TRUE,TRUE,FALSE,"Item flagged DNU; Center QC failed","QC Warning- Expression quality metrics (e.g. 3-prime bias, high duplicate rate, genomic contamination, or low alignment rate) are well below average for this file, which should be used with caution, if at all, for expression analysis. However, other analyses, e.g. mutation and structural variant calling, may still give reliable result.; RNA-seq:INSUFFICIENT INPUT MATERIAL,LOW SEQUENCE YIELD/DIVERSITY;LOW 5/3 COVERAGE RATIO","IMR_consensus","C1_immL","C4","DIF","nonAngiogenic"
"TCGA-10-0938","01","TCGA-10-0938-01A","TCGA-10-0938-01A-02R-1564-13","2b12b5be-f274-4a43-b69b-24b736e2bcac.rna_seq.augmented_star_gene_counts.tsv",TRUE,TRUE,TRUE,TRUE,FALSE,"Center QC failed; Item flagged DNU","RNA-seq:LOW 5/3 COVERAGE RATIO; QC Warning- Expression quality metrics (e.g. 3-prime bias, high duplicate rate, genomic contamination, or low alignment rate) are well below average for this file, which should be used with caution, if at all, for expression analysis. However, other analyses, e.g. mutation and structural variant calling, may still give reliable result.","PRO_consensus","C2_diffL","C5","PRO","nonAngiogenic"
"TCGA-13-0714","01","TCGA-13-0714-01A","TCGA-13-0714-01A-01R-1564-13","72e3b5ff-0679-4d43-a7c2-697635faa1fc.rna_seq.augmented_star_gene_counts.tsv",TRUE,TRUE,TRUE,FALSE,FALSE,"Center QC failed; Item flagged DNU","RNA-seq:HIGH rRNA CONTENT; QC Warning- Expression quality metrics (e.g. 3-prime bias, high duplicate rate, genomic contamination, or low alignment rate) are well below average for this file, which should be used with caution, if at all, for expression analysis. However, other analyses, e.g. mutation and structural variant calling, may still give reliable result.","MES_consensus","C3_profL","C5","DIF","nonAngiogenic"
"TCGA-13-0720","01","TCGA-13-0720-01A","TCGA-13-0720-01A-01R-1564-13","d9d0bbf5-4b7e-471b-9481-fe3706d480ab.rna_seq.augmented_star_gene_counts.tsv",TRUE,TRUE,TRUE,TRUE,TRUE,"Item flagged DNU; Center QC failed","QC Warning- Expression quality metrics (e.g. 3-prime bias, high duplicate rate, genomic contamination, or low alignment rate) are well below average for this file, which should be used with caution, if at all, for expression analysis. However, other analyses, e.g. mutation and structural variant calling, may still give reliable result.; RNA-seq:LOW 5/3 COVERAGE RATIO;HIGH MITOCHONDRIAL CONTENT","DIF_consensus","C2_diffL","C4","DIF","nonAngiogenic"
"TCGA-13-0724","01","TCGA-13-0724-01A","TCGA-13-0724-01A-01R-1564-13","7e2f7b6d-46d7-4b37-86d8-354da4408713.rna_seq.augmented_star_gene_counts.tsv",TRUE,TRUE,TRUE,TRUE,FALSE,"Center QC failed; Item flagged DNU","RNA-seq:LOW 5/3 COVERAGE RATIO; QC Warning- Expression quality metrics (e.g. 3-prime bias, high duplicate rate, genomic contamination, or low alignment rate) are well below average for this file, which should be used with caution, if at all, for expression analysis. However, other analyses, e.g. mutation and structural variant calling, may still give reliable result.","DIF_consensus","C2_diffL","C5","DIF","nonAngiogenic"
"TCGA-13-0725","01","TCGA-13-0725-01A","TCGA-13-0725-01A-01R-1564-13","67293c0e-904a-4cc2-ad09-a99d791bd05a.rna_seq.augmented_star_gene_counts.tsv",TRUE,TRUE,TRUE,TRUE,FALSE,"Center QC failed; Item flagged DNU","RNA-seq:LOW 5/3 COVERAGE RATIO; QC Warning- Expression quality metrics (e.g. 3-prime bias, high duplicate rate, genomic contamination, or low alignment rate) are well below average for this file, which should be used with caution, if at all, for expression analysis. However, other analyses, e.g. mutation and structural variant calling, may still give reliable result.","IMR_consensus","C1_immL","C2","IMR","nonAngiogenic"
"TCGA-13-0726","01","TCGA-13-0726-01A","TCGA-13-0726-01A-01R-1564-13","7711187f-5e2a-44eb-804f-c32556a2f02f.rna_seq.augmented_star_gene_counts.tsv",TRUE,TRUE,TRUE,TRUE,FALSE,"Item flagged DNU; Center QC failed","QC Warning- Expression quality metrics (e.g. 3-prime bias, high duplicate rate, genomic contamination, or low alignment rate) are well below average for this file, which should be used with caution, if at all, for expression analysis. However, other analyses, e.g. mutation and structural variant calling, may still give reliable result.; RNA-seq:LOW 5/3 COVERAGE RATIO","DIF_consensus","C2_diffL","C4","DIF","nonAngiogenic"
"TCGA-13-0727","01","TCGA-13-0727-01A","TCGA-13-0727-01A-01R-1564-13","d0cb6e31-ce63-4c74-ad17-b2bcc5bdc053.rna_seq.augmented_star_gene_counts.tsv",TRUE,TRUE,TRUE,TRUE,FALSE,"Item flagged DNU; Center QC failed","QC Warning- Expression quality metrics (e.g. 3-prime bias, high duplicate rate, genomic contamination, or low alignment rate) are well below average for this file, which should be used with caution, if at all, for expression analysis. However, other analyses, e.g. mutation and structural variant calling, may still give reliable result.; RNA-seq:LOW 5/3 COVERAGE RATIO","DIF_consensus","C2_diffL","C4","PRO","nonAngiogenic"
"TCGA-13-0760","01","TCGA-13-0760-01A","TCGA-13-0760-01A-01R-1564-13","6ec47cac-85ce-4536-a51d-346a0e281261.rna_seq.augmented_star_gene_counts.tsv",TRUE,TRUE,TRUE,TRUE,TRUE,"Center QC failed; Item flagged DNU","RNA-seq:LOW 5/3 COVERAGE RATIO;HIGH MITOCHONDRIAL CONTENT; QC Warning- Expression quality metrics (e.g. 3-prime bias, high duplicate rate, genomic contamination, or low alignment rate) are well below average for this file, which should be used with caution, if at all, for expression analysis. However, other analyses, e.g. mutation and structural variant calling, may still give reliable result.","IMR_consensus","C1_immL","C4","IMR","nonAngiogenic"
"TCGA-13-0762","01","TCGA-13-0762-01A","TCGA-13-0762-01A-01R-1564-13","d41c8245-bc6e-42e5-ad70-58a3ebd5546b.rna_seq.augmented_star_gene_counts.tsv",TRUE,TRUE,TRUE,TRUE,FALSE,"Item flagged DNU; Center QC failed","QC Warning- Expression quality metrics (e.g. 3-prime bias, high duplicate rate, genomic contamination, or low alignment rate) are well below average for this file, which should be used with caution, if at all, for expression analysis. However, other analyses, e.g. mutation and structural variant calling, may still give reliable result.; RNA-seq:LOW 5/3 COVERAGE RATIO","PRO_consensus","C2_diffL","C5","PRO","nonAngiogenic"
"TCGA-13-0765","01","TCGA-13-0765-01A","TCGA-13-0765-01A-01R-1564-13","f03483bb-8ad5-42e2-9b5e-31e7af8edd2f.rna_seq.augmented_star_gene_counts.tsv",TRUE,TRUE,TRUE,TRUE,FALSE,"Center QC failed; Item flagged DNU","RNA-seq:LOW 5/3 COVERAGE RATIO; QC Warning- Expression quality metrics (e.g. 3-prime bias, high duplicate rate, genomic contamination, or low alignment rate) are well below average for this file, which should be used with caution, if at all, for expression analysis. However, other analyses, e.g. mutation and structural variant calling, may still give reliable result.","DIF_consensus","C2_diffL","C4","DIF","nonAngiogenic"
"TCGA-13-0766","01","TCGA-13-0766-01A","TCGA-13-0766-01A-02R-1564-13","6e7487d8-ad27-46b8-9a50-eab558676946.rna_seq.augmented_star_gene_counts.tsv",TRUE,TRUE,TRUE,TRUE,FALSE,"Item flagged DNU; Center QC failed","QC Warning- Expression quality metrics (e.g. 3-prime bias, high duplicate rate, genomic contamination, or low alignment rate) are well below average for this file, which should be used with caution, if at all, for expression analysis. However, other analyses, e.g. mutation and structural variant calling, may still give reliable result.; RNA-seq:INSUFFICIENT INPUT MATERIAL,LOW SEQUENCE YIELD/DIVERSITY;LOW 5/3 COVERAGE RATIO","IMR_consensus","C2_diffL","C4","PRO","nonAngiogenic"
"TCGA-13-0768","01","TCGA-13-0768-01A","TCGA-13-0768-01A-01R-1569-13","9fcfa97a-90b3-4e91-9f4d-7001fbd02fc7.rna_seq.augmented_star_gene_counts.tsv",TRUE,TRUE,TRUE,TRUE,FALSE,"Center QC failed; Item flagged DNU","RNA-seq:LOW 5/3 COVERAGE RATIO; QC Warning- Expression quality metrics (e.g. 3-prime bias, high duplicate rate, genomic contamination, or low alignment rate) are well below average for this file, which should be used with caution, if at all, for expression analysis. However, other analyses, e.g. mutation and structural variant calling, may still give reliable result.","IMR_consensus","C1_immL","C1","IMR","Angiogenic"
"TCGA-13-0795","01","TCGA-13-0795-01A","TCGA-13-0795-01A-01R-1564-13","1fbf116b-6325-42ef-94d2-dfdda4aa8d9f.rna_seq.augmented_star_gene_counts.tsv",TRUE,TRUE,TRUE,TRUE,FALSE,"Item flagged DNU; Center QC failed","QC Warning- Expression quality metrics (e.g. 3-prime bias, high duplicate rate, genomic contamination, or low alignment rate) are well below average for this file, which should be used with caution, if at all, for expression analysis. However, other analyses, e.g. mutation and structural variant calling, may still give reliable result.; RNA-seq:LOW 5/3 COVERAGE RATIO","IMR_consensus","C1_immL","C2","IMR","nonAngiogenic"
"TCGA-13-0797","01","TCGA-13-0797-01A","TCGA-13-0797-01A-01R-1564-13","fcd1465c-ddbb-438c-81c9-9be12b5327af.rna_seq.augmented_star_gene_counts.tsv",TRUE,TRUE,TRUE,TRUE,FALSE,"Item flagged DNU; Center QC failed","QC Warning- Expression quality metrics (e.g. 3-prime bias, high duplicate rate, genomic contamination, or low alignment rate) are well below average for this file, which should be used with caution, if at all, for expression analysis. However, other analyses, e.g. mutation and structural variant calling, may still give reliable result.; RNA-seq:LOW 5/3 COVERAGE RATIO","DIF_consensus","C2_diffL","C4","DIF","nonAngiogenic"
"TCGA-13-0804","01","TCGA-13-0804-01A","TCGA-13-0804-01A-01R-1564-13","cac17859-2779-4a77-98b7-3c6e392f0f1e.rna_seq.augmented_star_gene_counts.tsv",TRUE,TRUE,TRUE,TRUE,FALSE,"Item flagged DNU; Center QC failed","QC Warning- Expression quality metrics (e.g. 3-prime bias, high duplicate rate, genomic contamination, or low alignment rate) are well below average for this file, which should be used with caution, if at all, for expression analysis. However, other analyses, e.g. mutation and structural variant calling, may still give reliable result.; RNA-seq:LOW 5/3 COVERAGE RATIO","IMR_consensus","C1_immL","C2","DIF","nonAngiogenic"
"TCGA-13-0884","01","TCGA-13-0884-01B","TCGA-13-0884-01B-01R-1565-13","5c58a396-5f7b-4374-a6e7-09f381d945dd.rna_seq.augmented_star_gene_counts.tsv",TRUE,TRUE,TRUE,TRUE,TRUE,"Center QC failed; Item flagged DNU","RNA-seq:LOW 5/3 COVERAGE RATIO;HIGH MITOCHONDRIAL CONTENT; QC Warning- Expression quality metrics (e.g. 3-prime bias, high duplicate rate, genomic contamination, or low alignment rate) are well below average for this file, which should be used with caution, if at all, for expression analysis. However, other analyses, e.g. mutation and structural variant calling, may still give reliable result.","DIF_consensus","C1_immL","C5","DIF","nonAngiogenic"
"TCGA-13-0885","01","TCGA-13-0885-01A","TCGA-13-0885-01A-02R-1569-13","d9b8df95-099e-400e-895d-9f2d5ce4f348.rna_seq.augmented_star_gene_counts.tsv",TRUE,TRUE,TRUE,TRUE,FALSE,"Center QC failed; Item flagged DNU","RNA-seq:HIGH rRNA CONTENT;LOW 5/3 COVERAGE RATIO; QC Warning- Expression quality metrics (e.g. 3-prime bias, high duplicate rate, genomic contamination, or low alignment rate) are well below average for this file, which should be used with caution, if at all, for expression analysis. However, other analyses, e.g. mutation and structural variant calling, may still give reliable result.","IMR_consensus","C1_immL","C2","IMR","nonAngiogenic"
"TCGA-13-0886","01","TCGA-13-0886-01A","TCGA-13-0886-01A-01R-1569-13","03c8e4fe-1e07-4ea3-a154-c17c2e8af508.rna_seq.augmented_star_gene_counts.tsv",TRUE,TRUE,TRUE,TRUE,FALSE,"Center QC failed; Item flagged DNU","RNA-seq:HIGH rRNA CONTENT;LOW 5/3 COVERAGE RATIO; QC Warning- Expression quality metrics (e.g. 3-prime bias, high duplicate rate, genomic contamination, or low alignment rate) are well below average for this file, which should be used with caution, if at all, for expression analysis. However, other analyses, e.g. mutation and structural variant calling, may still give reliable result.","IMR_consensus","C1_immL","C2","IMR","nonAngiogenic"
"TCGA-13-0887","01","TCGA-13-0887-01A","TCGA-13-0887-01A-01R-1564-13","c99daa88-5672-437c-af99-5b31f28ec087.rna_seq.augmented_star_gene_counts.tsv",TRUE,TRUE,TRUE,TRUE,FALSE,"Item flagged DNU; Center QC failed","QC Warning- Expression quality metrics (e.g. 3-prime bias, high duplicate rate, genomic contamination, or low alignment rate) are well below average for this file, which should be used with caution, if at all, for expression analysis. However, other analyses, e.g. mutation and structural variant calling, may still give reliable result.; RNA-seq:LOW 5/3 COVERAGE RATIO","DIF_consensus","C2_diffL","C4","DIF","nonAngiogenic"
"TCGA-13-0888","01","TCGA-13-0888-01A","TCGA-13-0888-01A-01R-1564-13","b66a1ba2-0f0d-4eb0-8f60-ca07cf3bc997.rna_seq.augmented_star_gene_counts.tsv",TRUE,TRUE,TRUE,TRUE,FALSE,"Center QC failed; Item flagged DNU","RNA-seq:LOW 5/3 COVERAGE RATIO; QC Warning- Expression quality metrics (e.g. 3-prime bias, high duplicate rate, genomic contamination, or low alignment rate) are well below average for this file, which should be used with caution, if at all, for expression analysis. However, other analyses, e.g. mutation and structural variant calling, may still give reliable result.","PRO_consensus","C3_profL","C5","PRO","nonAngiogenic"
"TCGA-13-0891","01","TCGA-13-0891-01A","TCGA-13-0891-01A-01R-1564-13","880f1d5d-52b1-494c-83ed-164437af010f.rna_seq.augmented_star_gene_counts.tsv",TRUE,TRUE,TRUE,TRUE,FALSE,"Item flagged DNU; Center QC failed","QC Warning- Expression quality metrics (e.g. 3-prime bias, high duplicate rate, genomic contamination, or low alignment rate) are well below average for this file, which should be used with caution, if at all, for expression analysis. However, other analyses, e.g. mutation and structural variant calling, may still give reliable result.; RNA-seq:INSUFFICIENT INPUT MATERIAL,LOW SEQUENCE YIELD/DIVERSITY;LOW 5/3 COVERAGE RATIO","DIF_consensus","C2_diffL","C4","DIF","nonAngiogenic"
"TCGA-13-0900","01","TCGA-13-0900-01B","TCGA-13-0900-01B-01R-1565-13","c6996478-e874-456e-ad0c-296658d8baa2.rna_seq.augmented_star_gene_counts.tsv",TRUE,TRUE,TRUE,TRUE,TRUE,"Center QC failed; Item flagged DNU","RNA-seq:LOW 5/3 COVERAGE RATIO;HIGH MITOCHONDRIAL CONTENT; QC Warning- Expression quality metrics (e.g. 3-prime bias, high duplicate rate, genomic contamination, or low alignment rate) are well below average for this file, which should be used with caution, if at all, for expression analysis. However, other analyses, e.g. mutation and structural variant calling, may still give reliable result.","MES_consensus","C4_mescL","C1","MES","Angiogenic"
"TCGA-13-0901","01","TCGA-13-0901-01B","TCGA-13-0901-01B-01R-1565-13","e0359ee9-8ff1-4f46-9d5e-6dd51f0d7d6a.rna_seq.augmented_star_gene_counts.tsv",TRUE,TRUE,TRUE,TRUE,FALSE,"Item flagged DNU; Center QC failed","QC Warning- Expression quality metrics (e.g. 3-prime bias, high duplicate rate, genomic contamination, or low alignment rate) are well below average for this file, which should be used with caution, if at all, for expression analysis. However, other analyses, e.g. mutation and structural variant calling, may still give reliable result.; RNA-seq:LOW 5/3 COVERAGE RATIO","MES_consensus","C3_profL","C5","MES","nonAngiogenic"
"TCGA-13-0905","01","TCGA-13-0905-01B","TCGA-13-0905-01B-01R-1565-13","d990fb46-63a9-4507-a950-e026c84cfb5a.rna_seq.augmented_star_gene_counts.tsv",TRUE,TRUE,TRUE,TRUE,FALSE,"Center QC failed; Item flagged DNU","RNA-seq:LOW 5/3 COVERAGE RATIO; QC Warning- Expression quality metrics (e.g. 3-prime bias, high duplicate rate, genomic contamination, or low alignment rate) are well below average for this file, which should be used with caution, if at all, for expression analysis. However, other analyses, e.g. mutation and structural variant calling, may still give reliable result.","DIF_consensus","C2_diffL","C4","DIF","nonAngiogenic"
"TCGA-13-0906","01","TCGA-13-0906-01A","TCGA-13-0906-01A-01R-1564-13","876a27db-292d-49f1-80b9-da35cb0cb186.rna_seq.augmented_star_gene_counts.tsv",TRUE,TRUE,TRUE,TRUE,FALSE,"Center QC failed; Item flagged DNU","RNA-seq:LOW 5/3 COVERAGE RATIO; QC Warning- Expression quality metrics (e.g. 3-prime bias, high duplicate rate, genomic contamination, or low alignment rate) are well below average for this file, which should be used with caution, if at all, for expression analysis. However, other analyses, e.g. mutation and structural variant calling, may still give reliable result.","PRO_consensus","C3_profL","C5","PRO","nonAngiogenic"
"TCGA-13-0908","01","TCGA-13-0908-01B","TCGA-13-0908-01B-01R-1565-13","1d39253a-1714-4371-942f-98acaf24a4f9.rna_seq.augmented_star_gene_counts.tsv",TRUE,TRUE,TRUE,FALSE,TRUE,"Center QC failed; Item flagged DNU","RNA-seq:HIGH MITOCHONDRIAL CONTENT; QC Warning- Expression quality metrics (e.g. 3-prime bias, high duplicate rate, genomic contamination, or low alignment rate) are well below average for this file, which should be used with caution, if at all, for expression analysis. However, other analyses, e.g. mutation and structural variant calling, may still give reliable result.","MES_consensus","C4_mescL","C1","MES","nonAngiogenic"
"TCGA-13-0911","01","TCGA-13-0911-01A","TCGA-13-0911-01A-01R-1564-13","9fa353e5-d096-480e-af87-f3441deea8dd.rna_seq.augmented_star_gene_counts.tsv",TRUE,TRUE,TRUE,TRUE,FALSE,"Item flagged DNU; Center QC failed","QC Warning- Expression quality metrics (e.g. 3-prime bias, high duplicate rate, genomic contamination, or low alignment rate) are well below average for this file, which should be used with caution, if at all, for expression analysis. However, other analyses, e.g. mutation and structural variant calling, may still give reliable result.; RNA-seq:LOW 5/3 COVERAGE RATIO","IMR_consensus","C1_immL","C2","IMR","nonAngiogenic"
"TCGA-13-0913","02","TCGA-13-0913-02A","TCGA-13-0913-02A-01R-1564-13","676462aa-e44e-4f39-a9cb-222e8815bdfc.rna_seq.augmented_star_gene_counts.tsv",TRUE,TRUE,TRUE,TRUE,FALSE,"Center QC failed; Item flagged DNU; Item is noncanonical; Item in special subset","RNA-seq:INSUFFICIENT INPUT MATERIAL,LOW SEQUENCE YIELD/DIVERSITY;LOW 5/3 COVERAGE RATIO; QC Warning- Expression quality metrics (e.g. 3-prime bias, high duplicate rate, genomic contamination, or low alignment rate) are well below average for this file, which should be used with caution, if at all, for expression analysis. However, other analyses, e.g. mutation and structural variant calling, may still give reliable result.; Ovary Triplet; This is part of the ovarian triplet set.","IMR_consensus","C1_immL","C4","IMR","nonAngiogenic"
"TCGA-13-0919","01","TCGA-13-0919-01A","TCGA-13-0919-01A-01R-1564-13","38c953af-559d-43e3-be40-d576a8d40b1f.rna_seq.augmented_star_gene_counts.tsv",TRUE,TRUE,TRUE,TRUE,FALSE,"Center QC failed; Item flagged DNU","RNA-seq:LOW 5/3 COVERAGE RATIO; QC Warning- Expression quality metrics (e.g. 3-prime bias, high duplicate rate, genomic contamination, or low alignment rate) are well below average for this file, which should be used with caution, if at all, for expression analysis. However, other analyses, e.g. mutation and structural variant calling, may still give reliable result.","MES_consensus","C4_mescL","C1","DIF","Angiogenic"
"TCGA-13-0923","01","TCGA-13-0923-01A","TCGA-13-0923-01A-01R-1564-13","31f82383-f710-4d46-8db5-b59ee094d74a.rna_seq.augmented_star_gene_counts.tsv",TRUE,TRUE,TRUE,TRUE,FALSE,"Item flagged DNU; Center QC failed","QC Warning- Expression quality metrics (e.g. 3-prime bias, high duplicate rate, genomic contamination, or low alignment rate) are well below average for this file, which should be used with caution, if at all, for expression analysis. However, other analyses, e.g. mutation and structural variant calling, may still give reliable result.; RNA-seq:LOW 5/3 COVERAGE RATIO","DIF_consensus","C2_diffL","C4","IMR","nonAngiogenic"
"TCGA-13-1404","01","TCGA-13-1404-01A","TCGA-13-1404-01A-01R-1565-13","accf08d4-a784-4908-831a-7a08d4c5f0f5.rna_seq.augmented_star_gene_counts.tsv",TRUE,TRUE,TRUE,TRUE,FALSE,"Center QC failed; Item flagged DNU","RNA-seq:LOW 5/3 COVERAGE RATIO; QC Warning- Expression quality metrics (e.g. 3-prime bias, high duplicate rate, genomic contamination, or low alignment rate) are well below average for this file, which should be used with caution, if at all, for expression analysis. However, other analyses, e.g. mutation and structural variant calling, may still give reliable result.","MES_consensus","C4_mescL","C5","IMR","nonAngiogenic"
"TCGA-13-1407","01","TCGA-13-1407-01A","TCGA-13-1407-01A-01R-1565-13","017ba6ed-d634-4550-b2ab-2048d71b9830.rna_seq.augmented_star_gene_counts.tsv",TRUE,TRUE,TRUE,TRUE,TRUE,"Item flagged DNU; Center QC failed","QC Warning- Expression quality metrics (e.g. 3-prime bias, high duplicate rate, genomic contamination, or low alignment rate) are well below average for this file, which should be used with caution, if at all, for expression analysis. However, other analyses, e.g. mutation and structural variant calling, may still give reliable result.; RNA-seq:LOW 5/3 COVERAGE RATIO;HIGH MITOCHONDRIAL CONTENT","PRO_consensus","C2_diffL","C5","PRO","nonAngiogenic"
"TCGA-13-1408","01","TCGA-13-1408-01A","TCGA-13-1408-01A-01R-1565-13","0526fdf7-a3a0-4e33-b681-d5e3ec7b4a72.rna_seq.augmented_star_gene_counts.tsv",TRUE,TRUE,TRUE,TRUE,FALSE,"Item flagged DNU; Center QC failed","QC Warning- Expression quality metrics (e.g. 3-prime bias, high duplicate rate, genomic contamination, or low alignment rate) are well below average for this file, which should be used with caution, if at all, for expression analysis. However, other analyses, e.g. mutation and structural variant calling, may still give reliable result.; RNA-seq:LOW 5/3 COVERAGE RATIO","MES_consensus","C3_profL","C1","MES","Angiogenic"
"TCGA-13-1409","01","TCGA-13-1409-01A","TCGA-13-1409-01A-01R-1565-13","0f3919e2-e4d0-4394-9cba-88b8653694a0.rna_seq.augmented_star_gene_counts.tsv",TRUE,TRUE,TRUE,TRUE,FALSE,"Item flagged DNU; Center QC failed","QC Warning- Expression quality metrics (e.g. 3-prime bias, high duplicate rate, genomic contamination, or low alignment rate) are well below average for this file, which should be used with caution, if at all, for expression analysis. However, other analyses, e.g. mutation and structural variant calling, may still give reliable result.; RNA-seq:LOW 5/3 COVERAGE RATIO","PRO_consensus","C2_diffL","C5","PRO","nonAngiogenic"
"TCGA-13-1477","01","TCGA-13-1477-01A","TCGA-13-1477-01A-01R-1565-13","207cda7f-138a-4ae2-a6fd-90a003a94073.rna_seq.augmented_star_gene_counts.tsv",TRUE,TRUE,TRUE,TRUE,FALSE,"Center QC failed; Item flagged DNU","RNA-seq:LOW 5/3 COVERAGE RATIO; QC Warning- Expression quality metrics (e.g. 3-prime bias, high duplicate rate, genomic contamination, or low alignment rate) are well below average for this file, which should be used with caution, if at all, for expression analysis. However, other analyses, e.g. mutation and structural variant calling, may still give reliable result.","PRO_consensus","C3_profL","C5","PRO","nonAngiogenic"
"TCGA-13-1482","01","TCGA-13-1482-01A","TCGA-13-1482-01A-01R-1565-13","846a9737-f1d2-4c15-8023-360f22805491.rna_seq.augmented_star_gene_counts.tsv",TRUE,TRUE,TRUE,TRUE,TRUE,"Item flagged DNU; Center QC failed","QC Warning- Expression quality metrics (e.g. 3-prime bias, high duplicate rate, genomic contamination, or low alignment rate) are well below average for this file, which should be used with caution, if at all, for expression analysis. However, other analyses, e.g. mutation and structural variant calling, may still give reliable result.; RNA-seq:LOW 5/3 COVERAGE RATIO;HIGH MITOCHONDRIAL CONTENT","MES_consensus","C3_profL","C5","PRO","nonAngiogenic"
"TCGA-13-1483","01","TCGA-13-1483-01A","TCGA-13-1483-01A-01R-1565-13","808d8dcb-f3e5-4d7e-8b70-90a254ebc4e2.rna_seq.augmented_star_gene_counts.tsv",TRUE,TRUE,TRUE,TRUE,FALSE,"Item flagged DNU; Center QC failed","QC Warning- Expression quality metrics (e.g. 3-prime bias, high duplicate rate, genomic contamination, or low alignment rate) are well below average for this file, which should be used with caution, if at all, for expression analysis. However, other analyses, e.g. mutation and structural variant calling, may still give reliable result.; RNA-seq:LOW 5/3 COVERAGE RATIO","MES_consensus","C3_profL","C2","DIF","nonAngiogenic"
"TCGA-13-1485","01","TCGA-13-1485-01A","TCGA-13-1485-01A-02R-1565-13","04f0900d-efc7-498d-a8eb-aea677094877.rna_seq.augmented_star_gene_counts.tsv",TRUE,TRUE,TRUE,TRUE,FALSE,"Item flagged DNU; Center QC failed","QC Warning- Expression quality metrics (e.g. 3-prime bias, high duplicate rate, genomic contamination, or low alignment rate) are well below average for this file, which should be used with caution, if at all, for expression analysis. However, other analyses, e.g. mutation and structural variant calling, may still give reliable result.; RNA-seq:LOW 5/3 COVERAGE RATIO","MES_consensus","C3_profL","C1","DIF","Angiogenic"
"TCGA-13-1487","01","TCGA-13-1487-01A","TCGA-13-1487-01A-01R-1565-13","62bea110-bff8-4d67-a920-77d3f2d85d13.rna_seq.augmented_star_gene_counts.tsv",TRUE,TRUE,TRUE,TRUE,FALSE,"Center QC failed; Item flagged DNU","RNA-seq:LOW 5/3 COVERAGE RATIO; QC Warning- Expression quality metrics (e.g. 3-prime bias, high duplicate rate, genomic contamination, or low alignment rate) are well below average for this file, which should be used with caution, if at all, for expression analysis. However, other analyses, e.g. mutation and structural variant calling, may still give reliable result.","MES_consensus","C3_profL","C5","MES","nonAngiogenic"
"TCGA-13-1488","01","TCGA-13-1488-01A","TCGA-13-1488-01A-01R-1565-13","be31437e-d2d6-4e6b-99e0-42ddb5a4359d.rna_seq.augmented_star_gene_counts.tsv",TRUE,TRUE,TRUE,TRUE,TRUE,"Center QC failed; Item flagged DNU","RNA-seq:LOW 5/3 COVERAGE RATIO;HIGH MITOCHONDRIAL CONTENT; QC Warning- Expression quality metrics (e.g. 3-prime bias, high duplicate rate, genomic contamination, or low alignment rate) are well below average for this file, which should be used with caution, if at all, for expression analysis. However, other analyses, e.g. mutation and structural variant calling, may still give reliable result.","IMR_consensus","C2_diffL","C4","IMR","nonAngiogenic"
"TCGA-13-1489","01","TCGA-13-1489-01A","TCGA-13-1489-01A-01R-1565-13","d6472bd0-b4e2-4ed1-a892-e1702c195dc7.rna_seq.augmented_star_gene_counts.tsv",TRUE,TRUE,TRUE,TRUE,FALSE,"Item flagged DNU; Center QC failed; Item in special subset","QC Warning- Expression quality metrics (e.g. 3-prime bias, high duplicate rate, genomic contamination, or low alignment rate) are well below average for this file, which should be used with caution, if at all, for expression analysis. However, other analyses, e.g. mutation and structural variant calling, may still give reliable result.; RNA-seq:LOW 5/3 COVERAGE RATIO; This is part of the ovarian triplet set.","DIF_consensus","C2_diffL","C4","DIF","nonAngiogenic"
"TCGA-13-1492","01","TCGA-13-1492-01A","TCGA-13-1492-01A-01R-1565-13","872c6084-34b9-4037-88bd-b6cb69b4bf1f.rna_seq.augmented_star_gene_counts.tsv",TRUE,TRUE,TRUE,TRUE,FALSE,"Center QC failed; Item flagged DNU","RNA-seq:LOW 5/3 COVERAGE RATIO; QC Warning- Expression quality metrics (e.g. 3-prime bias, high duplicate rate, genomic contamination, or low alignment rate) are well below average for this file, which should be used with caution, if at all, for expression analysis. However, other analyses, e.g. mutation and structural variant calling, may still give reliable result.","PRO_consensus","C2_diffL","C5","PRO","nonAngiogenic"
"TCGA-13-1495","01","TCGA-13-1495-01A","TCGA-13-1495-01A-01R-1565-13","8fd3c3ec-c5c5-4ded-bcbb-387ddc1ba5f7.rna_seq.augmented_star_gene_counts.tsv",TRUE,TRUE,TRUE,TRUE,FALSE,"Item flagged DNU; Center QC failed","QC Warning- Expression quality metrics (e.g. 3-prime bias, high duplicate rate, genomic contamination, or low alignment rate) are well below average for this file, which should be used with caution, if at all, for expression analysis. However, other analyses, e.g. mutation and structural variant calling, may still give reliable result.; RNA-seq:LOW 5/3 COVERAGE RATIO","DIF_consensus","C2_diffL","C4","IMR","nonAngiogenic"
"TCGA-13-1496","01","TCGA-13-1496-01A","TCGA-13-1496-01A-01R-1565-13","34e59c84-b0d2-4373-9a9c-b265b828631e.rna_seq.augmented_star_gene_counts.tsv",TRUE,TRUE,TRUE,TRUE,FALSE,"Center QC failed; Item flagged DNU","RNA-seq:LOW 5/3 COVERAGE RATIO; QC Warning- Expression quality metrics (e.g. 3-prime bias, high duplicate rate, genomic contamination, or low alignment rate) are well below average for this file, which should be used with caution, if at all, for expression analysis. However, other analyses, e.g. mutation and structural variant calling, may still give reliable result.","IMR_consensus","C1_immL","C2","IMR","nonAngiogenic"
"TCGA-13-1499","01","TCGA-13-1499-01A","TCGA-13-1499-01A-01R-1565-13","62c68df4-4b67-4c05-9cf4-f0f2e878b59e.rna_seq.augmented_star_gene_counts.tsv",TRUE,TRUE,TRUE,TRUE,FALSE,"Center QC failed; Item flagged DNU","RNA-seq:LOW 5/3 COVERAGE RATIO; QC Warning- Expression quality metrics (e.g. 3-prime bias, high duplicate rate, genomic contamination, or low alignment rate) are well below average for this file, which should be used with caution, if at all, for expression analysis. However, other analyses, e.g. mutation and structural variant calling, may still give reliable result.","MES_consensus","C1_immL","C1","MES","nonAngiogenic"
"TCGA-13-1501","01","TCGA-13-1501-01A","TCGA-13-1501-01A-01R-1565-13","6ab54953-3d77-4239-bf4a-5a893cf9a43c.rna_seq.augmented_star_gene_counts.tsv",TRUE,TRUE,TRUE,TRUE,TRUE,"Center QC failed; Item flagged DNU","RNA-seq:LOW 5/3 COVERAGE RATIO;HIGH MITOCHONDRIAL CONTENT; QC Warning- Expression quality metrics (e.g. 3-prime bias, high duplicate rate, genomic contamination, or low alignment rate) are well below average for this file, which should be used with caution, if at all, for expression analysis. However, other analyses, e.g. mutation and structural variant calling, may still give reliable result.","MES_consensus","C3_profL","C5","MES","nonAngiogenic"
"TCGA-13-1509","01","TCGA-13-1509-01A","TCGA-13-1509-01A-01R-1565-13","6ac60ab5-8d16-4e62-9122-0b4d796b9bc0.rna_seq.augmented_star_gene_counts.tsv",TRUE,TRUE,TRUE,TRUE,TRUE,"Item flagged DNU; Center QC failed","QC Warning- Expression quality metrics (e.g. 3-prime bias, high duplicate rate, genomic contamination, or low alignment rate) are well below average for this file, which should be used with caution, if at all, for expression analysis. However, other analyses, e.g. mutation and structural variant calling, may still give reliable result.; RNA-seq:LOW 5/3 COVERAGE RATIO;HIGH MITOCHONDRIAL CONTENT","MES_consensus","C4_mescL","C5","MES","nonAngiogenic"
"TCGA-13-1510","01","TCGA-13-1510-01A","TCGA-13-1510-01A-02R-1565-13","9d472afb-5cd1-41d2-b188-fa9f8b706d35.rna_seq.augmented_star_gene_counts.tsv",TRUE,TRUE,TRUE,TRUE,FALSE,"Item flagged DNU; Center QC failed","QC Warning- Expression quality metrics (e.g. 3-prime bias, high duplicate rate, genomic contamination, or low alignment rate) are well below average for this file, which should be used with caution, if at all, for expression analysis. However, other analyses, e.g. mutation and structural variant calling, may still give reliable result.; RNA-seq:LOW 5/3 COVERAGE RATIO","DIF_consensus","C2_diffL","C4","DIF","nonAngiogenic"
"TCGA-20-0987","01","TCGA-20-0987-01A","TCGA-20-0987-01A-02R-1564-13","7d8d9d6c-b701-4eda-8e36-c36ca7c90903.rna_seq.augmented_star_gene_counts.tsv",TRUE,TRUE,TRUE,TRUE,FALSE,"Center QC failed; Item flagged DNU","RNA-seq:INSUFFICIENT INPUT MATERIAL,LOW SEQUENCE YIELD/DIVERSITY;LOW 5/3 COVERAGE RATIO; QC Warning- Expression quality metrics (e.g. 3-prime bias, high duplicate rate, genomic contamination, or low alignment rate) are well below average for this file, which should be used with caution, if at all, for expression analysis. However, other analyses, e.g. mutation and structural variant calling, may still give reliable result.","IMR_consensus","C1_immL","C2","IMR","nonAngiogenic"
"TCGA-20-0991","01","TCGA-20-0991-01A","TCGA-20-0991-01A-01R-1564-13","1e36ddde-f989-45b5-a887-d7c6ac41aaeb.rna_seq.augmented_star_gene_counts.tsv",TRUE,TRUE,TRUE,TRUE,FALSE,"Item flagged DNU; Center QC failed","QC Warning- Expression quality metrics (e.g. 3-prime bias, high duplicate rate, genomic contamination, or low alignment rate) are well below average for this file, which should be used with caution, if at all, for expression analysis. However, other analyses, e.g. mutation and structural variant calling, may still give reliable result.; RNA-seq:LOW 5/3 COVERAGE RATIO","IMR_consensus","C1_immL","C2","IMR","nonAngiogenic"
"TCGA-20-1686","01","TCGA-20-1686-01A","TCGA-20-1686-01A-01R-1566-13","d59c9b4d-960f-4fd7-9a78-6b3bd9d31e06.rna_seq.augmented_star_gene_counts.tsv",TRUE,TRUE,TRUE,TRUE,FALSE,"Center QC failed; Item flagged DNU","RNA-seq:LOW 5/3 COVERAGE RATIO; QC Warning- Expression quality metrics (e.g. 3-prime bias, high duplicate rate, genomic contamination, or low alignment rate) are well below average for this file, which should be used with caution, if at all, for expression analysis. However, other analyses, e.g. mutation and structural variant calling, may still give reliable result.","DIF_consensus","C3_profL","C4","DIF","nonAngiogenic"
"TCGA-23-1021","01","TCGA-23-1021-01B","TCGA-23-1021-01B-01R-1564-13","06bfef84-bc96-4d26-a658-3da2432dd948.rna_seq.augmented_star_gene_counts.tsv",TRUE,TRUE,TRUE,TRUE,TRUE,"Center QC failed; Item flagged DNU","RNA-seq:LOW 5/3 COVERAGE RATIO;HIGH MITOCHONDRIAL CONTENT; QC Warning- Expression quality metrics (e.g. 3-prime bias, high duplicate rate, genomic contamination, or low alignment rate) are well below average for this file, which should be used with caution, if at all, for expression analysis. However, other analyses, e.g. mutation and structural variant calling, may still give reliable result.","DIF_consensus","C2_diffL","C4","DIF","nonAngiogenic"
"TCGA-23-1022","01","TCGA-23-1022-01A","TCGA-23-1022-01A-01R-1564-13","2fb7ad5a-0ef2-4524-9fa8-4d61d1bb04e1.rna_seq.augmented_star_gene_counts.tsv",TRUE,TRUE,TRUE,TRUE,FALSE,"Item flagged DNU; Center QC failed","QC Warning- Expression quality metrics (e.g. 3-prime bias, high duplicate rate, genomic contamination, or low alignment rate) are well below average for this file, which should be used with caution, if at all, for expression analysis. However, other analyses, e.g. mutation and structural variant calling, may still give reliable result.; RNA-seq:LOW 5/3 COVERAGE RATIO","PRO_consensus","C2_diffL","C5","DIF","nonAngiogenic"
"TCGA-23-1024","01","TCGA-23-1024-01A","TCGA-23-1024-01A-02R-1564-13","41bdbd88-b4b2-4884-8a44-b34656ae4156.rna_seq.augmented_star_gene_counts.tsv",TRUE,TRUE,TRUE,TRUE,FALSE,"Item flagged DNU; Center QC failed","QC Warning- Expression quality metrics (e.g. 3-prime bias, high duplicate rate, genomic contamination, or low alignment rate) are well below average for this file, which should be used with caution, if at all, for expression analysis. However, other analyses, e.g. mutation and structural variant calling, may still give reliable result.; RNA-seq:LOW 5/3 COVERAGE RATIO","DIF_consensus","C2_diffL","C5","DIF","nonAngiogenic"
"TCGA-23-1028","01","TCGA-23-1028-01A","TCGA-23-1028-01A-01R-1564-13","eba440bf-7924-4bee-9c1b-684acc65aed5.rna_seq.augmented_star_gene_counts.tsv",TRUE,TRUE,TRUE,TRUE,FALSE,"Item flagged DNU; Center QC failed","QC Warning- Expression quality metrics (e.g. 3-prime bias, high duplicate rate, genomic contamination, or low alignment rate) are well below average for this file, which should be used with caution, if at all, for expression analysis. However, other analyses, e.g. mutation and structural variant calling, may still give reliable result.; RNA-seq:LOW 5/3 COVERAGE RATIO","DIF_consensus","C2_diffL","C4","DIF","nonAngiogenic"
"TCGA-23-1030","01","TCGA-23-1030-01A","TCGA-23-1030-01A-02R-1564-13","7de8593c-b0fc-4a23-a1e9-9a066502777b.rna_seq.augmented_star_gene_counts.tsv",TRUE,TRUE,TRUE,TRUE,FALSE,"Item flagged DNU; Center QC failed","QC Warning- Expression quality metrics (e.g. 3-prime bias, high duplicate rate, genomic contamination, or low alignment rate) are well below average for this file, which should be used with caution, if at all, for expression analysis. However, other analyses, e.g. mutation and structural variant calling, may still give reliable result.; RNA-seq:LOW 5/3 COVERAGE RATIO","DIF_consensus","C2_diffL","C4","DIF","nonAngiogenic"
"TCGA-23-1032","01","TCGA-23-1032-01A","TCGA-23-1032-01A-02R-1564-13","d9112d90-1e2f-4359-bf56-7ea55802a50f.rna_seq.augmented_star_gene_counts.tsv",TRUE,TRUE,TRUE,TRUE,FALSE,"Item flagged DNU; Center QC failed","QC Warning- Expression quality metrics (e.g. 3-prime bias, high duplicate rate, genomic contamination, or low alignment rate) are well below average for this file, which should be used with caution, if at all, for expression analysis. However, other analyses, e.g. mutation and structural variant calling, may still give reliable result.; RNA-seq:LOW 5/3 COVERAGE RATIO","DIF_consensus","C2_diffL","C4","PRO","nonAngiogenic"
"TCGA-23-1107","01","TCGA-23-1107-01A","TCGA-23-1107-01A-01R-1564-13","7a647483-f972-492c-972d-63b7eff7beff.rna_seq.augmented_star_gene_counts.tsv",TRUE,TRUE,TRUE,TRUE,FALSE,"Item flagged DNU; Center QC failed","QC Warning- Expression quality metrics (e.g. 3-prime bias, high duplicate rate, genomic contamination, or low alignment rate) are well below average for this file, which should be used with caution, if at all, for expression analysis. However, other analyses, e.g. mutation and structural variant calling, may still give reliable result.; RNA-seq:INSUFFICIENT INPUT MATERIAL,LOW SEQUENCE YIELD/DIVERSITY;LOW 5/3 COVERAGE RATIO","DIF_consensus","C2_diffL","C4","PRO","nonAngiogenic"
"TCGA-23-1110","01","TCGA-23-1110-01A","TCGA-23-1110-01A-01R-1564-13","aaf2267a-f643-46a5-809e-f86adec2b915.rna_seq.augmented_star_gene_counts.tsv",TRUE,TRUE,TRUE,FALSE,FALSE,"Center QC failed; Item flagged DNU","RNA-seq:INSUFFICIENT INPUT MATERIAL,LOW SEQUENCE YIELD/DIVERSITY; QC Warning- Expression quality metrics (e.g. 3-prime bias, high duplicate rate, genomic contamination, or low alignment rate) are well below average for this file, which should be used with caution, if at all, for expression analysis. However, other analyses, e.g. mutation and structural variant calling, may still give reliable result.","PRO_consensus","C2_diffL","C5","PRO","nonAngiogenic"
"TCGA-23-1113","01","TCGA-23-1113-01A","TCGA-23-1113-01A-01R-1564-13","a0361246-7cde-47eb-938d-53b0e2bf236d.rna_seq.augmented_star_gene_counts.tsv",TRUE,TRUE,TRUE,TRUE,FALSE,"Item flagged DNU; Center QC failed","QC Warning- Expression quality metrics (e.g. 3-prime bias, high duplicate rate, genomic contamination, or low alignment rate) are well below average for this file, which should be used with caution, if at all, for expression analysis. However, other analyses, e.g. mutation and structural variant calling, may still give reliable result.; RNA-seq:LOW 5/3 COVERAGE RATIO","DIF_consensus","C2_diffL","C5","DIF","nonAngiogenic"
"TCGA-23-1116","01","TCGA-23-1116-01A","TCGA-23-1116-01A-01R-1564-13","1d359158-291b-4629-bd6f-0d605ac6afa7.rna_seq.augmented_star_gene_counts.tsv",TRUE,TRUE,TRUE,TRUE,FALSE,"Center QC failed; Item flagged DNU; Prior malignancy","RNA-seq:LOW 5/3 COVERAGE RATIO; QC Warning- Expression quality metrics (e.g. 3-prime bias, high duplicate rate, genomic contamination, or low alignment rate) are well below average for this file, which should be used with caution, if at all, for expression analysis. However, other analyses, e.g. mutation and structural variant calling, may still give reliable result.; Prior malignancy of breast cancer","MES_consensus","C4_mescL","C1","MES","nonAngiogenic"
"TCGA-23-1118","01","TCGA-23-1118-01A","TCGA-23-1118-01A-01R-1564-13","852964b8-1f8e-4891-a1a4-a63186d841ab.rna_seq.augmented_star_gene_counts.tsv",TRUE,TRUE,TRUE,TRUE,FALSE,"Item flagged DNU; Center QC failed","QC Warning- Expression quality metrics (e.g. 3-prime bias, high duplicate rate, genomic contamination, or low alignment rate) are well below average for this file, which should be used with caution, if at all, for expression analysis. However, other analyses, e.g. mutation and structural variant calling, may still give reliable result.; RNA-seq:LOW 5/3 COVERAGE RATIO","IMR_consensus","C1_immL","C4","IMR","nonAngiogenic"
"TCGA-23-1119","01","TCGA-23-1119-01A","TCGA-23-1119-01A-02R-1565-13","ba187e93-15e0-4681-9c0f-f4d346cfe1a8.rna_seq.augmented_star_gene_counts.tsv",TRUE,TRUE,TRUE,TRUE,FALSE,"Item flagged DNU; Center QC failed","QC Warning- Expression quality metrics (e.g. 3-prime bias, high duplicate rate, genomic contamination, or low alignment rate) are well below average for this file, which should be used with caution, if at all, for expression analysis. However, other analyses, e.g. mutation and structural variant calling, may still give reliable result.; RNA-seq:LOW 5/3 COVERAGE RATIO","IMR_consensus","C1_immL","C5","IMR","nonAngiogenic"
"TCGA-24-0966","01","TCGA-24-0966-01A","TCGA-24-0966-01A-01R-1564-13","037a7fa8-e684-4548-805c-845c3df9e188.rna_seq.augmented_star_gene_counts.tsv",TRUE,TRUE,TRUE,TRUE,FALSE,"Item flagged DNU; Center QC failed","QC Warning- Expression quality metrics (e.g. 3-prime bias, high duplicate rate, genomic contamination, or low alignment rate) are well below average for this file, which should be used with caution, if at all, for expression analysis. However, other analyses, e.g. mutation and structural variant calling, may still give reliable result.; RNA-seq:LOW 5/3 COVERAGE RATIO","DIF_consensus","C2_diffL","C4","DIF","nonAngiogenic"
"TCGA-24-0968","01","TCGA-24-0968-01A","TCGA-24-0968-01A-01R-1569-13","df4191dc-dd74-4197-bc35-d24807f0ceba.rna_seq.augmented_star_gene_counts.tsv",TRUE,TRUE,TRUE,TRUE,TRUE,"Center QC failed; Item flagged DNU","RNA-seq:LOW 5/3 COVERAGE RATIO;HIGH MITOCHONDRIAL CONTENT; QC Warning- Expression quality metrics (e.g. 3-prime bias, high duplicate rate, genomic contamination, or low alignment rate) are well below average for this file, which should be used with caution, if at all, for expression analysis. However, other analyses, e.g. mutation and structural variant calling, may still give reliable result.","IMR_consensus","C1_immL","C2","IMR","nonAngiogenic"
"TCGA-24-0970","01","TCGA-24-0970-01B","TCGA-24-0970-01B-01R-1565-13","59b900d7-691a-423c-a590-cc9e1f0735dc.rna_seq.augmented_star_gene_counts.tsv",TRUE,TRUE,TRUE,FALSE,TRUE,"Center QC failed; Item flagged DNU","RNA-seq:HIGH MITOCHONDRIAL CONTENT; QC Warning- Expression quality metrics (e.g. 3-prime bias, high duplicate rate, genomic contamination, or low alignment rate) are well below average for this file, which should be used with caution, if at all, for expression analysis. However, other analyses, e.g. mutation and structural variant calling, may still give reliable result.","MES_consensus","C3_profL","C5","MES","nonAngiogenic"
"TCGA-24-0979","01","TCGA-24-0979-01A","TCGA-24-0979-01A-01R-1565-13","32d18d49-fe09-4929-a5f6-34150f155c3e.rna_seq.augmented_star_gene_counts.tsv",TRUE,TRUE,TRUE,TRUE,FALSE,"Center QC failed; Item flagged DNU","RNA-seq:LOW 5/3 COVERAGE RATIO; QC Warning- Expression quality metrics (e.g. 3-prime bias, high duplicate rate, genomic contamination, or low alignment rate) are well below average for this file, which should be used with caution, if at all, for expression analysis. However, other analyses, e.g. mutation and structural variant calling, may still give reliable result.","DIF_consensus","C2_diffL","C4","DIF","nonAngiogenic"
"TCGA-24-0982","01","TCGA-24-0982-01A","TCGA-24-0982-01A-01R-1565-13","02d00dd6-708d-46a9-b885-d6d14eed564d.rna_seq.augmented_star_gene_counts.tsv",TRUE,TRUE,TRUE,TRUE,FALSE,"Item flagged DNU; Center QC failed","QC Warning- Expression quality metrics (e.g. 3-prime bias, high duplicate rate, genomic contamination, or low alignment rate) are well below average for this file, which should be used with caution, if at all, for expression analysis. However, other analyses, e.g. mutation and structural variant calling, may still give reliable result.; RNA-seq:LOW 5/3 COVERAGE RATIO","PRO_consensus","C3_profL","C5","MES","nonAngiogenic"
"TCGA-24-1104","01","TCGA-24-1104-01A","TCGA-24-1104-01A-01R-1565-13","57bfee10-7547-4a15-a774-23ea7e6cf5e9.rna_seq.augmented_star_gene_counts.tsv",TRUE,TRUE,TRUE,FALSE,TRUE,"Center QC failed; Item flagged DNU","RNA-seq:HIGH MITOCHONDRIAL CONTENT; QC Warning- Expression quality metrics (e.g. 3-prime bias, high duplicate rate, genomic contamination, or low alignment rate) are well below average for this file, which should be used with caution, if at all, for expression analysis. However, other analyses, e.g. mutation and structural variant calling, may still give reliable result.","DIF_consensus","C1_immL","C4","DIF","nonAngiogenic"
"TCGA-24-1105","01","TCGA-24-1105-01A","TCGA-24-1105-01A-01R-1565-13","c5318c3f-ea9a-421a-be7c-26fa120568c6.rna_seq.augmented_star_gene_counts.tsv",TRUE,TRUE,TRUE,FALSE,TRUE,"Item flagged DNU; Center QC failed","QC Warning- Expression quality metrics (e.g. 3-prime bias, high duplicate rate, genomic contamination, or low alignment rate) are well below average for this file, which should be used with caution, if at all, for expression analysis. However, other analyses, e.g. mutation and structural variant calling, may still give reliable result.; RNA-seq:HIGH MITOCHONDRIAL CONTENT","MES_consensus","C2_diffL","C5","DIF","nonAngiogenic"
"TCGA-24-1426","01","TCGA-24-1426-01A","TCGA-24-1426-01A-01R-1565-13","6ae5397f-2128-454e-bda8-c389d8e7ac05.rna_seq.augmented_star_gene_counts.tsv",TRUE,TRUE,TRUE,TRUE,TRUE,"Center QC failed; Item flagged DNU","RNA-seq:LOW 5/3 COVERAGE RATIO;HIGH MITOCHONDRIAL CONTENT; QC Warning- Expression quality metrics (e.g. 3-prime bias, high duplicate rate, genomic contamination, or low alignment rate) are well below average for this file, which should be used with caution, if at all, for expression analysis. However, other analyses, e.g. mutation and structural variant calling, may still give reliable result.","PRO_consensus","C2_diffL","C5","PRO","nonAngiogenic"
"TCGA-24-1431","01","TCGA-24-1431-01A","TCGA-24-1431-01A-01R-1566-13","f6e1478c-72b3-45ae-a328-bba09df4a0a5.rna_seq.augmented_star_gene_counts.tsv",TRUE,TRUE,TRUE,TRUE,FALSE,"Item flagged DNU; Center QC failed","QC Warning- Expression quality metrics (e.g. 3-prime bias, high duplicate rate, genomic contamination, or low alignment rate) are well below average for this file, which should be used with caution, if at all, for expression analysis. However, other analyses, e.g. mutation and structural variant calling, may still give reliable result.; RNA-seq:LOW 5/3 COVERAGE RATIO","DIF_consensus","C2_diffL","C4","DIF","nonAngiogenic"
"TCGA-24-1464","01","TCGA-24-1464-01A","TCGA-24-1464-01A-01R-1566-13","a437b3c5-4dce-41f1-a050-61055225ab47.rna_seq.augmented_star_gene_counts.tsv",TRUE,TRUE,TRUE,TRUE,FALSE,"Center QC failed; Item flagged DNU","RNA-seq:LOW 5/3 COVERAGE RATIO; QC Warning- Expression quality metrics (e.g. 3-prime bias, high duplicate rate, genomic contamination, or low alignment rate) are well below average for this file, which should be used with caution, if at all, for expression analysis. However, other analyses, e.g. mutation and structural variant calling, may still give reliable result.","IMR_consensus","C2_diffL","C5","IMR","nonAngiogenic"
"TCGA-24-1470","01","TCGA-24-1470-01A","TCGA-24-1470-01A-01R-1566-13","c3955ac8-3d67-448a-9cdd-683afd745ffa.rna_seq.augmented_star_gene_counts.tsv",TRUE,TRUE,TRUE,TRUE,FALSE,"Center QC failed; Item flagged DNU","RNA-seq:LOW 5/3 COVERAGE RATIO; QC Warning- Expression quality metrics (e.g. 3-prime bias, high duplicate rate, genomic contamination, or low alignment rate) are well below average for this file, which should be used with caution, if at all, for expression analysis. However, other analyses, e.g. mutation and structural variant calling, may still give reliable result.","IMR_consensus","C1_immL","C2","IMR","nonAngiogenic"
"TCGA-24-1471","01","TCGA-24-1471-01A","TCGA-24-1471-01A-01R-1566-13","a08f5098-e161-40dd-b807-216cf71ebcce.rna_seq.augmented_star_gene_counts.tsv",TRUE,TRUE,TRUE,FALSE,TRUE,"Center QC failed; Item flagged DNU","RNA-seq:HIGH MITOCHONDRIAL CONTENT; QC Warning- Expression quality metrics (e.g. 3-prime bias, high duplicate rate, genomic contamination, or low alignment rate) are well below average for this file, which should be used with caution, if at all, for expression analysis. However, other analyses, e.g. mutation and structural variant calling, may still give reliable result.","DIF_consensus","C2_diffL","C5","DIF","nonAngiogenic"
"TCGA-24-1565","01","TCGA-24-1565-01A","TCGA-24-1565-01A-01R-1566-13","d90d2b4f-8865-440d-a8b7-e0b7c947e095.rna_seq.augmented_star_gene_counts.tsv",TRUE,TRUE,TRUE,TRUE,TRUE,"Item flagged DNU; Center QC failed","QC Warning- Expression quality metrics (e.g. 3-prime bias, high duplicate rate, genomic contamination, or low alignment rate) are well below average for this file, which should be used with caution, if at all, for expression analysis. However, other analyses, e.g. mutation and structural variant calling, may still give reliable result.; RNA-seq:LOW 5/3 COVERAGE RATIO;HIGH MITOCHONDRIAL CONTENT","DIF_consensus","C1_immL","C4","DIF","nonAngiogenic"
"TCGA-24-1845","01","TCGA-24-1845-01A","TCGA-24-1845-01A-01R-1567-13","793b24af-b8e0-4ecd-a07a-5710a4cb67bc.rna_seq.augmented_star_gene_counts.tsv",TRUE,TRUE,TRUE,FALSE,TRUE,"Center QC failed; Item flagged DNU","RNA-seq:HIGH MITOCHONDRIAL CONTENT; QC Warning- Expression quality metrics (e.g. 3-prime bias, high duplicate rate, genomic contamination, or low alignment rate) are well below average for this file, which should be used with caution, if at all, for expression analysis. However, other analyses, e.g. mutation and structural variant calling, may still give reliable result.","DIF_consensus","C2_diffL","C4","DIF","nonAngiogenic"
"TCGA-24-1923","01","TCGA-24-1923-01A","TCGA-24-1923-01A-01R-1567-13","6f9bb9a5-b2d8-42c1-94fc-05eb778c1f0d.rna_seq.augmented_star_gene_counts.tsv",TRUE,TRUE,TRUE,TRUE,FALSE,"Item flagged DNU; Center QC failed","QC Warning- Expression quality metrics (e.g. 3-prime bias, high duplicate rate, genomic contamination, or low alignment rate) are well below average for this file, which should be used with caution, if at all, for expression analysis. However, other analyses, e.g. mutation and structural variant calling, may still give reliable result.; RNA-seq:LOW 5/3 COVERAGE RATIO","MES_consensus","C3_profL","C5","DIF","nonAngiogenic"
"TCGA-24-2280","01","TCGA-24-2280-01A","TCGA-24-2280-01A-01R-1568-13","37cd0a64-830c-417b-8df6-71408fa87ecd.rna_seq.augmented_star_gene_counts.tsv",TRUE,TRUE,TRUE,TRUE,FALSE,"Center QC failed; Item flagged DNU; Prior malignancy","RNA-seq:LOW 5/3 COVERAGE RATIO; QC Warning- Expression quality metrics (e.g. 3-prime bias, high duplicate rate, genomic contamination, or low alignment rate) are well below average for this file, which should be used with caution, if at all, for expression analysis. However, other analyses, e.g. mutation and structural variant calling, may still give reliable result.; [intgen.org]: Prior Malignancy","MES_consensus","C4_mescL","C1","MES","Angiogenic"
"TCGA-25-1877","01","TCGA-25-1877-01A","TCGA-25-1877-01A-01R-1567-13","5a59c958-9d85-4f7b-88ec-4a15a81dae28.rna_seq.augmented_star_gene_counts.tsv",TRUE,TRUE,TRUE,FALSE,FALSE,"Center QC failed; Item flagged DNU","RNA-seq:HIGH rRNA CONTENT; QC Warning- Expression quality metrics (e.g. 3-prime bias, high duplicate rate, genomic contamination, or low alignment rate) are well below average for this file, which should be used with caution, if at all, for expression analysis. However, other analyses, e.g. mutation and structural variant calling, may still give reliable result.","PRO_consensus","C3_profL","C5","PRO","nonAngiogenic"
"TCGA-29-1705","02","TCGA-29-1705-02A","TCGA-29-1705-02A-01R-1567-13","807a3beb-0dfc-42b6-9995-1c93b73ce349.rna_seq.augmented_star_gene_counts.tsv",TRUE,TRUE,TRUE,FALSE,FALSE,"Item is noncanonical; Center QC failed; Item flagged DNU; Item in special subset","Ovary Triplet; RNA-seq:HIGH rRNA CONTENT; QC Warning- Expression quality metrics (e.g. 3-prime bias, high duplicate rate, genomic contamination, or low alignment rate) are well below average for this file, which should be used with caution, if at all, for expression analysis. However, other analyses, e.g. mutation and structural variant calling, may still give reliable result.; This is part of the ovarian triplet set.","MES_consensus","C4_mescL","C1","MES","nonAngiogenic"
"TCGA-29-1707","02","TCGA-29-1707-02A","TCGA-29-1707-02A-01R-1567-13","299f99cd-e2df-4266-a488-4f8f48aa68d9.rna_seq.augmented_star_gene_counts.tsv",TRUE,TRUE,TRUE,FALSE,TRUE,"Center QC failed; Item flagged DNU; Item is noncanonical; Item in special subset","RNA-seq:HIGH MITOCHONDRIAL CONTENT; QC Warning- Expression quality metrics (e.g. 3-prime bias, high duplicate rate, genomic contamination, or low alignment rate) are well below average for this file, which should be used with caution, if at all, for expression analysis. However, other analyses, e.g. mutation and structural variant calling, may still give reliable result.; Ovary Triplet; This is part of the ovarian triplet set.","IMR_consensus","C2_diffL","C2","DIF","nonAngiogenic"
"TCGA-29-1768","01","TCGA-29-1768-01A","TCGA-29-1768-01A-01R-1567-13","36e1390b-65ee-499f-8247-df984c24547f.rna_seq.augmented_star_gene_counts.tsv",TRUE,TRUE,TRUE,FALSE,FALSE,"Center QC failed; Item flagged DNU","RNA-seq:INSUFFICIENT INPUT MATERIAL,LOW SEQUENCE YIELD/DIVERSITY; QC Warning- Expression quality metrics (e.g. 3-prime bias, high duplicate rate, genomic contamination, or low alignment rate) are well below average for this file, which should be used with caution, if at all, for expression analysis. However, other analyses, e.g. mutation and structural variant calling, may still give reliable result.","MES_consensus","C4_mescL","C1","MES","Angiogenic"
"TCGA-29-1769","01","TCGA-29-1769-01A","TCGA-29-1769-01A-01R-1567-13","7d14ddef-7a1b-4515-9536-3fc4a9b85702.rna_seq.augmented_star_gene_counts.tsv",TRUE,TRUE,TRUE,TRUE,FALSE,"Center QC failed; Item flagged DNU","RNA-seq:LOW 5/3 COVERAGE RATIO; QC Warning- Expression quality metrics (e.g. 3-prime bias, high duplicate rate, genomic contamination, or low alignment rate) are well below average for this file, which should be used with caution, if at all, for expression analysis. However, other analyses, e.g. mutation and structural variant calling, may still give reliable result.","IMR_consensus","C4_mescL","C4","IMR","nonAngiogenic"
"TCGA-29-1774","01","TCGA-29-1774-01A","TCGA-29-1774-01A-01R-1567-13","23d2011e-aab7-4dda-b818-55d6fa86503b.rna_seq.augmented_star_gene_counts.tsv",TRUE,TRUE,TRUE,FALSE,FALSE,"Center QC failed; Item flagged DNU","RNA-seq:HIGH rRNA CONTENT; QC Warning- Expression quality metrics (e.g. 3-prime bias, high duplicate rate, genomic contamination, or low alignment rate) are well below average for this file, which should be used with caution, if at all, for expression analysis. However, other analyses, e.g. mutation and structural variant calling, may still give reliable result.","PRO_consensus","C3_profL","C5","PRO","nonAngiogenic"
"TCGA-29-1777","01","TCGA-29-1777-01A","TCGA-29-1777-01A-01R-1567-13","8a7a4704-c698-4291-ba48-207895898a40.rna_seq.augmented_star_gene_counts.tsv",TRUE,TRUE,TRUE,FALSE,FALSE,"Item flagged DNU; Center QC failed","QC Warning- Expression quality metrics (e.g. 3-prime bias, high duplicate rate, genomic contamination, or low alignment rate) are well below average for this file, which should be used with caution, if at all, for expression analysis. However, other analyses, e.g. mutation and structural variant calling, may still give reliable result.; RNA-seq:INSUFFICIENT INPUT MATERIAL,LOW SEQUENCE YIELD/DIVERSITY","IMR_consensus","C4_mescL","C1","MES","nonAngiogenic"
"TCGA-30-1714","01","TCGA-30-1714-01A","TCGA-30-1714-01A-02R-1567-13","86f6b100-9d37-4a8a-b3c5-03ec17f83559.rna_seq.augmented_star_gene_counts.tsv",TRUE,TRUE,TRUE,TRUE,FALSE,"Center QC failed; Item flagged DNU","RNA-seq:LOW 5/3 COVERAGE RATIO; QC Warning- Expression quality metrics (e.g. 3-prime bias, high duplicate rate, genomic contamination, or low alignment rate) are well below average for this file, which should be used with caution, if at all, for expression analysis. However, other analyses, e.g. mutation and structural variant calling, may still give reliable result.","DIF_consensus","C2_diffL","C4","PRO","nonAngiogenic"
"TCGA-30-1853","01","TCGA-30-1853-01A","TCGA-30-1853-01A-02R-1567-13","40578293-a4b2-449e-bcdb-f6ae9bfbc3e2.rna_seq.augmented_star_gene_counts.tsv",TRUE,TRUE,TRUE,TRUE,FALSE,"Item flagged DNU; Center QC failed","QC Warning- Expression quality metrics (e.g. 3-prime bias, high duplicate rate, genomic contamination, or low alignment rate) are well below average for this file, which should be used with caution, if at all, for expression analysis. However, other analyses, e.g. mutation and structural variant calling, may still give reliable result.; RNA-seq:INSUFFICIENT INPUT MATERIAL,LOW SEQUENCE YIELD/DIVERSITY;LOW 5/3 COVERAGE RATIO","PRO_consensus","C3_profL","C5","PRO","nonAngiogenic"
"TCGA-30-1857","01","TCGA-30-1857-01A","TCGA-30-1857-01A-02R-1569-13","c3482424-68d5-43cd-a75c-a1cefa68e6d0.rna_seq.augmented_star_gene_counts.tsv",TRUE,TRUE,TRUE,FALSE,FALSE,"Item flagged DNU; Center QC failed","QC Warning- Expression quality metrics (e.g. 3-prime bias, high duplicate rate, genomic contamination, or low alignment rate) are well below average for this file, which should be used with caution, if at all, for expression analysis. However, other analyses, e.g. mutation and structural variant calling, may still give reliable result.; mRNA-seq: LOW 5'/3' COVERAGE RATIO","MES_consensus","C4_mescL","C1","DIF","nonAngiogenic"
"TCGA-30-1866","01","TCGA-30-1866-01A","TCGA-30-1866-01A-02R-1568-13","4f1e300b-a17e-4226-ab42-802c382ac826.rna_seq.augmented_star_gene_counts.tsv",TRUE,TRUE,TRUE,TRUE,FALSE,"Center QC failed; Item flagged DNU","RNA-seq:LOW 5/3 COVERAGE RATIO; QC Warning- Expression quality metrics (e.g. 3-prime bias, high duplicate rate, genomic contamination, or low alignment rate) are well below average for this file, which should be used with caution, if at all, for expression analysis. However, other analyses, e.g. mutation and structural variant calling, may still give reliable result.","IMR_consensus","C1_immL","C4","IMR","nonAngiogenic"
"TCGA-30-1892","01","TCGA-30-1892-01A","TCGA-30-1892-01A-01R-1568-13","24fb0a8d-34f2-4cac-9b8c-03c2503a34fd.rna_seq.augmented_star_gene_counts.tsv",TRUE,TRUE,TRUE,FALSE,FALSE,"Center QC failed; Item flagged DNU","RNA-seq:INSUFFICIENT INPUT MATERIAL,LOW SEQUENCE YIELD/DIVERSITY; QC Warning- Expression quality metrics (e.g. 3-prime bias, high duplicate rate, genomic contamination, or low alignment rate) are well below average for this file, which should be used with caution, if at all, for expression analysis. However, other analyses, e.g. mutation and structural variant calling, may still give reliable result.","MES_consensus","C4_mescL","C1","MES","nonAngiogenic"
"TCGA-57-1586","01","TCGA-57-1586-01A","TCGA-57-1586-01A-02R-1567-13","71425fe1-3503-4f0b-bcb0-2a35cdea4b0e.rna_seq.augmented_star_gene_counts.tsv",TRUE,TRUE,TRUE,FALSE,TRUE,"Center QC failed; Item flagged DNU","RNA-seq:HIGH MITOCHONDRIAL CONTENT; QC Warning- Expression quality metrics (e.g. 3-prime bias, high duplicate rate, genomic contamination, or low alignment rate) are well below average for this file, which should be used with caution, if at all, for expression analysis. However, other analyses, e.g. mutation and structural variant calling, may still give reliable result.","DIF_consensus","C2_diffL","C4","DIF","nonAngiogenic"
"TCGA-61-1911","01","TCGA-61-1911-01A","TCGA-61-1911-01A-01R-1567-13","d421a512-b1d2-4275-9374-b579352abb25.rna_seq.augmented_star_gene_counts.tsv",TRUE,TRUE,TRUE,TRUE,FALSE,"Center QC failed; Item flagged DNU","RNA-seq:INSUFFICIENT INPUT MATERIAL,LOW SEQUENCE YIELD/DIVERSITY;LOW 5/3 COVERAGE RATIO; QC Warning- Expression quality metrics (e.g. 3-prime bias, high duplicate rate, genomic contamination, or low alignment rate) are well below average for this file, which should be used with caution, if at all, for expression analysis. However, other analyses, e.g. mutation and structural variant calling, may still give reliable result.","IMR_consensus","C1_immL","C2","IMR","nonAngiogenic"
