"sample","assigned_subtype","max_score","DIF","IMR","MES","PRO"
"8fd3c3ec-c5c5-4ded-bcbb-387ddc1ba5f7.rna_seq.augmented_star_gene_counts.tsv","IMR",0.574629470325991,0.504055807821445,0.574629470325991,0.450775964324952,0.500672326439742
"c42ab178-9ded-405c-8eab-69583c4b1ad0.rna_seq.augmented_star_gene_counts.tsv","PRO",0.854328974334602,0.0904455614379821,0.191036782248461,0.474345399910221,0.854328974334602
"04eeb9f5-2fd6-4df3-ade8-cdb8d77f4273.rna_seq.augmented_star_gene_counts.tsv","IMR",0.871454740366801,0.784113438300352,0.871454740366801,0.463092506592428,0.194654758780339
"a14ac53b-7e97-46f3-9dce-41a2a9010f17.rna_seq.augmented_star_gene_counts.tsv","PRO",0.755153681211705,0.374464602641393,0.608515968335208,0.499655207820426,0.755153681211705
"d6326578-95eb-4f9e-967c-47fb32c04166.rna_seq.augmented_star_gene_counts.tsv","IMR",0.813822667616983,0.58597077676264,0.813822667616983,0.3795978988928,0.333365371036178
"a761adf7-b265-4d1d-90be-82dbfd776e45.rna_seq.augmented_star_gene_counts.tsv","DIF",0.737460987921198,0.737460987921198,0.579947905001103,0.580972370532756,0.256878072506336
"86e119a6-1c89-4a1d-9823-2fb95e180ea8.rna_seq.augmented_star_gene_counts.tsv","MES",0.39822865237524,0.301077317375371,0.373025893555755,0.39822865237524,0.363682746110786
"d6c55f59-f1cd-48bf-9628-94fcfb867bff.rna_seq.augmented_star_gene_counts.tsv","IMR",0.812210084575839,0.712678629929607,0.812210084575839,0.539980277494618,0.273230827955145
"b6bc859c-c245-47ba-9c47-92c1c33d42c8.rna_seq.augmented_star_gene_counts.tsv","IMR",0.539705320047105,0.534548578095739,0.539705320047105,0.332870607801459,0.375450027536474
"98990aa6-30f1-4a05-aecb-a13b907c2f57.rna_seq.augmented_star_gene_counts.tsv","PRO",0.655670277546153,0.479604664611689,0.537183394015652,0.491733443740961,0.655670277546153
"7d8d9d6c-b701-4eda-8e36-c36ca7c90903.rna_seq.augmented_star_gene_counts.tsv","IMR",0.896458523909844,0.813221639073414,0.896458523909844,0.353275384687382,0
"84e6a0b4-7a1f-4a9a-80b7-b59c6d2132c2.rna_seq.augmented_star_gene_counts.tsv","DIF",0.685141708537254,0.685141708537254,0.294978119624385,0.339292076205504,0.496441825220993
"07325efb-fcf8-49b0-8df5-7f403304d90f.rna_seq.augmented_star_gene_counts.tsv","PRO",0.775900601256711,0.290568732399162,0.391737523792948,0.537588909259305,0.775900601256711
"2d7f98e2-8e4c-48aa-9c87-e9953e952689.rna_seq.augmented_star_gene_counts.tsv","DIF",0.677748213276584,0.677748213276584,0.607914829779739,0.602204674209207,0.503177824234377
"8b8765b7-07af-45c1-8aaa-d9facff1b04b.rna_seq.augmented_star_gene_counts.tsv","IMR",0.61409818532927,0.40349973330121,0.61409818532927,0.355265842727482,0.47305219752265
"a0361246-7cde-47eb-938d-53b0e2bf236d.rna_seq.augmented_star_gene_counts.tsv","DIF",0.681955385717129,0.681955385717129,0.354629721432448,0.459015568059369,0.564427202691317
"988097d1-159e-415a-9ecd-4bf197308e2c.rna_seq.augmented_star_gene_counts.tsv","DIF",0.831463345752227,0.831463345752227,0.536933345090931,0.408810037090092,0.360232392557704
"e827cb1c-e6f7-4746-b19e-f705c2de32bd.rna_seq.augmented_star_gene_counts.tsv","PRO",0.953824586012615,0.0165422348635943,0.060837471469055,0.517844310623249,0.953824586012615
"be31437e-d2d6-4e6b-99e0-42ddb5a4359d.rna_seq.augmented_star_gene_counts.tsv","IMR",0.715593042861264,0.545340608955763,0.715593042861264,0.405208513553538,0.370478978582784
"cb9a0bb7-64d1-4fc6-9c3c-6f8ec74e0942.rna_seq.augmented_star_gene_counts.tsv","PRO",0.855916584378264,0.293466243962245,0.119446483159197,0.454544419043119,0.855916584378264
"d90d2b4f-8865-440d-a8b7-e0b7c947e095.rna_seq.augmented_star_gene_counts.tsv","DIF",0.795725584864036,0.795725584864036,0.613241206917845,0.105542675294546,0.030724392338509
"24ffd67a-b772-47de-a41b-eaa68078ad0e.rna_seq.augmented_star_gene_counts.tsv","IMR",0.824023358058636,0.518283619043114,0.824023358058636,0.592220768861589,0.398949199060815
"0c7faca1-6f1b-4e49-ad84-c56738f1a2e7.rna_seq.augmented_star_gene_counts.tsv","PRO",0.540059011412926,0.303077732346221,0.375725842123859,0.326250079961706,0.540059011412926
"f0734d35-0a0c-4753-998c-95af43501b85.rna_seq.augmented_star_gene_counts.tsv","PRO",0.643018814607249,0.527030444715335,0.543579852836178,0.435682703117179,0.643018814607249
"a5155edd-d3d9-4df0-9877-7112869c9e80.rna_seq.augmented_star_gene_counts.tsv","PRO",0.843535496521898,0.160736877836947,0.402790984237063,0.249741046744198,0.843535496521898
"93831282-1dd1-49a3-acd7-dae2a49ca62e.rna_seq.augmented_star_gene_counts.tsv","PRO",0.808763793284867,0.443998455059784,0.277685487142046,0.54403795992676,0.808763793284867
"95493f7f-1071-44c5-b007-0dd5b8637c29.rna_seq.augmented_star_gene_counts.tsv","DIF",0.844281670483332,0.844281670483332,0.510314565325483,0.311418030635884,0.207132618053783
"2e676476-647d-4f26-ab87-d4892fe59dd2.rna_seq.augmented_star_gene_counts.tsv","IMR",0.709754212418158,0.51375220768756,0.709754212418158,0.363297359764918,0.453656114434508
"42165baf-b32c-4fc4-8b04-29c5b4e76de0.rna_seq.augmented_star_gene_counts.tsv","DIF",0.64488409145213,0.64488409145213,0.430046571770675,0.623505717414187,0.40445397951161
"aaf2267a-f643-46a5-809e-f86adec2b915.rna_seq.augmented_star_gene_counts.tsv","PRO",0.820763810953459,0.291883958266565,0.0818651893091923,0.348628343816715,0.820763810953459
"517eb355-1a15-4344-9f99-d5f3c461d2ef.rna_seq.augmented_star_gene_counts.tsv","PRO",0.686342811900706,0.608365434391001,0.559467467170276,0.65721774600558,0.686342811900706
"ce71f558-2289-42ed-a6fa-d335cbc4eae5.rna_seq.augmented_star_gene_counts.tsv","PRO",0.669056351297033,0.457428609873056,0.625833554840409,0.548967439121235,0.669056351297033
"2c3df990-5540-462f-b852-c94242e3868d.rna_seq.augmented_star_gene_counts.tsv","IMR",0.66537992709864,0.513307671422706,0.66537992709864,0.621429427243822,0.385267356971107
"8ab508b9-2993-4e66-b8f9-81e32e936d4a.rna_seq.augmented_star_gene_counts.tsv","PRO",0.736121249226465,0.425905273612623,0.269510299318873,0.498121668820853,0.736121249226465
"31f82383-f710-4d46-8db5-b59ee094d74a.rna_seq.augmented_star_gene_counts.tsv","IMR",0.656407206940035,0.582868923463176,0.656407206940035,0.275580220117805,0.533290051326
"e77ccd7a-1dda-4c03-bf50-08b5df2b66e7.rna_seq.augmented_star_gene_counts.tsv","DIF",0.748395191267941,0.748395191267941,0.672563862125437,0.560851568714659,0.361688396425673
"a058327f-14ee-4870-8c31-3850f420d312.rna_seq.augmented_star_gene_counts.tsv","PRO",0.869622973533415,0.338640420531525,0.133710620379182,0.599279076254966,0.869622973533415
"524a6f24-3903-46f1-ae2e-eb83a522a0c0.rna_seq.augmented_star_gene_counts.tsv","IMR",0.75234320791141,0.744806812790108,0.75234320791141,0.375090129394043,0.415740029935236
"984c9d22-35ae-4d5e-a506-30ef69568d46.rna_seq.augmented_star_gene_counts.tsv","DIF",0.859232995858191,0.859232995858191,0.626555437641348,0.50629660800422,0.103933024838412
"615dafd3-130a-4a7c-9e27-a3632c2be831.rna_seq.augmented_star_gene_counts.tsv","DIF",0.750688710853347,0.750688710853347,0.378863190318821,0.298868078673265,0.396859881318343
"8b38327a-d165-473f-bc49-2d28305e9689.rna_seq.augmented_star_gene_counts.tsv","IMR",0.747159998046781,0.317553473128005,0.747159998046781,0.60930516769675,0.573986784478548
"2b584a37-d6c1-41f9-98b4-1592ac54a82b.rna_seq.augmented_star_gene_counts.tsv","MES",0.779339403522042,0.641626672464636,0.685418568130986,0.779339403522042,0.503857238432281
"bfcea1b8-fb75-4e7b-972b-620d9f1fc3bb.rna_seq.augmented_star_gene_counts.tsv","PRO",0.714907085412059,0.517709835261882,0.425261626448797,0.56527069086847,0.714907085412059
"5a59c958-9d85-4f7b-88ec-4a15a81dae28.rna_seq.augmented_star_gene_counts.tsv","PRO",0.909499482941034,0.0104550338325712,0.518490152593262,0.532415669056111,0.909499482941034
"318db280-feca-4c65-aaad-a4942357507f.rna_seq.augmented_star_gene_counts.tsv","PRO",0.711502404983372,0.561164064669126,0.592547015258673,0.491050949771443,0.711502404983372
"19fb1859-5fb2-443a-a8ea-d3dd9f5e50b9.rna_seq.augmented_star_gene_counts.tsv","DIF",0.756359092423673,0.756359092423673,0.46395165708876,0.280714900055906,0.156555789101553
"02f79514-91bb-4a31-91bc-9c53edd6fef1.rna_seq.augmented_star_gene_counts.tsv","DIF",0.882752559377952,0.882752559377952,0.838004028828462,0.559314575822541,0.121470496903876
"04bfa099-3ca5-4db7-ac00-5d0e32744621.rna_seq.augmented_star_gene_counts.tsv","PRO",0.786306013984354,0.296015775501171,0.616458832990234,0.467174964612768,0.786306013984354
"def689ea-33c2-40fb-bad7-709d4aa13def.rna_seq.augmented_star_gene_counts.tsv","IMR",0.76248118318467,0.487595171158574,0.76248118318467,0.334896602270269,0.546764347780527
"c4e36c8b-6250-4784-bc08-75b7d2549b94.rna_seq.augmented_star_gene_counts.tsv","IMR",0.773557733981577,0.365453876694226,0.773557733981577,0.465726071352746,0.538933587998136
"bb5d75c1-c4fb-440f-8f09-0be3dd6b7daf.rna_seq.augmented_star_gene_counts.tsv","MES",0.709915598873489,0.615954364094837,0.465631184411405,0.709915598873489,0.662712161145355
"987381dd-ab88-40a1-ade8-e4e3c06ee8a4.rna_seq.augmented_star_gene_counts.tsv","DIF",0.627885395292901,0.627885395292901,0.567896705962532,0.450928260487847,0.192435398418621
"3c94176b-696a-453b-b80a-e7d9e3ee91f8.rna_seq.augmented_star_gene_counts.tsv","PRO",0.901680392873421,0.168599226131431,0.462046238874343,0.55840095997923,0.901680392873421
"bba3e52a-fb3f-4339-9969-07f40425e711.rna_seq.augmented_star_gene_counts.tsv","MES",0.753918970108806,0.522014506269992,0.633644281637499,0.753918970108806,0.472154685764046
"8326bd93-55f7-49be-a164-edfb435de3b5.rna_seq.augmented_star_gene_counts.tsv","IMR",0.539655421641793,0.418943035432586,0.539655421641793,0.27815770904083,0.539590429597874
"9d007b37-ba7a-4e85-af1f-1c8aeadda990.rna_seq.augmented_star_gene_counts.tsv","MES",0.622079216289047,0.485625871347361,0.507072922145449,0.622079216289047,0.461101540686869
"86274ce9-71ad-45a7-88c4-956a1d8bce61.rna_seq.augmented_star_gene_counts.tsv","MES",0.781242637607788,0.515629572627724,0.520205014197831,0.781242637607788,0.647550743265629
"59fc9086-4b11-4e79-9b53-026e9e9fba53.rna_seq.augmented_star_gene_counts.tsv","IMR",0.643466017001896,0.513742108511282,0.643466017001896,0.409686420686579,0.31374558849655
"35f04f9f-3756-4d8d-858f-b49c4c94d4bd.rna_seq.augmented_star_gene_counts.tsv","IMR",0.688764344552218,0.661805372127873,0.688764344552218,0.455808893660513,0.424149445103995
"e11fea69-ccfa-4175-9184-bca06a4adbf8.rna_seq.augmented_star_gene_counts.tsv","PRO",0.761860629044275,0.314054674270242,0.265816417607486,0.635884792617867,0.761860629044275
"d41c8245-bc6e-42e5-ad70-58a3ebd5546b.rna_seq.augmented_star_gene_counts.tsv","PRO",0.64386112313467,0.565226275615558,0.400452607333835,0.329639412769037,0.64386112313467
"ca7a912e-f2d1-455f-8b5f-3104cc02ac9e.rna_seq.augmented_star_gene_counts.tsv","DIF",0.886509945787593,0.886509945787593,0.386492030142089,0.544363547221054,0.469741447069825
"32d18d49-fe09-4929-a5f6-34150f155c3e.rna_seq.augmented_star_gene_counts.tsv","DIF",0.644785523034475,0.644785523034475,0.46843900345199,0.370850939740486,0.352079621310374
"920bd9a2-a731-4cb2-874f-14cf09d0d01f.rna_seq.augmented_star_gene_counts.tsv","IMR",0.742182479308061,0.549015120594172,0.742182479308061,0.581182370703226,0.581587671523729
"43c987b0-278d-49c9-a332-8cfcc9bdb05a.rna_seq.augmented_star_gene_counts.tsv","PRO",0.975307281208877,0.159379687451216,0.0246803483564691,0.332026469392787,0.975307281208877
"ebf7da61-9344-4a92-8b51-05ec9a19a222.rna_seq.augmented_star_gene_counts.tsv","DIF",0.817340246985014,0.817340246985014,0.324395982213554,0.021841042917055,0.0529565391500003
"207cda7f-138a-4ae2-a6fd-90a003a94073.rna_seq.augmented_star_gene_counts.tsv","PRO",0.549228700851534,0.479494423867858,0.341123814724638,0.543761019203061,0.549228700851534
"872f7c22-17e4-4940-809b-a0970fde369b.rna_seq.augmented_star_gene_counts.tsv","IMR",0.702848208250882,0.578819123989867,0.702848208250882,0.550368579489169,0.494384006031287
"95c5928f-acf9-4833-b63c-ad53bfd24ac2.rna_seq.augmented_star_gene_counts.tsv","DIF",0.669291142555079,0.669291142555079,0.57400095381484,0.429987865136329,0.452181380137548
"fa7a010e-704d-4b55-b1ee-a6a369ef74b4.rna_seq.augmented_star_gene_counts.tsv","MES",0.75149406005172,0.512516806844569,0.49147946122294,0.75149406005172,0.44501959051033
"921df567-b883-4f95-ac75-7c63521b5a95.rna_seq.augmented_star_gene_counts.tsv","PRO",0.617186177114328,0.464045012739511,0.538232798942991,0.460234584458604,0.617186177114328
"2c5a90ae-67c6-46de-b865-1dde61e976bd.rna_seq.augmented_star_gene_counts.tsv","PRO",0.63576053310134,0.231619082628661,0.408902457444138,0.388716077860366,0.63576053310134
"511b6838-b0e6-41c3-8c47-6c0dcbf35393.rna_seq.augmented_star_gene_counts.tsv","IMR",0.796490035678641,0.615679693666828,0.796490035678641,0.313857841474326,0.211034154878671
"ae54a97a-d99d-4d76-b718-8cc61714b767.rna_seq.augmented_star_gene_counts.tsv","DIF",0.804814576190954,0.804814576190954,0.475429252245396,0.519483500214513,0.167015308597389
"bba445df-c6f7-4257-9093-d4ea69db84a3.rna_seq.augmented_star_gene_counts.tsv","IMR",0.665074440228258,0.528952632593933,0.665074440228258,0.408917145542462,0.428638881720354
"d563b5ea-0724-4d07-9b31-9713d6edd332.rna_seq.augmented_star_gene_counts.tsv","DIF",0.854169920759177,0.854169920759177,0.129969092483758,0,0.171237434140902
"6ac60ab5-8d16-4e62-9122-0b4d796b9bc0.rna_seq.augmented_star_gene_counts.tsv","MES",0.711863034444486,0.447543336575249,0.552343272313793,0.711863034444486,0.629848137933956
"fa8ad93c-f08b-4227-9be1-419b5353b160.rna_seq.augmented_star_gene_counts.tsv","IMR",0.799927728323178,0.438046137861831,0.799927728323178,0.318667058723532,0.667459777135739
"980e31f1-5128-485e-befe-f68e1df82adb.rna_seq.augmented_star_gene_counts.tsv","MES",0.763549892261382,0.564361626373677,0.749201002247702,0.763549892261382,0.468767920690361
"e4d2a83e-41fd-44b4-9d2d-80cb3617cfdd.rna_seq.augmented_star_gene_counts.tsv","MES",0.842786490975713,0.633917989237675,0.761983499060191,0.842786490975713,0.55664148429909
"34e59c84-b0d2-4373-9a9c-b265b828631e.rna_seq.augmented_star_gene_counts.tsv","IMR",0.838582068164024,0.443834530964712,0.838582068164024,0.187611083687603,0.309183535757287
"07742557-d413-4ab1-a624-6a003ba346be.rna_seq.augmented_star_gene_counts.tsv","DIF",0.729227711331954,0.729227711331954,0.685090521306205,0.548529874539913,0.245696649942454
"ecd6ce37-bdda-445f-b855-bc00794f03b1.rna_seq.augmented_star_gene_counts.tsv","IMR",0.701658770154841,0.381874692884883,0.701658770154841,0.519520583630224,0.425522193267855
"41f62365-a65b-4a80-aaab-323f676f67d9.rna_seq.augmented_star_gene_counts.tsv","DIF",0.817693773029042,0.817693773029042,0.677014485789885,0.524801307389344,0.255788391363288
"2e844d1a-874f-4972-820e-1d4f89575463.rna_seq.augmented_star_gene_counts.tsv","IMR",0.812646473768078,0.619935387327348,0.812646473768078,0.364540924343099,0.402044220070712
"87d7f834-2064-4e3b-9c41-8fbff133f285.rna_seq.augmented_star_gene_counts.tsv","IMR",0.695367595241208,0.60333158764412,0.695367595241208,0.527069977694794,0.593572323670749
"d1cc1450-ae0d-42ea-b45f-dd4f8bcbd399.rna_seq.augmented_star_gene_counts.tsv","DIF",0.695551857433054,0.695551857433054,0.629285321774297,0.360901849056658,0.243710575097632
"59b900d7-691a-423c-a590-cc9e1f0735dc.rna_seq.augmented_star_gene_counts.tsv","MES",0.701657954070334,0.546233379365066,0.394354407462234,0.701657954070334,0.564887762536607
"4e56c9e5-1d7e-4329-96b3-1825863e4fc0.rna_seq.augmented_star_gene_counts.tsv","IMR",0.74715166716437,0.636458373538751,0.74715166716437,0.326553789941621,0.47199912732755
"c1727ac9-43ce-4f5f-b785-7d9f85f944bb.rna_seq.augmented_star_gene_counts.tsv","IMR",0.799075667306502,0.562269699727231,0.799075667306502,0.493055040775283,0.398891558717615
"2e2a3b0d-9b35-47ef-bfa8-98c2519cff9c.rna_seq.augmented_star_gene_counts.tsv","IMR",0.779003304986243,0.529001137386367,0.779003304986243,0.718124941118008,0.321114503773723
"3f97103b-9c36-40df-b3d3-88e9b118f5ce.rna_seq.augmented_star_gene_counts.tsv","MES",0.820152538016794,0.621436473932522,0.547163939895015,0.820152538016794,0.502561011608398
"8a8dab8f-000a-46bc-9e8e-de80237aed4c.rna_seq.augmented_star_gene_counts.tsv","PRO",0.726498499135344,0.624215200527653,0.513166906557421,0.347994498209787,0.726498499135344
"791c5e20-ea2c-483e-b409-bea457466497.rna_seq.augmented_star_gene_counts.tsv","IMR",0.761439619374406,0.436578704178127,0.761439619374406,0.48484510710077,0.504765149208296
"e790bff9-6d2d-48b7-af55-b1029378322e.rna_seq.augmented_star_gene_counts.tsv","MES",0.720959981936142,0.704919223115404,0.719569112577643,0.720959981936142,0.499140242037665
"774c4255-87c8-4e0d-9f23-64ac32174a82.rna_seq.augmented_star_gene_counts.tsv","PRO",0.767105094971997,0.295226594003846,0.0546533269550548,0.146007936578605,0.767105094971997
"7d14ddef-7a1b-4515-9536-3fc4a9b85702.rna_seq.augmented_star_gene_counts.tsv","IMR",0.656692484987098,0.517089160463681,0.656692484987098,0.564332916234444,0.412593697475126
"9b68eedc-cd12-4d48-865c-d69aec556dd4.rna_seq.augmented_star_gene_counts.tsv","IMR",0.90459121960727,0.697683540240039,0.90459121960727,0.438027370523287,0.0954691779111353
"f0cdf1bd-137e-42cf-a98f-dc9dd37ae19d.rna_seq.augmented_star_gene_counts.tsv","DIF",0.85208131897457,0.85208131897457,0.553418960448844,0.613945581219775,0.213385285934326
"57bfee10-7547-4a15-a774-23ea7e6cf5e9.rna_seq.augmented_star_gene_counts.tsv","DIF",0.981955233493698,0.981955233493698,0.667378021072703,0.416519325534757,0.1030948809116
"d0f28c51-328f-4573-a872-a3ef811d18ca.rna_seq.augmented_star_gene_counts.tsv","IMR",0.608034544978708,0.536674984869634,0.608034544978708,0.318541483675766,0.311924963235062
"36e1390b-65ee-499f-8247-df984c24547f.rna_seq.augmented_star_gene_counts.tsv","MES",0.857389551575445,0.495604601532726,0.732825899270115,0.857389551575445,0.397635062801138
"73fb7bab-b6f9-4411-a0f2-48f884eb5679.rna_seq.augmented_star_gene_counts.tsv","IMR",0.671108207925519,0.658070579733176,0.671108207925519,0.655345718246459,0.453920164209327
"c6996478-e874-456e-ad0c-296658d8baa2.rna_seq.augmented_star_gene_counts.tsv","MES",0.715786284280129,0.395032412327595,0.649220077581495,0.715786284280129,0.439958954182887
"0f3919e2-e4d0-4394-9cba-88b8653694a0.rna_seq.augmented_star_gene_counts.tsv","PRO",0.648099529047399,0.478610143393596,0.171305492677576,0.362462302227253,0.648099529047399
"25ff83ac-f657-473a-a0d0-fd5e98e2f691.rna_seq.augmented_star_gene_counts.tsv","MES",0.733159462824527,0.565522041298968,0.713172158267033,0.733159462824527,0.64506515555886
"ff23c7dc-14a8-43a4-a00b-3bafdc645e46.rna_seq.augmented_star_gene_counts.tsv","DIF",0.703674144954203,0.703674144954203,0.674510126425252,0.574974566767059,0.383781541478908
"24de03d9-8635-4173-ad2b-08d01f7ff27f.rna_seq.augmented_star_gene_counts.tsv","PRO",0.815659753504776,0.208318066754153,0.198418485493995,0.472839995504258,0.815659753504776
"cfdb5780-7a6a-41ec-80f6-1405a06ba81d.rna_seq.augmented_star_gene_counts.tsv","PRO",0.760110217957776,0.353191103685614,0.46219902085038,0.269468873753969,0.760110217957776
"f3aafcfa-9e92-4d07-905c-c9b4fdd276c0.rna_seq.augmented_star_gene_counts.tsv","IMR",0.73114917359763,0.335255149691107,0.73114917359763,0.538838918337881,0.434091267003668
"962fb836-bac4-4da3-8705-fe9a5cacde8e.rna_seq.augmented_star_gene_counts.tsv","MES",0.875092750068932,0.514227825608688,0.579254770065643,0.875092750068932,0.79972585115603
"d936e585-e711-48ec-955f-ef3dc5ca7353.rna_seq.augmented_star_gene_counts.tsv","MES",0.832407069912684,0.425070534254094,0.672918631306807,0.832407069912684,0.782705116315939
"c18d6e53-5ede-44c8-a80a-0b961d59a094.rna_seq.augmented_star_gene_counts.tsv","MES",0.834333665868472,0.718680908091289,0.689911702229507,0.834333665868472,0.471076467515265
"c0b634eb-856b-491e-ab86-3088950176d9.rna_seq.augmented_star_gene_counts.tsv","PRO",0.652045969459693,0.512467992420248,0.651735245837448,0.513131762266898,0.652045969459693
"bbb907c3-ad29-4255-9b4c-764d052db122.rna_seq.augmented_star_gene_counts.tsv","PRO",0.575407229354475,0.486593698299772,0.485783093058427,0.400639939503943,0.575407229354475
"c0e46d22-7732-4048-b5e9-7e631f7a797a.rna_seq.augmented_star_gene_counts.tsv","DIF",0.720531871094913,0.720531871094913,0.61634229418009,0.492915122826904,0.297669491776056
"391b894d-7639-4e12-97f1-e189233505ff.rna_seq.augmented_star_gene_counts.tsv","PRO",0.780130253529331,0.253512300703224,0.209643182901071,0.404868194090083,0.780130253529331
"fcd1465c-ddbb-438c-81c9-9be12b5327af.rna_seq.augmented_star_gene_counts.tsv","DIF",0.881105961857622,0.881105961857622,0.679612272676962,0.107368189275818,0.0921765326033346
"7a647483-f972-492c-972d-63b7eff7beff.rna_seq.augmented_star_gene_counts.tsv","PRO",0.572621835435336,0.544870383854022,0.553279501602598,0.270826488215248,0.572621835435336
"7bac05ec-f793-4b99-b1d1-c848f0c69b60.rna_seq.augmented_star_gene_counts.tsv","IMR",0.658536233462411,0.614628401485945,0.658536233462411,0.578999706204595,0.42614860950424
"cf8f83cf-db75-479f-8f27-f0d74f262c91.rna_seq.augmented_star_gene_counts.tsv","DIF",0.855134532007279,0.855134532007279,0.542112619721793,0.727337611372658,0.382931133514038
"253e8a92-35ff-45b4-bf43-8f52d62ca993.rna_seq.augmented_star_gene_counts.tsv","MES",0.763060859696731,0.563168938104893,0.677665092178079,0.763060859696731,0.330413754020108
"85db4a2d-ca76-4a24-8f69-c4ae6a781879.rna_seq.augmented_star_gene_counts.tsv","PRO",0.901971672561012,0.36605520816454,0.130642358661846,0.424203242589137,0.901971672561012
"bc3bc9f5-e99c-4384-a528-5dc71d1a5a19.rna_seq.augmented_star_gene_counts.tsv","DIF",0.747918070749965,0.747918070749965,0.427681505750717,0.40045061741273,0.501758469848992
"80fe180c-eb5d-4f12-88fb-112e36a48e46.rna_seq.augmented_star_gene_counts.tsv","PRO",0.651120230104701,0.589890032081566,0.313327789562269,0.25993162911383,0.651120230104701
"be93160b-4c67-48f1-8bdf-23d29b8c815d.rna_seq.augmented_star_gene_counts.tsv","PRO",0.962366844056603,0.115130539197622,0,0.393306256108975,0.962366844056603
"1521da11-ee78-464f-830f-2111e5713ee9.rna_seq.augmented_star_gene_counts.tsv","DIF",0.7773176989541,0.7773176989541,0.578745866848389,0.597140028610304,0.323248541936088
"3357f780-0eed-4559-9608-c02191b5fad3.rna_seq.augmented_star_gene_counts.tsv","PRO",0.644627391529006,0.398850723736193,0.313240767402985,0.192885719174948,0.644627391529006
"dc82e1cb-e108-4727-ba00-1beced69a2f3.rna_seq.augmented_star_gene_counts.tsv","MES",0.768413507196658,0.430202375260941,0.683783990683322,0.768413507196658,0.394611373126322
"765e86db-4d7e-4b17-9051-3d7ee32df82a.rna_seq.augmented_star_gene_counts.tsv","DIF",0.790884835227425,0.790884835227425,0.644432356624973,0.723955551995588,0.46508253779527
"0b5a3a02-abbb-405e-b392-4944e778e2be.rna_seq.augmented_star_gene_counts.tsv","IMR",0.684508053765036,0.496050886646662,0.684508053765036,0.661418765649956,0.562080980334362
"68faaf7b-ec8b-4e35-b86d-54f927585c61.rna_seq.augmented_star_gene_counts.tsv","PRO",0.735961151069701,0.384244937036819,0.448717152365514,0.448945945017789,0.735961151069701
"c2be3377-97dd-42be-887d-c9bf57034c98.rna_seq.augmented_star_gene_counts.tsv","DIF",0.89742856712672,0.89742856712672,0.59795224592204,0.453151612133292,0.402918191813399
"bd47a9d9-3e0e-4eef-ae47-887016a2df2d.rna_seq.augmented_star_gene_counts.tsv","DIF",0.898017228901456,0.898017228901456,0.59666819744759,0.167581717908407,0.23194018598276
"7d0b634a-b842-4f7c-afd3-9ba129e38da1.rna_seq.augmented_star_gene_counts.tsv","IMR",0.643413708598864,0.616691664968859,0.643413708598864,0.303849745493432,0.242746981450894
"a0a073aa-4198-4139-b0d3-ce95e1fa4327.rna_seq.augmented_star_gene_counts.tsv","PRO",0.574561840974283,0.501291361589137,0.489099530122285,0.435474910856097,0.574561840974283
"1fbf116b-6325-42ef-94d2-dfdda4aa8d9f.rna_seq.augmented_star_gene_counts.tsv","IMR",0.776757742946165,0.641651475052479,0.776757742946165,0.422834668632758,0.304995933253803
"1a807944-1fce-4a18-ae2b-f19a8f13e4d7.rna_seq.augmented_star_gene_counts.tsv","DIF",0.836163748188502,0.836163748188502,0.591770561123831,0.386259919823566,0.38261243605324
"14ad7b5f-80d5-4271-b46c-bbed630b59bf.rna_seq.augmented_star_gene_counts.tsv","PRO",0.652139489300649,0.491296006124139,0.205742454588795,0.393097013170742,0.652139489300649
"0328d523-1d48-483a-abc6-40787ed24b72.rna_seq.augmented_star_gene_counts.tsv","MES",0.823685443799714,0.469802909156699,0.678029527249097,0.823685443799714,0.452545815263969
"57904f56-c3b6-4e82-84f2-70b47173d7bc.rna_seq.augmented_star_gene_counts.tsv","PRO",0.761168162947006,0.521738444454012,0.317767167255931,0.271781286998649,0.761168162947006
"62c68df4-4b67-4c05-9cf4-f0f2e878b59e.rna_seq.augmented_star_gene_counts.tsv","MES",0.765168615952519,0.312462158632529,0.706187034949935,0.765168615952519,0.723914267065667
"4ca1b467-0af2-4867-bd68-28bcb2cb1264.rna_seq.augmented_star_gene_counts.tsv","MES",0.712069454590047,0.46030814892293,0.573066126148061,0.712069454590047,0.539815627057751
"a08f5098-e161-40dd-b807-216cf71ebcce.rna_seq.augmented_star_gene_counts.tsv","DIF",0.652842208548333,0.652842208548333,0.61600764850417,0.180966661705384,0.105076598865537
"dca2da37-67cd-408e-a2da-325550471381.rna_seq.augmented_star_gene_counts.tsv","IMR",0.700412971395867,0.597553743118185,0.700412971395867,0.624450444379481,0.553286537160732
"37cd0a64-830c-417b-8df6-71408fa87ecd.rna_seq.augmented_star_gene_counts.tsv","MES",0.875160795901863,0.437719233107969,0.430367176089868,0.875160795901863,0.745635138416208
"03c8e4fe-1e07-4ea3-a154-c17c2e8af508.rna_seq.augmented_star_gene_counts.tsv","IMR",0.766769712927656,0.618637507769618,0.766769712927656,0.688246255677504,0.339214986860847
"b6984d71-6903-423e-a1b0-e98ccc3be29f.rna_seq.augmented_star_gene_counts.tsv","IMR",0.869023306995745,0.532878261749374,0.869023306995745,0.819045566758805,0.404435609274242
"ac2d95d8-5495-476e-860c-5c646b3b740e.rna_seq.augmented_star_gene_counts.tsv","MES",0.754864133441689,0.680687793347137,0.646095626574526,0.754864133441689,0.46047218154086
"109c4aee-66f6-4015-8fab-969bd538fd61.rna_seq.augmented_star_gene_counts.tsv","MES",0.768082976445019,0.359886993349215,0.512792528575367,0.768082976445019,0.67058724853419
"7370550b-9232-4382-ba1c-5d3ff2a69da1.rna_seq.augmented_star_gene_counts.tsv","DIF",0.804925690775635,0.804925690775635,0.56134212665582,0.286847792101288,0.24341983986829
"d9b8df95-099e-400e-895d-9f2d5ce4f348.rna_seq.augmented_star_gene_counts.tsv","IMR",0.83144814478241,0.587700916065682,0.83144814478241,0.375498752629582,0.156417953643635
"fa7c3641-365e-469d-86fd-2e6de18e49fc.rna_seq.augmented_star_gene_counts.tsv","IMR",0.648259086281837,0.627875846981556,0.648259086281837,0.598171607465844,0.514444745306897
"03752bc9-46d3-4f39-8313-3050134be0db.rna_seq.augmented_star_gene_counts.tsv","PRO",0.603307670894455,0.477878737735809,0.582649212759428,0.557578736324227,0.603307670894455
"21d6ea46-7964-4c21-8829-13f2cfd99829.rna_seq.augmented_star_gene_counts.tsv","IMR",0.807890501175624,0.690940866403188,0.807890501175624,0.534308906892021,0.330555850373138
"c3955ac8-3d67-448a-9cdd-683afd745ffa.rna_seq.augmented_star_gene_counts.tsv","IMR",0.808743487594769,0.750611762265111,0.808743487594769,0.400089357635508,0.177365515190784
"cad2eb6b-0dff-4e52-9d0e-baf5f4997089.rna_seq.augmented_star_gene_counts.tsv","IMR",0.713974456436143,0.505445920769033,0.713974456436143,0.337921915940081,0.316010801903778
"91ce2bbd-b743-4250-98c3-42fec28b9d49.rna_seq.augmented_star_gene_counts.tsv","MES",0.679037823725923,0.520349729025803,0.656463182413808,0.679037823725923,0.439441613885073
"6ec47cac-85ce-4536-a51d-346a0e281261.rna_seq.augmented_star_gene_counts.tsv","IMR",0.821319719958144,0.623751645238026,0.821319719958144,0.180727044361978,0.112770829955646
"fdf2c36f-0cee-44d6-8d80-2717b9d044bb.rna_seq.augmented_star_gene_counts.tsv","IMR",1,0.619731303770032,1,0.765885950200113,0.310457796907409
"5e46819c-e79e-496f-9903-82b5c155a78b.rna_seq.augmented_star_gene_counts.tsv","IMR",0.839954626342735,0.514213484238661,0.839954626342735,0.450319257537569,0.247432660156101
"5257902c-d131-4599-aa89-6a318efb0586.rna_seq.augmented_star_gene_counts.tsv","DIF",1,1,0.572693678073347,0.591486249186889,0.2191663265927
"50c62016-a463-4dba-a179-146df17fb5dd.rna_seq.augmented_star_gene_counts.tsv","PRO",0.718875944392306,0.269001837235691,0.241710795816335,0.291143745407082,0.718875944392306
"f9e43abb-04fc-45c2-9a74-61a2bea4eeec.rna_seq.augmented_star_gene_counts.tsv","DIF",0.7575053981525,0.7575053981525,0.51861245915136,0.181357778667035,0.172348662079167
"b4388ff2-9482-41b4-a80b-a361ec3ef4d8.rna_seq.augmented_star_gene_counts.tsv","PRO",0.762479613776971,0.351186637177123,0.303411965955355,0.675987201906792,0.762479613776971
"6670929c-6c96-4256-affa-910687f99a45.rna_seq.augmented_star_gene_counts.tsv","IMR",0.743558698915447,0.544359681049115,0.743558698915447,0.244450759029794,0.664842642006202
"525a600e-544a-436f-926e-522ad287f188.rna_seq.augmented_star_gene_counts.tsv","PRO",0.746357559055522,0.5498199959476,0.221338453647233,0.48744215841958,0.746357559055522
"a2e43a42-ba42-4666-8431-47d4dc22dba2.rna_seq.augmented_star_gene_counts.tsv","DIF",0.655859955005765,0.655859955005765,0.548510643666327,0.175977045593389,0.188541416811575
"d59c9b4d-960f-4fd7-9a78-6b3bd9d31e06.rna_seq.augmented_star_gene_counts.tsv","DIF",0.805866946178522,0.805866946178522,0.469373104125696,0.395082337098645,0.213679067956364
"d7735ff1-203e-4a8b-b189-e36fa25da887.rna_seq.augmented_star_gene_counts.tsv","PRO",1,0.255315548047277,0.472536312566713,0.58438740166211,1
"6311e779-54f1-4b2e-b3f0-488145efbd02.rna_seq.augmented_star_gene_counts.tsv","IMR",0.727198875290459,0.590872194551908,0.727198875290459,0.314205064131877,0.434844250750748
"6f9bb9a5-b2d8-42c1-94fc-05eb778c1f0d.rna_seq.augmented_star_gene_counts.tsv","DIF",0.632398262648592,0.632398262648592,0.518850763907818,0.594029179753522,0.567835761743841
"d905f784-10c0-466f-b2a9-58b12bf69e1d.rna_seq.augmented_star_gene_counts.tsv","IMR",0.704337395342178,0.679813032839568,0.704337395342178,0.550132224412303,0.528635254378657
"ad4b3bef-a8f4-47ca-b0a2-e7a7dbb0ecdc.rna_seq.augmented_star_gene_counts.tsv","IMR",0.757822963013045,0.741431847376461,0.757822963013045,0.548381072098,0.245418785936885
"807a3beb-0dfc-42b6-9995-1c93b73ce349.rna_seq.augmented_star_gene_counts.tsv","MES",0.747638120034414,0.730377913777279,0.705032206059877,0.747638120034414,0.374104030808811
"c3482424-68d5-43cd-a75c-a1cefa68e6d0.rna_seq.augmented_star_gene_counts.tsv","DIF",0.840790073094182,0.840790073094182,0.68525335860931,0.730334129807905,0.233069785283078
"13e069ad-b3f9-48e6-93f8-24060058ed43.rna_seq.augmented_star_gene_counts.tsv","IMR",0.810380417672824,0.526575514481017,0.810380417672824,0.38648186427355,0.55817989430131
"24fb0a8d-34f2-4cac-9b8c-03c2503a34fd.rna_seq.augmented_star_gene_counts.tsv","MES",0.817025478162288,0.528036874389575,0.520646710363783,0.817025478162288,0.448927220327304
"8b8aae66-3fb7-4875-81e3-601ccbc3bb82.rna_seq.augmented_star_gene_counts.tsv","IMR",0.869041977389883,0.633142791310465,0.869041977389883,0.673709121763883,0.238780555276656
"4793d6ae-2289-4825-9d9b-5b217a0837e5.rna_seq.augmented_star_gene_counts.tsv","IMR",0.680089455925323,0.499644159095675,0.680089455925323,0.439427856827873,0.356190529827572
"4d8ce68c-cba9-44e2-be95-477c938fdd73.rna_seq.augmented_star_gene_counts.tsv","DIF",0.822861165348064,0.822861165348064,0.574229734507463,0.625061464151722,0.413015419497819
"03462bef-e22d-42c1-8360-f2a3404e698d.rna_seq.augmented_star_gene_counts.tsv","MES",0.879076889302653,0.488613844926555,0.822658968296774,0.879076889302653,0.550971677005591
"9ae61124-172b-4d16-aadc-bc7c096002cf.rna_seq.augmented_star_gene_counts.tsv","DIF",0.669801511722932,0.669801511722932,0.489943692644799,0.114124594478146,0.37909969115041
"2458e827-5ac6-4d31-8ad4-b335e7f787cd.rna_seq.augmented_star_gene_counts.tsv","DIF",0.686169701764947,0.686169701764947,0.508641243663897,0.655375483049128,0.468717491297757
"00d52735-8d5a-405b-a26f-52a4f1ab6df8.rna_seq.augmented_star_gene_counts.tsv","IMR",0.877396109014503,0.483640290512797,0.877396109014503,0.465245793665818,0.426820092312466
"94e50abd-1c5d-4267-b36e-25d229716049.rna_seq.augmented_star_gene_counts.tsv","DIF",0.811376748970768,0.811376748970768,0.378225807977352,0.549310877128015,0.303226278265508
"532e54f3-48e3-466f-8d1c-61f62fe31cc4.rna_seq.augmented_star_gene_counts.tsv","PRO",0.79751199287649,0.433998747392494,0.559824955866182,0.678130336216066,0.79751199287649
"88e85e7b-16f4-484a-8f20-541f0900ff44.rna_seq.augmented_star_gene_counts.tsv","DIF",0.911810543894076,0.911810543894076,0.622121568108973,0.676127464211755,0.393046963380877
"7de8593c-b0fc-4a23-a1e9-9a066502777b.rna_seq.augmented_star_gene_counts.tsv","DIF",0.588838152423685,0.588838152423685,0.561456032763198,0.512993836319252,0.476737571028341
"f6e55165-bb0d-4bb1-9f72-f29d355b7b8d.rna_seq.augmented_star_gene_counts.tsv","IMR",0.801340874175026,0.534008547934472,0.801340874175026,0.610864738935593,0.355829990210656
"d6472bd0-b4e2-4ed1-a892-e1702c195dc7.rna_seq.augmented_star_gene_counts.tsv","DIF",0.448847858511824,0.448847858511824,0.341721111555986,0.188217324667279,0.256895918404837
"06bfef84-bc96-4d26-a658-3da2432dd948.rna_seq.augmented_star_gene_counts.tsv","DIF",0.866862872403247,0.866862872403247,0.531322529299564,0.294249472431675,0.264215422460728
"e7ae8300-261d-4bea-9ecd-3d7f551daefc.rna_seq.augmented_star_gene_counts.tsv","IMR",0.763693453713976,0.70500135394896,0.763693453713976,0.700804635664764,0.356381428150749
"5d9a6911-c16e-4b16-8d56-2b99a9fbce3f.rna_seq.augmented_star_gene_counts.tsv","DIF",0.624235945962006,0.624235945962006,0.498344555333758,0.389836234214129,0.393329731316055
"4d444647-db80-41e2-b7dd-148690e2b3c2.rna_seq.augmented_star_gene_counts.tsv","MES",0.767445676457317,0.537767449526673,0.673948059564523,0.767445676457317,0.573200301310803
"ecf72b78-167b-4353-87bd-ca38c7c1d0a0.rna_seq.augmented_star_gene_counts.tsv","IMR",0.715839673137699,0.537411232514961,0.715839673137699,0.467925019828382,0.562023543237536
"3906ba4a-96da-4833-a237-b402ffe42da5.rna_seq.augmented_star_gene_counts.tsv","DIF",0.857310191742457,0.857310191742457,0.659180423711425,0.551462647927561,0.315164004789288
"793b24af-b8e0-4ecd-a07a-5710a4cb67bc.rna_seq.augmented_star_gene_counts.tsv","DIF",0.767829266995281,0.767829266995281,0.672643767126334,0.00954500058470325,0.0925113883916234
"f5f0cecd-ef58-47e5-a8e9-0788d7f00248.rna_seq.augmented_star_gene_counts.tsv","DIF",0.838164554837293,0.838164554837293,0.67505618199047,0.573415651448677,0.181057715026872
"7ac150f1-a758-4259-b65d-52e51bc3fb1f.rna_seq.augmented_star_gene_counts.tsv","PRO",0.795038754131669,0.433711805250429,0.611559031470244,0.490783775715053,0.795038754131669
"0328fb2d-b622-4d82-b5a5-674d30212caa.rna_seq.augmented_star_gene_counts.tsv","MES",0.806725031749386,0.505664117727465,0.734987704669014,0.806725031749386,0.680887906866542
"1e36ddde-f989-45b5-a887-d7c6ac41aaeb.rna_seq.augmented_star_gene_counts.tsv","IMR",0.962867413577513,0.533316412872395,0.962867413577513,0.412233085846611,0.501793104354354
"1730a0a1-8a5a-4532-a35e-4e4db4a4b4b6.rna_seq.augmented_star_gene_counts.tsv","DIF",0.716104056705552,0.716104056705552,0.56413004216098,0.336230580243811,0.456192574469389
"861aa222-1133-4423-9746-6a0d1b8e5163.rna_seq.augmented_star_gene_counts.tsv","PRO",0.670845454183709,0.477201920885004,0.314424989795533,0.393667447048093,0.670845454183709
"8e1e205e-342c-4434-a78d-fc206a85003d.rna_seq.augmented_star_gene_counts.tsv","PRO",0.890168775129287,0.288834275337198,0.580362954351524,0.861895975742579,0.890168775129287
"1155a6cd-3dce-40d1-a498-d9843ab20901.rna_seq.augmented_star_gene_counts.tsv","PRO",0.571105690327014,0.437116866081304,0.500885197107772,0.436506043564726,0.571105690327014
"de46493c-07c7-4884-9361-8ab7d5cd0a72.rna_seq.augmented_star_gene_counts.tsv","DIF",0.766914924961241,0.766914924961241,0.463906942835633,0.527292619296156,0.271623520411061
"9502e51f-a360-4ca0-92fa-70f78ecf9b04.rna_seq.augmented_star_gene_counts.tsv","IMR",0.819711358063819,0.677024600245497,0.819711358063819,0.494315070929286,0.513214259406961
"d34ab5f4-ced0-436d-be8e-28f8f58e228d.rna_seq.augmented_star_gene_counts.tsv","DIF",0.914158145834842,0.914158145834842,0.573651945487431,0.463075228897813,0.120960150488373
"0538f774-31e5-4f0f-868e-c651a2551cb3.rna_seq.augmented_star_gene_counts.tsv","DIF",0.972038593417816,0.972038593417816,0.593497251161414,0.303262017949766,0.18352499467889
"412e9725-b56c-4b7b-b6cb-6d32ccddb96d.rna_seq.augmented_star_gene_counts.tsv","PRO",0.898496085621162,0.265985609699069,0.277640547799609,0.581515736281953,0.898496085621162
"676462aa-e44e-4f39-a9cb-222e8815bdfc.rna_seq.augmented_star_gene_counts.tsv","IMR",0.689979274267435,0.296782626256342,0.689979274267435,0.365984424083228,0.459094423848709
"68021dd4-be26-40e0-b69d-de199b6ea838.rna_seq.augmented_star_gene_counts.tsv","PRO",0.867499048097953,0.221969772956251,0.371619409363132,0.446078191857955,0.867499048097953
"ad063208-3c51-45f6-88c8-0a802df75182.rna_seq.augmented_star_gene_counts.tsv","IMR",0.814335559617588,0.665225727150963,0.814335559617588,0.652408028851271,0.269496918816529
"fb2b534e-f659-4f1f-8f03-7be4818b3547.rna_seq.augmented_star_gene_counts.tsv","PRO",0.758969593126444,0.34382017039632,0.585311997992479,0.40628479026391,0.758969593126444
"ba7d73f8-16bf-493c-bb33-9121ceda8a89.rna_seq.augmented_star_gene_counts.tsv","IMR",0.716951240270089,0.630634316198632,0.716951240270089,0.408546741076398,0.596480900857837
"876a27db-292d-49f1-80b9-da35cb0cb186.rna_seq.augmented_star_gene_counts.tsv","PRO",0.701829516651344,0.386409431864926,0.511265294208166,0.464889587595638,0.701829516651344
"278dc83a-1488-4a81-8e24-56b784c77796.rna_seq.augmented_star_gene_counts.tsv","MES",0.992888232367789,0.582283810315452,0.710473727629255,0.992888232367789,0.689492971432043
"23d2011e-aab7-4dda-b818-55d6fa86503b.rna_seq.augmented_star_gene_counts.tsv","PRO",0.836059652829135,0.192121360222573,0.180195055176726,0.528087844170684,0.836059652829135
"f691c28c-5b0d-4b28-8b05-030dd07a2b13.rna_seq.augmented_star_gene_counts.tsv","MES",0.726748519406382,0.383257864656359,0.670416602916367,0.726748519406382,0.633767101389026
"22a0a810-bcf2-4e89-aa7d-bcbdbf88fb82.rna_seq.augmented_star_gene_counts.tsv","DIF",0.838358991184569,0.838358991184569,0.741052338928999,0.411906205678299,0.243086351576408
"037a7fa8-e684-4548-805c-845c3df9e188.rna_seq.augmented_star_gene_counts.tsv","DIF",0.758819965815072,0.758819965815072,0.513531367832359,0.0978700271882716,0.228228376093367
"e5122ef6-16e7-4c8b-882c-737ace21f6a1.rna_seq.augmented_star_gene_counts.tsv","MES",0.908667153377132,0.556376998572095,0.712660850549009,0.908667153377132,0.616976955647577
"1c955b7d-6c23-4f92-83d5-d5420d3e6d22.rna_seq.augmented_star_gene_counts.tsv","PRO",0.82594715402199,0.39995464971314,0.515011298649582,0.66046015389024,0.82594715402199
"b44c4388-8fd4-4d11-90f9-bd7497707b73.rna_seq.augmented_star_gene_counts.tsv","DIF",0.647130352835885,0.647130352835885,0.52504522380655,0.420478369971253,0.595747868575042
"ba187e93-15e0-4681-9c0f-f4d346cfe1a8.rna_seq.augmented_star_gene_counts.tsv","IMR",0.605431457595388,0.447382111099308,0.605431457595388,0.52227939461612,0.474891246542941
"767664c5-0307-4a70-aaea-6601aa45e546.rna_seq.augmented_star_gene_counts.tsv","PRO",0.722566670390376,0.39078329076549,0.535752053410056,0.667941154710628,0.722566670390376
"78c61237-b889-4cb8-bb8e-eacd33b3538f.rna_seq.augmented_star_gene_counts.tsv","PRO",0.89217810130657,0.185792244561752,0.305512800999594,0.635934382640555,0.89217810130657
"d94d6def-9d09-4ef8-8fd7-7866664d20dd.rna_seq.augmented_star_gene_counts.tsv","MES",0.86648483273274,0.477953382662185,0.558978243647837,0.86648483273274,0.550435917749471
"04f0900d-efc7-498d-a8eb-aea677094877.rna_seq.augmented_star_gene_counts.tsv","DIF",0.869537319136657,0.869537319136657,0.408177001869853,0.832870701159321,0.410109883819103
"ce797402-bbd4-4ad0-8b02-b44d6b30f70e.rna_seq.augmented_star_gene_counts.tsv","MES",0.813639266763977,0.80160588904409,0.594362766968191,0.813639266763977,0.53746218855217
"72e3b5ff-0679-4d43-a7c2-697635faa1fc.rna_seq.augmented_star_gene_counts.tsv","DIF",0.721960910921563,0.721960910921563,0.543196584557445,0.673363426961737,0.396156798909232
"1d39253a-1714-4371-942f-98acaf24a4f9.rna_seq.augmented_star_gene_counts.tsv","MES",0.748155849686557,0.640639329454589,0.675944978486062,0.748155849686557,0.384722463322206
"bf0b1fa1-16b5-44ed-bbdd-535835f2c4e9.rna_seq.augmented_star_gene_counts.tsv","DIF",0.63198848424485,0.63198848424485,0.357780153721852,0.598786284654711,0.611241369947559
"3245bf16-6e24-4585-86c3-6eebac80d2c9.rna_seq.augmented_star_gene_counts.tsv","DIF",0.979907543676494,0.979907543676494,0.652727771833127,0.540875415676742,0.161956160375161
"21ff9928-00f0-4b96-8d70-35e9bfad5d40.rna_seq.augmented_star_gene_counts.tsv","PRO",0.785427956393148,0.260855938961021,0.353098528357121,0.548319123649039,0.785427956393148
"846a9737-f1d2-4c15-8023-360f22805491.rna_seq.augmented_star_gene_counts.tsv","PRO",0.540217382300785,0.504141383944666,0.519718578872462,0.530341303250283,0.540217382300785
"62bea110-bff8-4d67-a920-77d3f2d85d13.rna_seq.augmented_star_gene_counts.tsv","MES",0.676192327016477,0.443935953724549,0.391049825727491,0.676192327016477,0.577529748068831
"0b6de433-c314-478c-93bc-2961355b43ce.rna_seq.augmented_star_gene_counts.tsv","DIF",0.786867382813266,0.786867382813266,0.731597802762742,0.592531501622865,0.357711028951185
"e4345410-d8f9-498c-b4fe-d6e951bd1f9c.rna_seq.augmented_star_gene_counts.tsv","PRO",0.69421805916728,0.327483460567427,0.520435145365833,0.404646123740742,0.69421805916728
"d779f8e6-b653-4d7e-bfa4-729b9caf329d.rna_seq.augmented_star_gene_counts.tsv","PRO",0.476993404071209,0.393063937913163,0.188230015291284,0.235800169253196,0.476993404071209
"eb300488-c9f0-4cb4-9bf5-00fc749360b9.rna_seq.augmented_star_gene_counts.tsv","DIF",0.759549265637255,0.759549265637255,0.689764256842359,0.576084917883491,0.386538863940702
"59fd8143-0e82-4c16-acb3-c54e518248fb.rna_seq.augmented_star_gene_counts.tsv","DIF",0.678116100759017,0.678116100759017,0.541991229295251,0.58812622751342,0.488872735316855
"cac17859-2779-4a77-98b7-3c6e392f0f1e.rna_seq.augmented_star_gene_counts.tsv","DIF",0.74417811563584,0.74417811563584,0.70638529951718,0.232405356156338,0.300902902403177
"8e3391f6-45fe-43c4-8b3d-2d247e75e223.rna_seq.augmented_star_gene_counts.tsv","DIF",0.786894679813608,0.786894679813608,0.768992762802188,0.293669214282648,0.287035605833269
"f08b0e14-26ec-4a08-8668-66d0137d72b1.rna_seq.augmented_star_gene_counts.tsv","DIF",0.834276153778559,0.834276153778559,0.395440145933345,0.409780724711587,0.365326191211821
"c5de138c-103d-4a75-a2eb-7279c1046d0d.rna_seq.augmented_star_gene_counts.tsv","PRO",0.907705664974263,0.26830816492296,0.115172093274662,0.335095188827405,0.907705664974263
"e2282ea0-e21f-439d-899b-55a42119cd50.rna_seq.augmented_star_gene_counts.tsv","IMR",0.776979677081514,0.673607442954002,0.776979677081514,0.505219413443749,0.347490489127662
"e0359ee9-8ff1-4f46-9d5e-6dd51f0d7d6a.rna_seq.augmented_star_gene_counts.tsv","MES",0.662344215600192,0.42738066111287,0.557223331876059,0.662344215600192,0.611948495840569
"e8725b9d-f94d-4206-bb2b-4f67ad48487a.rna_seq.augmented_star_gene_counts.tsv","PRO",0.616769074637229,0.480894833741692,0.529636348612915,0.48145404224702,0.616769074637229
"161a0325-0f8a-4d41-be34-6740025c4435.rna_seq.augmented_star_gene_counts.tsv","IMR",0.637378803316786,0.351525233720534,0.637378803316786,0.410505272950641,0.587981401379107
"2d1f87db-68ea-4a99-beab-ac630a5b407a.rna_seq.augmented_star_gene_counts.tsv","MES",0.866551108712417,0.389506488905545,0.65324011385784,0.866551108712417,0.747892611729306
"7477b82e-dc6c-4bf4-ba14-b7d33a867161.rna_seq.augmented_star_gene_counts.tsv","MES",0.756107915657932,0.444442088110068,0.411676063187802,0.756107915657932,0.603864356223202
"4f1e300b-a17e-4226-ab42-802c382ac826.rna_seq.augmented_star_gene_counts.tsv","IMR",0.610953332997278,0.439101646873278,0.610953332997278,0.275283089385635,0.610818474046197
"b7b8a33a-46af-4ae9-aea3-a8d18d27c0ab.rna_seq.augmented_star_gene_counts.tsv","DIF",0.75501114343013,0.75501114343013,0.731494548961522,0.612174214293731,0.456678674545008
"6e7487d8-ad27-46b8-9a50-eab558676946.rna_seq.augmented_star_gene_counts.tsv","PRO",0.674489876753507,0.400060911970987,0.570915037857784,0.48151409442167,0.674489876753507
"880f1d5d-52b1-494c-83ed-164437af010f.rna_seq.augmented_star_gene_counts.tsv","DIF",0.682436510765613,0.682436510765613,0.548438260841157,0.242509594313801,0.32072289023007
"e945ff79-76d6-4466-a346-82305415a268.rna_seq.augmented_star_gene_counts.tsv","DIF",0.741397012244103,0.741397012244103,0.650678368168276,0.354236603623182,0.347135442164106
"505c0f45-5452-4d4c-aecf-35d78b41a3b4.rna_seq.augmented_star_gene_counts.tsv","MES",0.757587255707704,0.478571813222871,0.657106480734722,0.757587255707704,0.603880721592835
"40578293-a4b2-449e-bcdb-f6ae9bfbc3e2.rna_seq.augmented_star_gene_counts.tsv","PRO",0.549425814122551,0.496362416490614,0.213321119427387,0.398919861559617,0.549425814122551
"c584aa52-c1dd-4397-8dea-0b7a36ab1f54.rna_seq.augmented_star_gene_counts.tsv","PRO",0.964569444814763,0.203051199467336,0.192645042524276,0.62978341352992,0.964569444814763
"2b12b5be-f274-4a43-b69b-24b736e2bcac.rna_seq.augmented_star_gene_counts.tsv","PRO",0.532534526683053,0.387363981526831,0.286462032787829,0.175266904115757,0.532534526683053
"216248b8-0db2-464b-ab1d-0253d71dc54d.rna_seq.augmented_star_gene_counts.tsv","DIF",0.707451283095755,0.707451283095755,0.580875686537382,0.70404941795454,0.565622076698234
"30351cfc-3af6-45bb-9106-9a1fc6ae7bcc.rna_seq.augmented_star_gene_counts.tsv","PRO",0.775554596296517,0.309293788415727,0.249143735418771,0.452616343942582,0.775554596296517
"02d00dd6-708d-46a9-b885-d6d14eed564d.rna_seq.augmented_star_gene_counts.tsv","MES",0.54553290527853,0.41206592207231,0.458933149205755,0.54553290527853,0.485020490501201
"86f6b100-9d37-4a8a-b3c5-03ec17f83559.rna_seq.augmented_star_gene_counts.tsv","PRO",0.531683131409604,0.508364162632278,0.400703100053453,0.256284972105576,0.531683131409604
"53eaeb7f-a3c6-46df-b1ff-fb40cb84912e.rna_seq.augmented_star_gene_counts.tsv","IMR",0.792506972895943,0.734258952729289,0.792506972895943,0.37672193730161,0.368417330134723
"f6e1478c-72b3-45ae-a328-bba09df4a0a5.rna_seq.augmented_star_gene_counts.tsv","DIF",0.780331083721613,0.780331083721613,0.607119076974847,0.276965501034847,0.169018774930386
"7e2f7b6d-46d7-4b37-86d8-354da4408713.rna_seq.augmented_star_gene_counts.tsv","DIF",0.630564480240032,0.630564480240032,0.518977345416167,0.456845343354128,0.498707928150333
"51b41730-a7f8-4b00-9f17-808c5057077f.rna_seq.augmented_star_gene_counts.tsv","DIF",0.790196860155357,0.790196860155357,0.538434953312618,0.301522661904496,0.284704926756948
"d329a391-79e4-4ce0-b335-0e8a4074ba58.rna_seq.augmented_star_gene_counts.tsv","DIF",0.716554592957438,0.716554592957438,0.571319333769211,0.311807310044864,0.319940671069168
"61b94289-2f3d-45ab-94d9-80278e53da3b.rna_seq.augmented_star_gene_counts.tsv","DIF",0.902507167144248,0.902507167144248,0.67787908935673,0.586090904962805,0.22118153975266
"6965bf9d-d903-428d-91f1-c240967edb77.rna_seq.augmented_star_gene_counts.tsv","IMR",0.703453759795327,0.606134164668367,0.703453759795327,0.308728095524942,0.139667127596045
"299f99cd-e2df-4266-a488-4f8f48aa68d9.rna_seq.augmented_star_gene_counts.tsv","DIF",0.751434346750781,0.751434346750781,0.704070814862768,0.171652625408955,0.0624772064776422
"f25d516a-d4ea-4f89-9f6e-9f41c1634505.rna_seq.augmented_star_gene_counts.tsv","IMR",0.746139549662748,0.558551342970889,0.746139549662748,0.449105559213088,0.52797060404851
"53d87f0d-55f7-473d-b5ec-ccf8d1447ec0.rna_seq.augmented_star_gene_counts.tsv","MES",0.76815213695958,0.671827515073158,0.701854153553909,0.76815213695958,0.513694474190262
"08a88278-e3c9-4646-8d9f-6913ba17a009.rna_seq.augmented_star_gene_counts.tsv","IMR",0.897374128914701,0.508895088766572,0.897374128914701,0.367621617434591,0.500962531912083
"b9ac701c-5ec1-49bb-b988-7799a603981d.rna_seq.augmented_star_gene_counts.tsv","DIF",0.63710558501516,0.63710558501516,0.631468642362413,0.388475357335958,0.247972493222916
"99fea937-9d25-46e5-8fcf-b8319d0fa002.rna_seq.augmented_star_gene_counts.tsv","IMR",0.696451638759453,0.65801497165745,0.696451638759453,0.54913286825601,0.521218525660085
"d9d0bbf5-4b7e-471b-9481-fe3706d480ab.rna_seq.augmented_star_gene_counts.tsv","DIF",0.903470565415517,0.903470565415517,0.50211490039076,0.207392442180926,0.0374860465582291
"137283ac-bd8f-424a-bf5b-e70b05b6a3e9.rna_seq.augmented_star_gene_counts.tsv","IMR",0.699155278952194,0.602692567350192,0.699155278952194,0.566571319302847,0.266868042001472
"b849f8c0-4937-4e95-bfc7-c8da9340d021.rna_seq.augmented_star_gene_counts.tsv","IMR",0.76165246495107,0.407087469110515,0.76165246495107,0.351808688465567,0.604994601682391
"d4a99056-1263-41dd-910a-a5a34394cf42.rna_seq.augmented_star_gene_counts.tsv","IMR",0.878820018656483,0.545613875972047,0.878820018656483,0.450979107044522,0.389088379464023
"24c88f11-3839-493f-9357-f8be5bbadaf6.rna_seq.augmented_star_gene_counts.tsv","DIF",0.485886890981135,0.485886890981135,0.485537495312293,0.464873463894896,0.388740420653075
"d9112d90-1e2f-4359-bf56-7ea55802a50f.rna_seq.augmented_star_gene_counts.tsv","PRO",0.628259775063007,0.445056836101643,0.386085322650016,0.177307993639092,0.628259775063007
"3e81ddc0-4479-48c8-a93d-a63b9eb4e8c0.rna_seq.augmented_star_gene_counts.tsv","MES",0.797147024956803,0.699409175429,0.651284557517452,0.797147024956803,0.357773034143731
"41bdbd88-b4b2-4884-8a44-b34656ae4156.rna_seq.augmented_star_gene_counts.tsv","DIF",0.482324462080957,0.482324462080957,0.461127786691624,0.146376031804247,0.375142604304366
"c99fbe90-c684-42dd-ba96-66aa1f1295d8.rna_seq.augmented_star_gene_counts.tsv","MES",0.464743463053009,0.440748684541687,0.441666259769559,0.464743463053009,0.451212562384846
"f43a4550-8d3e-44c5-ad1a-2b0d173809db.rna_seq.augmented_star_gene_counts.tsv","MES",0.73516409565555,0.685404248686759,0.561306917192797,0.73516409565555,0.496751738025908
"1d359158-291b-4629-bd6f-0d605ac6afa7.rna_seq.augmented_star_gene_counts.tsv","MES",0.771249871607462,0.626208809835635,0.764467238936141,0.771249871607462,0.428386059046983
"8a98119d-760e-49dd-84e7-1b97079b0397.rna_seq.augmented_star_gene_counts.tsv","IMR",0.924882177171797,0.803293384901308,0.924882177171797,0.544912342371524,0.154370031202974
"0cb97f5d-d78d-409e-9b67-30f15d6ac77b.rna_seq.augmented_star_gene_counts.tsv","PRO",0.758105848003219,0.367002538320403,0.621422120128174,0.590313274531094,0.758105848003219
"c2f06573-c165-486c-bf6c-28316a82acaa.rna_seq.augmented_star_gene_counts.tsv","PRO",0.771988898982163,0.286031285020416,0.464067745835661,0.615297428314831,0.771988898982163
"ec34b3b2-e9d3-49bb-bc27-6a16103ad51a.rna_seq.augmented_star_gene_counts.tsv","IMR",0.684989183776055,0.530584440509366,0.684989183776055,0.479281039277206,0.348347461278676
"67293c0e-904a-4cc2-ad09-a99d791bd05a.rna_seq.augmented_star_gene_counts.tsv","IMR",0.670807154758323,0.55757968214326,0.670807154758323,0.54454651658332,0.577817315626955
"0f3357a3-d579-4b27-a486-1550bc45890d.rna_seq.augmented_star_gene_counts.tsv","MES",0.556207950351098,0.375631713371295,0.503626419674583,0.556207950351098,0.416159986066836
"0526fdf7-a3a0-4e33-b681-d5e3ec7b4a72.rna_seq.augmented_star_gene_counts.tsv","MES",0.796583767967667,0.580197713201188,0.513587675114984,0.796583767967667,0.529439352469129
"68f32d39-8608-443c-ac04-95f12812fb72.rna_seq.augmented_star_gene_counts.tsv","DIF",0.785997407482154,0.785997407482154,0.600208237896023,0.278846788211355,0.220684859592859
"4383d6c3-b23c-412a-9329-25cd54654941.rna_seq.augmented_star_gene_counts.tsv","PRO",0.574485752990541,0.484646983786367,0.39779397659831,0.377765244289363,0.574485752990541
"57439dc1-cb41-424c-ab78-f8d8efa49d27.rna_seq.augmented_star_gene_counts.tsv","MES",0.677633728160451,0.662552469246343,0.618838191082182,0.677633728160451,0.3487076997385
"e18acf1a-8d53-42a4-917c-1bc7e0a13888.rna_seq.augmented_star_gene_counts.tsv","MES",0.736562893749623,0.533303747003011,0.734844271876234,0.736562893749623,0.471436146988301
"960e2805-9b82-4d03-84fe-39fda23c6646.rna_seq.augmented_star_gene_counts.tsv","PRO",0.665481945392221,0.478910055367776,0.424137274090417,0.126819069303497,0.665481945392221
"7711187f-5e2a-44eb-804f-c32556a2f02f.rna_seq.augmented_star_gene_counts.tsv","DIF",0.761136112322872,0.761136112322872,0.527130374735237,0.458954379482103,0.217362931092072
"cac82d7b-ee82-44eb-8c1d-8371084e6359.rna_seq.augmented_star_gene_counts.tsv","DIF",0.639004653491125,0.639004653491125,0.620942075202107,0.455234214466862,0.39707992010924
"8a7a4704-c698-4291-ba48-207895898a40.rna_seq.augmented_star_gene_counts.tsv","MES",0.668114635101651,0.570641887691529,0.644838861515143,0.668114635101651,0.425245613436507
"d0cb6e31-ce63-4c74-ad17-b2bcc5bdc053.rna_seq.augmented_star_gene_counts.tsv","PRO",0.615983993428329,0.610012011767174,0.47279262405846,0.42294633215878,0.615983993428329
"caa902d6-c184-4b05-b61c-96c04f7196b0.rna_seq.augmented_star_gene_counts.tsv","PRO",0.799626837082421,0.487447512269162,0.386570838995276,0.650014749376244,0.799626837082421
"61eb62f8-cb54-47af-86e6-b256f6ebebfe.rna_seq.augmented_star_gene_counts.tsv","IMR",0.772029967640481,0.347873028197298,0.772029967640481,0.742592168700512,0.453528288323808
"ecff58ca-03fb-42b8-8da2-c971025a43e8.rna_seq.augmented_star_gene_counts.tsv","PRO",0.889271455729567,0.31603359459,0.248335991155891,0.358626449087625,0.889271455729567
"36aef44f-03b6-4aff-bc8a-dfbc664dd2d0.rna_seq.augmented_star_gene_counts.tsv","IMR",0.467299881313554,0.438651187140854,0.467299881313554,0.407394699551238,0.389616155565763
"6ab54953-3d77-4239-bf4a-5a893cf9a43c.rna_seq.augmented_star_gene_counts.tsv","MES",0.595613972938496,0.4687475151428,0.455914777280398,0.595613972938496,0.4638829024151
"3f58096d-e305-4c10-95ee-0d02486bf53c.rna_seq.augmented_star_gene_counts.tsv","IMR",0.856544998338715,0.624301337565502,0.856544998338715,0.247646294310769,0.449495761246681
"e542409d-6a83-430f-9437-7aee6d6be668.rna_seq.augmented_star_gene_counts.tsv","MES",0.879876751957039,0.527943098214527,0.702994494181299,0.879876751957039,0.641683649744581
"f2db0392-6666-4458-a93b-e0ec560018c2.rna_seq.augmented_star_gene_counts.tsv","PRO",0.722021829222255,0.236676301922487,0.0749448005637726,0.339352134568226,0.722021829222255
"71425fe1-3503-4f0b-bcb0-2a35cdea4b0e.rna_seq.augmented_star_gene_counts.tsv","DIF",0.624151986383222,0.624151986383222,0.584435991992592,0.204350087083515,0.486715067456359
"dfe1fbdb-b7c2-46f0-ae12-b63a8375b8be.rna_seq.augmented_star_gene_counts.tsv","DIF",0.723767425701072,0.723767425701072,0.60702982909069,0.652808864436039,0.347010763021382
"872c6084-34b9-4037-88bd-b6cb69b4bf1f.rna_seq.augmented_star_gene_counts.tsv","PRO",0.770547730963753,0.526695584508648,0.498254783570644,0.327382632671985,0.770547730963753
"91438de0-6c76-4add-b836-2283ffe21473.rna_seq.augmented_star_gene_counts.tsv","PRO",0.880637843044649,0.315977442700621,0.428622340429704,0.448094638503657,0.880637843044649
"24c604c0-2021-4829-b187-f160ee75d6cc.rna_seq.augmented_star_gene_counts.tsv","DIF",0.681042965939289,0.681042965939289,0.423852429005191,0.33449110696269,0.371263106665263
"5c58a396-5f7b-4374-a6e7-09f381d945dd.rna_seq.augmented_star_gene_counts.tsv","DIF",0.705163510490836,0.705163510490836,0.622358552501908,0.513384392212126,0.292186557322476
"f03483bb-8ad5-42e2-9b5e-31e7af8edd2f.rna_seq.augmented_star_gene_counts.tsv","DIF",0.914293974961582,0.914293974961582,0.598201161470459,0.197916116577825,0.216333683604202
"6b5cd598-f52f-48bc-8256-74a2e98ec04b.rna_seq.augmented_star_gene_counts.tsv","DIF",0.673894889805117,0.673894889805117,0.544281672249216,0.176153429941396,0.271088587657683
"3852b0f7-4b5b-444f-b948-f04b2d112b2b.rna_seq.augmented_star_gene_counts.tsv","DIF",0.778875519777719,0.778875519777719,0.675872402864039,0.450696677586466,0.368769537748171
"6bc01daa-5c11-4c87-916f-09e6fec65c5a.rna_seq.augmented_star_gene_counts.tsv","PRO",0.671470588976862,0.495259018840565,0.434826685962841,0.412577109121396,0.671470588976862
"23c3ac66-3601-425a-9063-cb3058dafb84.rna_seq.augmented_star_gene_counts.tsv","IMR",0.773320801456791,0.678115571275953,0.773320801456791,0.237805461853193,0.334326340061794
"bcd9d3bc-bd8a-4c67-85c7-0dc0939d727e.rna_seq.augmented_star_gene_counts.tsv","MES",0.704413308248914,0.466605520130023,0.571517680741282,0.704413308248914,0.596082954886178
"bd0a6575-996a-45d2-9be2-2187a1cf1cbe.rna_seq.augmented_star_gene_counts.tsv","DIF",0.743471118449364,0.743471118449364,0.531736821317081,0.543042483530605,0.526785981241909
"c133f156-8d5e-4072-a990-86ccb7db09c9.rna_seq.augmented_star_gene_counts.tsv","PRO",0.759488882524664,0.378820748616586,0.193085903839411,0.560850413480187,0.759488882524664
"bffe7439-0f9b-422f-b073-06050afd8b18.rna_seq.augmented_star_gene_counts.tsv","IMR",0.699105018765516,0.690981807059717,0.699105018765516,0.458363953629864,0.618254884417824
"55f58064-b810-4345-bd41-a844cfb255c6.rna_seq.augmented_star_gene_counts.tsv","DIF",0.601134810927136,0.601134810927136,0.555744056294604,0.413718131374364,0.559199291342458
"d169e3da-0c53-4194-89c8-d5a87d4e9aa5.rna_seq.augmented_star_gene_counts.tsv","IMR",0.6726577755004,0.551329473006828,0.6726577755004,0.560355448363203,0.248815385664206
"9ee6252a-3269-484d-9f09-9ea169ff9665.rna_seq.augmented_star_gene_counts.tsv","MES",0.865281973889103,0.71584337316388,0.637893658439015,0.865281973889103,0.406560327142886
"dfac6279-e38d-4c50-b1cf-c32bcf81a029.rna_seq.augmented_star_gene_counts.tsv","PRO",0.602954388410176,0.320250471609,0.391660476827529,0.331893531230164,0.602954388410176
"b1f91d13-fe60-4444-a254-db4fd36163a4.rna_seq.augmented_star_gene_counts.tsv","PRO",0.848231137062907,0.34834240325681,0.389789718076636,0.596790591845777,0.848231137062907
"accf08d4-a784-4908-831a-7a08d4c5f0f5.rna_seq.augmented_star_gene_counts.tsv","IMR",0.596633298696242,0.470330004578779,0.596633298696242,0.589220394167997,0.468841616057801
"7211b055-44a1-4b87-a97e-ce36fdca987d.rna_seq.augmented_star_gene_counts.tsv","MES",0.787356867919454,0.720838709220419,0.617922464139031,0.787356867919454,0.373171804337876
"d421a512-b1d2-4275-9374-b579352abb25.rna_seq.augmented_star_gene_counts.tsv","IMR",0.826985266114874,0.669927241089996,0.826985266114874,0.356661277188701,0.298975265960477
"f5c15b21-916a-4900-aec7-d30ed3377e0a.rna_seq.augmented_star_gene_counts.tsv","DIF",0.831864002878322,0.831864002878322,0.619345257462494,0.568560658972229,0.310454875026255
"32c81ba3-dca1-4bbd-9e03-5899dc6e3b0b.rna_seq.augmented_star_gene_counts.tsv","DIF",0.803439907244607,0.803439907244607,0.615170201170991,0.312627645693735,0.321053647751946
"11cd1a63-6d3a-4038-a3d5-a3ac8976c6f0.rna_seq.augmented_star_gene_counts.tsv","MES",0.714524267895748,0.585644967263021,0.650891938929548,0.714524267895748,0.629389389808829
"017ba6ed-d634-4550-b2ab-2048d71b9830.rna_seq.augmented_star_gene_counts.tsv","PRO",0.808220324870118,0.0811456835779982,0.194380007983594,0.282152321640337,0.808220324870118
"f04b7806-98d3-45b7-a8dd-e50812a5ca3f.rna_seq.augmented_star_gene_counts.tsv","MES",0.818212592309158,0.554554920697919,0.649319904018203,0.818212592309158,0.426274806868229
"c643ec57-c47c-4196-b159-4b98b7f62728.rna_seq.augmented_star_gene_counts.tsv","IMR",0.976890505962202,0.737841192964414,0.976890505962202,0.405471390838708,0.149002759825413
"a883c598-9431-4b75-aed7-f2c8967bd020.rna_seq.augmented_star_gene_counts.tsv","DIF",0.665271482445524,0.665271482445524,0.579947855251935,0.227012209984356,0.231532080372311
"052a97e5-fd39-4af4-a29a-284bc185c9e7.rna_seq.augmented_star_gene_counts.tsv","PRO",0.801672684225814,0.418765585735435,0.314353597554897,0.520021474696292,0.801672684225814
"80422946-6ccc-40bd-bf90-e2b9a159a826.rna_seq.augmented_star_gene_counts.tsv","MES",0.802393472206296,0.720223811809084,0.652814049682846,0.802393472206296,0.361536917505636
"7c81d253-3d75-4f27-8cc1-b1ac20c77ff5.rna_seq.augmented_star_gene_counts.tsv","IMR",0.718718901688352,0.559411488069774,0.718718901688352,0.707912709222136,0.411983347288561
"4050c1a3-e430-4ab6-9e11-d267f48e51ad.rna_seq.augmented_star_gene_counts.tsv","DIF",0.789224441625778,0.789224441625778,0.481198364588612,0.452410009207686,0.496069918617142
"fb8ee269-a38b-47ef-b548-7804340e0cda.rna_seq.augmented_star_gene_counts.tsv","IMR",0.807468036925256,0.541219592411332,0.807468036925256,0.249849126336934,0.443443749199248
"852964b8-1f8e-4891-a1a4-a63186d841ab.rna_seq.augmented_star_gene_counts.tsv","IMR",0.6896311421468,0.620503789963048,0.6896311421468,0.364865883174292,0.37042757918826
"a235d4c4-13bf-4267-82b5-1a4c82d202b3.rna_seq.augmented_star_gene_counts.tsv","PRO",0.750842203511797,0.4003408656162,0.642909406233582,0.477486543225457,0.750842203511797
"d5e9bdbb-009d-420a-ab9b-7e584d16465f.rna_seq.augmented_star_gene_counts.tsv","IMR",0.801049614491749,0.602903634725219,0.801049614491749,0.700157202116773,0.431532891338805
"87ba5532-0958-4480-9f81-c567430216f2.rna_seq.augmented_star_gene_counts.tsv","PRO",0.879722393554204,0.121459356900948,0.0525768790997704,0.611829447124524,0.879722393554204
"15083e68-c064-4f08-9cd8-61a25547f754.rna_seq.augmented_star_gene_counts.tsv","DIF",0.600233251870338,0.600233251870338,0.446026531374746,0.319951567746135,0.382841014960247
"597eeda6-4844-4897-8fa6-8b42317b88d6.rna_seq.augmented_star_gene_counts.tsv","DIF",0.809464865614286,0.809464865614286,0.38080140777606,0.180327328624927,0.219775640168689
"c99daa88-5672-437c-af99-5b31f28ec087.rna_seq.augmented_star_gene_counts.tsv","DIF",0.681242576190616,0.681242576190616,0.582854010682294,0.429179222735745,0.42066964802803
"68831b64-75d3-410c-ab86-105d126690e9.rna_seq.augmented_star_gene_counts.tsv","MES",1,0.697827697085386,0.56305750932696,1,0.426233042218961
"7696baa7-abb2-4c3e-8c10-72bedc9d7b2d.rna_seq.augmented_star_gene_counts.tsv","PRO",0.678368647232809,0.34944267824511,0.595947748888109,0.33113596228228,0.678368647232809
"9d472afb-5cd1-41d2-b188-fa9f8b706d35.rna_seq.augmented_star_gene_counts.tsv","DIF",0.602960837485522,0.602960837485522,0.549109171535234,0.372909437703969,0.340163080957698
"3ea1cf0a-bbd2-40d2-b006-efdfe59d2ed5.rna_seq.augmented_star_gene_counts.tsv","MES",0.736146475226443,0.509443414533342,0.521137821227124,0.736146475226443,0.676641195719648
"b66a1ba2-0f0d-4eb0-8f60-ca07cf3bc997.rna_seq.augmented_star_gene_counts.tsv","PRO",0.854151661809749,0.251432561692667,0.098284456738952,0.505786739656663,0.854151661809749
"05a9121e-555a-49ee-ad73-4d0bf8771a82.rna_seq.augmented_star_gene_counts.tsv","IMR",0.784968457875983,0.589897517874298,0.784968457875983,0.747094747274327,0.484332641055483
"fa401e4b-6102-4c3e-8bc9-62fa94e1388e.rna_seq.augmented_star_gene_counts.tsv","PRO",0.69821232440617,0.432602165617195,0.452752660782148,0.305758350709921,0.69821232440617
"fdea882d-5c90-4536-b7b4-52144da6bff6.rna_seq.augmented_star_gene_counts.tsv","IMR",0.832542778627587,0.515905147867787,0.832542778627587,0.497089878998032,0.376642850351229
"2fb7ad5a-0ef2-4524-9fa8-4d61d1bb04e1.rna_seq.augmented_star_gene_counts.tsv","DIF",0.560181366245959,0.560181366245959,0.319554679352419,0.256992199431398,0.450436696393128
"39db5888-3562-40d9-9356-b463caa15cda.rna_seq.augmented_star_gene_counts.tsv","PRO",0.712798495030453,0.347457245148021,0.254255908836581,0.36968108104393,0.712798495030453
"be6fc173-98ff-4aa1-a7a9-14ac5cffebc4.rna_seq.augmented_star_gene_counts.tsv","IMR",0.760377140328598,0.695599675572936,0.760377140328598,0.520640949122744,0.398716472394126
"fcfc2db3-01ff-4f31-a8fc-7a5f1a7051f8.rna_seq.augmented_star_gene_counts.tsv","MES",0.753069999497975,0.357856797051764,0.265009055030726,0.753069999497975,0.488683846663739
"a437b3c5-4dce-41f1-a050-61055225ab47.rna_seq.augmented_star_gene_counts.tsv","IMR",0.640500051808116,0.506303882625631,0.640500051808116,0.327346285555141,0.347524675466039
"cd96deaf-e1fa-40b4-80e2-4652e18e65d6.rna_seq.augmented_star_gene_counts.tsv","DIF",0.894270488392316,0.894270488392316,0.343858769293903,0.301773962358011,0.349510486145737
"0855ce26-6e6d-44aa-902d-da4927765dd4.rna_seq.augmented_star_gene_counts.tsv","MES",0.728691205194291,0.456995981731623,0.613223131542541,0.728691205194291,0.567147283938489
"d2a6ca3a-7162-429c-9c19-9c9eb00fe149.rna_seq.augmented_star_gene_counts.tsv","IMR",0.777059790159126,0.692062736221505,0.777059790159126,0.542666116452702,0.342909827827179
"85b81e67-927d-43cd-b9d5-423aa7828e5a.rna_seq.augmented_star_gene_counts.tsv","IMR",0.874215894867734,0.5344343160358,0.874215894867734,0.525691940635242,0.420528208748752
"4951ff48-dfd1-4df5-b7ab-4bdd6ef8af67.rna_seq.augmented_star_gene_counts.tsv","DIF",0.795698898646802,0.795698898646802,0.526257778794672,0.695622819987978,0.287603590272823
"0d31f76f-d6b7-4d9f-83b7-fb0babab1231.rna_seq.augmented_star_gene_counts.tsv","DIF",0.901068295387239,0.901068295387239,0.561732321935453,0.302032239318478,0.130573197692512
"cadb3130-09b1-4e6a-b9ea-1c5182b2f1ed.rna_seq.augmented_star_gene_counts.tsv","IMR",0.584739101038423,0.357246281855179,0.584739101038423,0.501495324066686,0.422652441139446
"a0ad9d21-e690-4d20-ab62-d31a3b8d28eb.rna_seq.augmented_star_gene_counts.tsv","PRO",0.579905355374209,0.43907190789895,0.49947353995665,0.449079795065678,0.579905355374209
"d990fb46-63a9-4507-a950-e026c84cfb5a.rna_seq.augmented_star_gene_counts.tsv","DIF",0.675640652108106,0.675640652108106,0.540023055715361,0.289004043004853,0.383950713470964
"1bbd1089-ca5c-4e5e-88bd-30f1d293f86c.rna_seq.augmented_star_gene_counts.tsv","IMR",0.697245180169719,0.672689449389317,0.697245180169719,0.608383372052139,0.41374225332918
"9fa353e5-d096-480e-af87-f3441deea8dd.rna_seq.augmented_star_gene_counts.tsv","IMR",0.764456621136493,0.652851888247958,0.764456621136493,0.670461066752991,0.557938005920394
"d97460c3-e70c-4f30-b2e5-ec2ad1940e61.rna_seq.augmented_star_gene_counts.tsv","DIF",0.716292519666169,0.716292519666169,0.612355048037206,0.411269297264069,0.345061680454638
"4f01c248-9d66-4561-ab24-5301b843630a.rna_seq.augmented_star_gene_counts.tsv","DIF",0.739376461003946,0.739376461003946,0.589353517614826,0.035859136211949,0.331087761514813
"9e237ede-a8c8-4e90-a52e-521af59b147b.rna_seq.augmented_star_gene_counts.tsv","DIF",0.864843932447664,0.864843932447664,0.627619927326255,0.315509418138311,0.203445943309683
"a00f0490-91d3-4a33-b4bf-3a8c3013c97e.rna_seq.augmented_star_gene_counts.tsv","PRO",0.647524518678595,0.416849607268366,0.442785306178052,0.635299500151351,0.647524518678595
"c6e887f8-3f80-4099-b8dc-8b32a2a92065.rna_seq.augmented_star_gene_counts.tsv","PRO",0.915676410833393,0.124183653899056,0.392649936486954,0.813857801435441,0.915676410833393
"5943d83c-7366-4b4a-9815-c5459003a10e.rna_seq.augmented_star_gene_counts.tsv","IMR",0.602229360797047,0.473814880553069,0.602229360797047,0.502825145910504,0.490438981948013
"160a5991-0571-4f20-98e6-7b89850c435a.rna_seq.augmented_star_gene_counts.tsv","MES",0.728585073681998,0.540370797069578,0.698459906638277,0.728585073681998,0.297433913648894
"6ae5397f-2128-454e-bda8-c389d8e7ac05.rna_seq.augmented_star_gene_counts.tsv","PRO",0.689683103649107,0.4423403384714,0.415430165860187,0.455060151500703,0.689683103649107
"8455c6c2-16c8-47ce-80d2-6925795285f2.rna_seq.augmented_star_gene_counts.tsv","DIF",0.740096745892315,0.740096745892315,0.629221706009773,0.343710204508495,0.514925577478605
"12966fcf-89f5-4e10-82fc-1ca4de192ca7.rna_seq.augmented_star_gene_counts.tsv","DIF",0.703648583064745,0.703648583064745,0.355381889445798,0.419563837047028,0.591326508855639
"357f3b6f-7140-4c6d-8007-13508d2d7258.rna_seq.augmented_star_gene_counts.tsv","DIF",0.776578220235485,0.776578220235485,0.558395228532073,0.542406826982923,0.383785815474831
"d3e779d2-6fec-4c44-80b2-d7d61eb03c81.rna_seq.augmented_star_gene_counts.tsv","IMR",0.819202802594556,0.610833490174031,0.819202802594556,0.761574982587183,0.428819829058697
"92f4e389-2fba-483b-97d0-b4379a04bf68.rna_seq.augmented_star_gene_counts.tsv","MES",0.725517915574711,0.562970942031133,0.646089046884004,0.725517915574711,0.540983881662306
"55fc5d4b-7a9d-480b-b695-8d3ca13062f9.rna_seq.augmented_star_gene_counts.tsv","IMR",0.677651118351753,0.498758061862567,0.677651118351753,0.443639782176526,0.413582691813006
"1019e11f-92fd-42dd-b47a-5eff5fb10de5.rna_seq.augmented_star_gene_counts.tsv","DIF",0.894666967351673,0.894666967351673,0.674717928969412,0.670457921967199,0.295698345726938
"38c953af-559d-43e3-be40-d576a8d40b1f.rna_seq.augmented_star_gene_counts.tsv","DIF",0.735727563400783,0.735727563400783,0.633409880329733,0.645876515480625,0.388774588516432
"df4191dc-dd74-4197-bc35-d24807f0ceba.rna_seq.augmented_star_gene_counts.tsv","IMR",0.762053283818204,0.486698688927775,0.762053283818204,0.599400778005706,0.498263584067684
"d3d30fe1-8e55-436e-85b7-bff934cfcb8a.rna_seq.augmented_star_gene_counts.tsv","DIF",0.82208327746516,0.82208327746516,0.566772278033826,0.781248535890261,0.41399105520023
"9fcfa97a-90b3-4e91-9f4d-7001fbd02fc7.rna_seq.augmented_star_gene_counts.tsv","IMR",0.872259399411753,0.640397580417462,0.872259399411753,0.843294663108046,0.571690688910859
"9cfca6ea-1dc8-4e87-8cca-3878e58831a3.rna_seq.augmented_star_gene_counts.tsv","PRO",0.55451099065687,0.534190864161553,0.489994778134892,0.305744233165295,0.55451099065687
"780b1500-7b9f-4d17-87ef-10bd6a8acbf2.rna_seq.augmented_star_gene_counts.tsv","PRO",0.922412248630493,0,0.35847179979609,0.690402606275535,0.922412248630493
"65846af4-0d5e-43a8-9274-8714637543bd.rna_seq.augmented_star_gene_counts.tsv","IMR",0.88424243864835,0.845557036097643,0.88424243864835,0.306602473879843,0.265701346843501
"46d71567-d992-4687-bba2-f015c65e3778.rna_seq.augmented_star_gene_counts.tsv","PRO",0.576136596690988,0.39153930840159,0.49794314423695,0.362921819349403,0.576136596690988
"10a8816a-29ad-4503-b40b-fba675b64107.rna_seq.augmented_star_gene_counts.tsv","PRO",0.746488346447963,0.365088083105667,0.65717843134731,0.371234429642706,0.746488346447963
"82abd810-1a10-4eb8-911f-6393b01249fa.rna_seq.augmented_star_gene_counts.tsv","MES",0.763312640304612,0.658215768945957,0.504986469202758,0.763312640304612,0.452426295097471
"808d8dcb-f3e5-4d7e-8b70-90a254ebc4e2.rna_seq.augmented_star_gene_counts.tsv","DIF",0.616181010962642,0.616181010962642,0.612846201856159,0.606068729691782,0.308006656634279
"78b8f856-9896-41af-bb90-e35569bacc42.rna_seq.augmented_star_gene_counts.tsv","DIF",0.813022473958659,0.813022473958659,0.519130329215431,0.30842491460438,0.465047149217106
"1dfc59bb-c74b-485b-b1c6-b84fccd6bc12.rna_seq.augmented_star_gene_counts.tsv","PRO",0.866839598315443,0.00327479522345691,0.231565493736424,0.447290719927246,0.866839598315443
"4d26557f-db8a-4486-b265-df46a9779d86.rna_seq.augmented_star_gene_counts.tsv","MES",0.807211018022875,0.523609112234025,0.580926677807094,0.807211018022875,0.676207710960404
"8daad469-c921-477a-8786-721e9418795e.rna_seq.augmented_star_gene_counts.tsv","IMR",0.758697637357148,0.599014962247255,0.758697637357148,0.551971912941432,0.315631717789823
"eba440bf-7924-4bee-9c1b-684acc65aed5.rna_seq.augmented_star_gene_counts.tsv","DIF",0.66087700510691,0.66087700510691,0.587183050060573,0.311420172745682,0.391823040920293
"850ac9a7-0b03-493b-abd7-a2cad3ce1e23.rna_seq.augmented_star_gene_counts.tsv","IMR",0.679819889369527,0.482074925958087,0.679819889369527,0.371274387459227,0.477730071746746
"01b83536-edd8-482a-bff6-01d0bb9970d5.rna_seq.augmented_star_gene_counts.tsv","DIF",0.801571745336345,0.801571745336345,0.538358424449136,0.682952053843934,0.590900637783706
"09afd98b-1da0-4de9-be52-8f8f595c3dfe.rna_seq.augmented_star_gene_counts.tsv","IMR",0.671017274013056,0.55737551700933,0.671017274013056,0.564687270417466,0.420022863638456
"ca1f772a-da2c-4c21-9f25-f7c4144637c3.rna_seq.augmented_star_gene_counts.tsv","DIF",0.725726354729862,0.725726354729862,0.477597776721567,0.119767098625528,0.0471026402776879
"8c985ded-ab7e-4792-b373-8670db4f2ed7.rna_seq.augmented_star_gene_counts.tsv","DIF",0.728932247575454,0.728932247575454,0.560533996233625,0.318679183681723,0.537282484198897
"c5318c3f-ea9a-421a-be7c-26fa120568c6.rna_seq.augmented_star_gene_counts.tsv","DIF",0.552034444643372,0.552034444643372,0.509760754903558,0.549701895631894,0.465324634702513
"8ce770db-df49-4c86-b57b-3d98375f65c9.rna_seq.augmented_star_gene_counts.tsv","DIF",0.601799096433239,0.601799096433239,0.491536943825595,0.274701400345694,0.477741438768751
"2e3b43ae-a0aa-4d7e-a66e-07d4a88b16e8.rna_seq.augmented_star_gene_counts.tsv","PRO",0.816213538677083,0.345584191938837,0.344239531042418,0.300189236438362,0.816213538677083
"1bbb5ca6-937e-4f18-a2a5-b02d0738a4c9.rna_seq.augmented_star_gene_counts.tsv","PRO",0.690852401576579,0.514776639274781,0.630353752094387,0.553448682114222,0.690852401576579
"29d7b853-8865-4ac6-8640-701867c4ef6b.rna_seq.augmented_star_gene_counts.tsv","PRO",0.60978823687918,0.512836753612687,0.54214617701852,0.368098161630308,0.60978823687918
"1eacd17c-5634-465d-83d4-d39d136d0ce2.rna_seq.augmented_star_gene_counts.tsv","DIF",0.846739493819465,0.846739493819465,0.520712456423667,0.303114342489631,0.188056985844349
"85eefeaf-be74-41e0-980a-0b16bc47cbc9.rna_seq.augmented_star_gene_counts.tsv","IMR",0.779946372874819,0.5252796141717,0.779946372874819,0.410033690438233,0.40211053715305
"95184079-0806-49b9-8bf7-edd8aaca0ba2.rna_seq.augmented_star_gene_counts.tsv","IMR",0.866671728262455,0.719963148782136,0.866671728262455,0.632479248371017,0.231574753785091
